Age,Revenu,Montant_Credit,Duree_Mois,Score_Credit,Nb_Credits_Prec,Ratio_Dette_Revenu,Statut_Emploi,Niveau_Education,Type_Propriete,Historique_Credit,Objet_Credit,Defaut_Paiement
56,40.81,48.24,32,700,2,8.57,CDI,Master,Propriétaire,Bon,Immobilier,0
69,60.67,45.63,69,455,2,84.25,CDI,Master,Propriétaire,Bon,Immobilier,0
46,56.67,36.35,7,384,4,33.82,CDD,Licence,Propriétaire,Excellent,Professionnel,1
32,142.85,9.35,31,309,2,21.82,CDD,Licence,Propriétaire,Excellent,Automobile,0
60,145.59,17.34,74,437,5,87.15,CDI,Master,Propriétaire,Bon,Automobile,0
25,39.71,19.4,35,455,1,90.21,Indépendant,Bac,Autre,Excellent,Consommation,1
78,17.97,39.34,13,707,7,33.9,Indépendant,Bac,Propriétaire,Excellent,Automobile,0
38,112.2,41.1,43,524,10,35.48,CDI,Licence,Propriétaire,Excellent,Automobile,0
56,71.43,22.33,66,483,10,57.96,CDI,Master,Propriétaire,Bon,Automobile,1
75,26.99,23.8,70,494,8,73.34,Chômeur,Licence,Locataire,Excellent,Immobilier,1
36,107.31,7.0,72,695,6,6.31,CDD,Doctorat,Propriétaire,Bon,Immobilier,0
40,88.59,18.01,51,433,2,59.33,CDI,Bac,Locataire,Mauvais,Immobilier,1
28,147.37,25.31,77,608,10,95.28,CDI,Licence,Locataire,Excellent,Consommation,1
28,45.7,10.26,48,841,9,26.21,CDI,Licence,Autre,Bon,Immobilier,0
41,69.54,25.4,64,308,3,90.88,CDI,Master,Locataire,Acceptable,Automobile,0
70,88.24,43.39,51,469,9,95.02,Indépendant,Bac,Propriétaire,Bon,Automobile,1
53,121.88,31.16,77,589,1,26.92,CDI,Licence,Propriétaire,Excellent,Immobilier,0
57,89.09,8.55,40,467,8,75.42,CDI,Bac,Locataire,Excellent,Professionnel,1
41,97.74,13.63,44,643,4,23.88,CDI,Licence,Propriétaire,Bon,Professionnel,0
20,45.53,26.35,56,796,1,73.76,Indépendant,Master,Propriétaire,Bon,Immobilier,0
39,129.33,21.27,9,444,9,79.74,CDI,Licence,Autre,Excellent,Consommation,1
70,72.87,21.14,82,712,5,24.72,CDI,Master,Locataire,Acceptable,Automobile,0
19,34.03,28.82,56,756,6,71.59,CDD,Master,Locataire,Acceptable,Consommation,1
41,104.67,31.3,10,601,1,81.21,CDI,Bac,Locataire,Bon,Immobilier,1
61,44.17,40.86,60,345,0,35.86,CDI,Master,Locataire,Acceptable,Immobilier,1
47,28.17,20.34,25,316,6,16.77,CDI,Bac,Locataire,Excellent,Consommation,1
55,131.37,41.25,29,659,0,9.2,Indépendant,Bac,Propriétaire,Acceptable,Consommation,0
19,77.12,20.24,41,560,2,57.54,Retraité,Licence,Autre,Excellent,Automobile,0
77,116.15,7.49,39,422,3,97.81,CDI,Master,Propriétaire,Acceptable,Consommation,0
38,54.23,29.94,59,530,1,82.3,CDI,Licence,Locataire,Excellent,Consommation,1
50,121.24,31.46,39,411,6,43.58,CDI,Bac,Propriétaire,Bon,Immobilier,1
29,30.11,47.05,22,545,4,53.66,Indépendant,Master,Propriétaire,Excellent,Immobilier,1
75,63.06,37.67,10,690,0,27.95,CDD,Master,Locataire,Acceptable,Immobilier,0
39,147.04,46.3,23,691,7,16.31,Indépendant,Bac,Propriétaire,Excellent,Consommation,0
78,122.19,45.88,60,627,9,48.21,CDD,Licence,Locataire,Excellent,Professionnel,1
61,82.13,32.21,58,514,6,46.35,Chômeur,Bac,Locataire,Excellent,Automobile,1
42,60.87,28.75,55,666,3,52.19,Chômeur,Licence,Locataire,Excellent,Consommation,1
66,132.74,30.08,77,381,1,95.28,Indépendant,Licence,Propriétaire,Acceptable,Consommation,0
44,88.55,49.02,84,375,6,60.39,CDD,Licence,Propriétaire,Mauvais,Immobilier,1
76,117.39,39.79,50,826,10,60.58,CDI,Bac,Locataire,Acceptable,Immobilier,1
80,116.8,9.78,18,802,1,12.8,CDD,Master,Propriétaire,Acceptable,Automobile,0
59,17.42,40.03,21,778,5,99.65,CDD,Bac,Propriétaire,Excellent,Automobile,0
45,32.04,12.67,18,671,0,77.28,CDD,Licence,Propriétaire,Excellent,Consommation,1
77,104.05,25.13,25,564,6,87.72,CDI,Bac,Locataire,Bon,Immobilier,1
33,36.82,14.47,71,563,6,41.43,CDD,Licence,Locataire,Mauvais,Automobile,1
32,49.49,36.03,52,409,3,50.21,CDD,Bac,Propriétaire,Acceptable,Consommation,1
79,142.8,44.48,24,606,3,52.21,CDD,Licence,Locataire,Bon,Immobilier,1
79,90.62,18.07,50,499,9,19.41,CDI,Licence,Locataire,Excellent,Automobile,0
64,116.35,8.69,42,525,4,68.95,CDI,Bac,Locataire,Excellent,Immobilier,0
79,90.33,18.43,59,484,1,90.3,CDI,Bac,Propriétaire,Bon,Automobile,0
68,89.59,35.26,11,330,8,16.37,Chômeur,Licence,Locataire,Acceptable,Consommation,1
61,27.71,19.79,19,398,9,8.63,CDD,Bac,Propriétaire,Excellent,Immobilier,0
72,61.39,17.52,9,638,3,73.82,CDI,Licence,Locataire,Acceptable,Consommation,1
69,53.13,13.3,60,565,10,27.32,CDI,Licence,Locataire,Mauvais,Immobilier,1
74,67.75,27.39,39,649,8,62.39,CDD,Licence,Locataire,Acceptable,Immobilier,1
20,122.78,17.42,32,843,2,69.58,CDI,Doctorat,Propriétaire,Mauvais,Automobile,1
54,65.21,37.9,12,756,8,32.19,Retraité,Licence,Locataire,Excellent,Consommation,1
68,75.98,8.45,8,387,0,81.51,CDD,Master,Propriétaire,Mauvais,Immobilier,1
24,68.65,34.88,52,362,6,55.0,CDI,Master,Propriétaire,Bon,Immobilier,1
38,27.61,15.69,7,686,3,86.9,CDD,Master,Locataire,Acceptable,Consommation,0
26,74.54,27.02,30,758,6,76.33,CDI,Bac,Locataire,Excellent,Automobile,0
56,41.41,17.87,65,568,9,86.86,Indépendant,Master,Propriétaire,Bon,Immobilier,1
35,40.21,37.52,84,645,5,2.02,CDI,Master,Propriétaire,Excellent,Immobilier,1
21,27.69,47.54,29,377,3,24.35,Retraité,Licence,Propriétaire,Excellent,Consommation,0
42,63.15,46.27,20,664,3,9.0,CDD,Licence,Locataire,Mauvais,Professionnel,1
77,117.26,31.25,19,313,7,44.21,Indépendant,Doctorat,Locataire,Acceptable,Immobilier,1
31,52.32,25.82,59,435,6,89.0,CDI,Licence,Locataire,Bon,Automobile,1
67,57.17,41.82,83,603,3,46.75,CDI,Licence,Propriétaire,Bon,Immobilier,1
75,101.76,35.75,11,696,10,84.97,Indépendant,Master,Autre,Acceptable,Consommation,0
26,41.44,13.26,83,378,5,32.72,CDD,Licence,Locataire,Bon,Immobilier,1
43,136.09,41.94,23,717,5,33.96,CDI,Bac,Locataire,Acceptable,Immobilier,0
70,85.23,24.3,25,541,0,89.56,CDI,Licence,Locataire,Bon,Consommation,1
19,75.43,13.5,67,350,1,42.58,CDI,Licence,Autre,Bon,Immobilier,1
37,90.31,17.68,45,683,3,78.98,CDD,Master,Locataire,Mauvais,Immobilier,1
45,37.41,17.04,44,674,5,23.66,CDI,Licence,Locataire,Bon,Professionnel,1
64,97.82,28.36,57,505,5,94.88,CDI,Master,Propriétaire,Bon,Professionnel,0
77,64.02,15.55,37,788,0,57.46,CDI,Licence,Locataire,Mauvais,Immobilier,0
24,136.12,10.56,78,680,7,75.93,CDI,Licence,Locataire,Mauvais,Automobile,0
61,37.8,10.57,32,610,1,8.95,CDI,Bac,Locataire,Mauvais,Automobile,1
78,83.45,31.25,57,674,4,49.27,Retraité,Licence,Propriétaire,Bon,Automobile,0
25,95.75,38.06,68,341,3,90.1,CDI,Master,Propriétaire,Bon,Professionnel,1
64,19.51,19.47,79,832,4,87.7,Chômeur,Bac,Locataire,Excellent,Consommation,0
52,64.1,6.56,68,821,4,4.68,CDI,Master,Locataire,Excellent,Consommation,0
31,113.91,10.73,22,452,9,30.37,CDI,Bac,Locataire,Acceptable,Immobilier,1
34,125.75,46.16,54,611,7,44.33,CDI,Bac,Propriétaire,Excellent,Automobile,0
53,57.28,27.21,28,593,9,17.23,CDD,Bac,Propriétaire,Bon,Automobile,1
67,122.81,25.41,77,412,6,73.0,CDD,Master,Propriétaire,Mauvais,Immobilier,1
57,145.65,6.71,18,411,8,18.45,CDD,Bac,Propriétaire,Mauvais,Immobilier,1
21,130.68,37.79,28,474,10,34.66,CDI,Licence,Propriétaire,Excellent,Immobilier,0
19,30.88,28.76,62,601,0,66.33,Chômeur,Licence,Locataire,Bon,Immobilier,1
79,114.86,14.09,67,815,5,48.21,Retraité,Licence,Locataire,Acceptable,Immobilier,0
23,58.16,9.95,59,520,5,73.86,CDI,Licence,Propriétaire,Bon,Immobilier,1
71,148.44,22.25,25,470,1,96.12,CDD,Licence,Locataire,Acceptable,Immobilier,1
59,80.52,42.67,57,617,10,11.65,CDD,Master,Locataire,Acceptable,Automobile,0
21,31.53,43.94,28,512,7,70.96,CDI,Licence,Autre,Bon,Automobile,1
71,112.9,32.13,40,552,5,23.03,CDI,Bac,Locataire,Bon,Immobilier,0
46,58.61,37.74,72,423,10,41.45,CDD,Licence,Propriétaire,Bon,Professionnel,0
80,149.61,10.18,39,512,9,3.29,Indépendant,Licence,Propriétaire,Acceptable,Automobile,1
35,147.27,31.47,38,384,8,13.59,CDI,Licence,Propriétaire,Bon,Consommation,1
43,103.58,35.01,51,815,9,31.98,CDD,Master,Locataire,Acceptable,Professionnel,1
61,32.53,14.03,50,364,4,34.2,Chômeur,Master,Locataire,Mauvais,Immobilier,1
51,107.73,44.61,24,617,6,89.96,CDI,Bac,Propriétaire,Bon,Automobile,0
27,27.56,13.77,20,645,5,74.18,CDI,Licence,Locataire,Mauvais,Automobile,1
79,18.96,19.11,83,542,10,97.22,Indépendant,Master,Propriétaire,Bon,Automobile,1
53,126.1,32.93,71,436,4,59.91,CDI,Master,Autre,Acceptable,Immobilier,1
31,43.32,33.73,44,546,5,24.17,CDI,Licence,Propriétaire,Excellent,Consommation,0
48,66.17,36.47,23,740,3,32.77,CDI,Licence,Propriétaire,Bon,Immobilier,0
65,146.42,10.04,75,344,2,31.98,CDI,Master,Propriétaire,Bon,Professionnel,1
32,60.47,43.23,64,388,0,32.65,Chômeur,Licence,Propriétaire,Bon,Consommation,1
25,55.03,28.98,37,527,0,67.3,CDD,Licence,Locataire,Excellent,Automobile,1
31,138.96,26.21,26,590,5,53.08,CDI,Master,Propriétaire,Acceptable,Immobilier,1
40,29.95,49.15,45,721,8,38.54,CDD,Master,Locataire,Bon,Automobile,1
77,117.54,38.32,32,366,7,14.91,Retraité,Bac,Propriétaire,Mauvais,Immobilier,1
74,148.39,10.31,7,550,1,2.21,CDI,Licence,Propriétaire,Bon,Immobilier,0
79,136.67,39.04,44,340,8,21.88,CDI,Licence,Locataire,Excellent,Consommation,0
57,102.98,9.29,61,398,7,10.75,Retraité,Master,Autre,Bon,Automobile,1
38,57.4,6.24,18,605,8,78.54,Retraité,Doctorat,Propriétaire,Mauvais,Automobile,1
33,49.33,23.16,61,755,3,11.25,CDI,Master,Autre,Bon,Consommation,1
62,125.6,49.71,71,600,8,72.42,CDI,Licence,Locataire,Excellent,Immobilier,1
35,133.78,12.87,83,498,1,38.57,CDI,Bac,Propriétaire,Mauvais,Automobile,0
64,85.93,35.27,61,787,0,7.34,CDI,Licence,Locataire,Excellent,Automobile,1
70,47.99,12.8,33,405,8,81.27,CDD,Licence,Propriétaire,Acceptable,Automobile,0
41,30.25,37.62,69,700,9,57.96,CDI,Licence,Propriétaire,Bon,Consommation,1
43,26.77,27.74,76,776,7,23.58,CDI,Licence,Locataire,Bon,Professionnel,1
42,112.08,35.6,69,421,6,89.47,CDD,Licence,Propriétaire,Bon,Automobile,1
77,71.72,14.13,61,376,7,4.53,Retraité,Master,Propriétaire,Mauvais,Automobile,0
77,137.22,38.55,46,611,0,20.18,CDI,Bac,Propriétaire,Mauvais,Automobile,1
77,114.86,49.8,46,411,8,75.2,CDI,Master,Locataire,Bon,Consommation,0
62,40.82,34.95,9,817,9,70.94,Retraité,Licence,Locataire,Bon,Consommation,0
58,97.86,27.21,62,496,10,28.93,CDD,Master,Propriétaire,Excellent,Immobilier,0
46,73.79,46.54,35,397,8,6.2,CDI,Licence,Locataire,Excellent,Immobilier,1
32,92.93,5.71,51,758,10,85.81,CDI,Bac,Propriétaire,Bon,Professionnel,0
62,114.64,37.85,61,529,8,31.37,CDI,Bac,Locataire,Bon,Immobilier,0
18,123.84,44.99,36,467,5,19.57,CDD,Bac,Locataire,Excellent,Automobile,1
42,128.9,7.78,12,307,3,51.61,CDI,Bac,Locataire,Bon,Consommation,0
24,49.29,25.25,82,471,1,91.02,CDI,Master,Locataire,Acceptable,Immobilier,1
26,19.2,14.21,59,659,10,4.35,CDI,Bac,Locataire,Acceptable,Automobile,0
41,114.8,30.49,13,494,3,76.58,CDI,Licence,Propriétaire,Bon,Immobilier,0
18,29.36,34.23,60,568,6,57.25,CDD,Bac,Locataire,Acceptable,Professionnel,1
61,57.51,18.62,74,318,0,42.54,CDI,Licence,Propriétaire,Bon,Immobilier,1
25,15.52,25.7,49,653,8,74.41,CDI,Master,Propriétaire,Bon,Automobile,0
41,107.03,17.57,18,348,2,96.58,Chômeur,Licence,Propriétaire,Acceptable,Automobile,1
80,37.56,21.62,25,763,3,22.92,CDD,Licence,Propriétaire,Acceptable,Consommation,1
28,103.46,12.18,83,655,4,14.36,CDI,Master,Locataire,Bon,Immobilier,0
68,148.89,44.85,37,457,2,91.29,CDD,Bac,Locataire,Bon,Automobile,0
34,24.81,5.45,65,365,3,66.9,CDI,Master,Propriétaire,Mauvais,Immobilier,1
25,25.41,44.71,55,607,4,43.8,Indépendant,Licence,Propriétaire,Bon,Immobilier,1
52,60.95,30.73,32,636,0,57.33,Indépendant,Bac,Propriétaire,Bon,Consommation,1
52,131.96,19.92,30,420,8,74.56,CDD,Licence,Locataire,Acceptable,Immobilier,1
50,44.1,37.54,57,703,9,77.3,Indépendant,Bac,Propriétaire,Excellent,Consommation,1
76,63.65,27.85,73,395,9,91.99,CDI,Master,Propriétaire,Bon,Consommation,0
22,24.25,27.46,26,413,3,42.68,Indépendant,Bac,Locataire,Mauvais,Professionnel,1
59,118.03,9.96,23,728,8,29.34,CDI,Bac,Locataire,Bon,Automobile,0
56,70.12,22.53,44,839,3,63.97,CDI,Licence,Propriétaire,Bon,Immobilier,1
75,117.5,15.85,20,301,0,41.57,Chômeur,Licence,Propriétaire,Bon,Automobile,1
58,136.99,5.71,58,511,4,59.46,CDD,Master,Locataire,Excellent,Professionnel,1
45,46.42,21.2,43,632,8,42.0,Retraité,Bac,Propriétaire,Bon,Consommation,1
24,124.0,9.04,53,323,2,15.3,CDI,Master,Propriétaire,Excellent,Automobile,0
26,22.98,16.56,57,667,4,46.94,CDD,Doctorat,Locataire,Bon,Professionnel,0
25,136.34,9.16,77,805,2,69.09,CDI,Licence,Autre,Bon,Consommation,0
29,102.85,9.54,33,475,2,79.93,CDD,Master,Propriétaire,Bon,Professionnel,1
51,133.02,13.96,21,728,0,49.33,CDI,Licence,Propriétaire,Bon,Consommation,0
50,15.03,49.99,21,741,1,16.52,CDI,Bac,Propriétaire,Excellent,Consommation,1
65,37.83,5.1,40,847,1,41.47,CDI,Licence,Locataire,Bon,Consommation,0
72,67.62,33.74,22,813,8,78.63,Indépendant,Bac,Propriétaire,Bon,Immobilier,0
40,66.23,11.36,78,660,6,41.29,CDI,Doctorat,Locataire,Excellent,Professionnel,0
79,45.61,46.43,57,573,7,69.65,Indépendant,Bac,Locataire,Acceptable,Immobilier,0
41,66.52,9.21,17,476,1,50.72,CDI,Licence,Autre,Acceptable,Automobile,0
54,32.39,47.98,53,563,8,24.12,CDI,Bac,Locataire,Bon,Consommation,1
52,70.72,32.49,27,485,2,79.62,CDI,Licence,Propriétaire,Excellent,Consommation,1
61,123.32,5.06,54,826,9,8.42,Retraité,Bac,Propriétaire,Excellent,Consommation,0
57,79.67,45.23,57,578,1,52.49,CDI,Master,Propriétaire,Bon,Automobile,1
39,17.43,28.48,84,497,0,20.89,CDI,Bac,Locataire,Excellent,Automobile,1
44,71.89,16.82,6,648,8,6.71,Indépendant,Master,Locataire,Excellent,Immobilier,0
52,18.67,39.53,71,720,7,50.29,CDI,Master,Locataire,Bon,Automobile,1
18,145.44,46.7,69,604,10,49.96,Indépendant,Licence,Propriétaire,Mauvais,Consommation,1
52,32.21,26.77,13,363,3,70.69,CDI,Bac,Locataire,Acceptable,Immobilier,1
54,110.54,19.2,30,589,6,74.48,CDD,Bac,Locataire,Acceptable,Automobile,1
64,146.32,40.5,71,317,2,72.78,CDI,Master,Locataire,Excellent,Immobilier,1
31,126.52,35.68,78,363,2,40.96,CDD,Bac,Locataire,Excellent,Consommation,0
20,109.41,44.99,78,629,3,63.17,Indépendant,Bac,Locataire,Excellent,Immobilier,0
18,128.33,36.16,82,316,1,57.69,Indépendant,Licence,Locataire,Mauvais,Consommation,1
22,147.54,15.96,75,742,9,42.16,CDD,Bac,Propriétaire,Bon,Automobile,1
43,98.88,46.92,84,440,3,59.72,Chômeur,Bac,Propriétaire,Bon,Immobilier,1
72,90.49,9.72,56,607,9,94.72,CDI,Licence,Propriétaire,Bon,Consommation,1
80,99.81,17.06,58,743,2,19.29,CDI,Licence,Propriétaire,Acceptable,Automobile,0
31,86.91,28.41,20,795,7,90.58,CDD,Bac,Locataire,Bon,Automobile,0
56,100.74,30.46,55,725,10,5.35,CDD,Licence,Locataire,Bon,Consommation,1
44,75.73,5.69,76,774,1,30.84,CDI,Licence,Locataire,Mauvais,Consommation,0
26,44.49,40.13,80,544,10,28.81,CDD,Master,Propriétaire,Bon,Consommation,0
32,31.23,21.27,43,749,8,62.64,CDI,Bac,Propriétaire,Bon,Consommation,0
32,24.23,23.29,45,650,2,13.12,Indépendant,Licence,Propriétaire,Bon,Automobile,0
43,50.55,41.42,71,460,3,88.23,Indépendant,Licence,Propriétaire,Acceptable,Automobile,0
59,21.23,22.07,44,439,9,82.86,CDD,Licence,Autre,Bon,Immobilier,1
77,91.57,7.13,79,792,9,65.21,CDI,Bac,Propriétaire,Excellent,Professionnel,0
30,53.32,12.94,22,830,2,45.84,CDD,Bac,Propriétaire,Acceptable,Professionnel,1
68,126.31,48.02,12,692,2,93.3,Indépendant,Master,Propriétaire,Bon,Automobile,0
80,25.02,8.17,44,700,7,83.07,CDI,Licence,Locataire,Mauvais,Immobilier,1
49,45.56,20.97,73,349,7,49.93,CDD,Licence,Locataire,Bon,Immobilier,1
56,113.58,27.64,40,594,5,70.19,Retraité,Master,Propriétaire,Bon,Consommation,0
66,95.84,27.2,56,724,3,56.69,CDI,Licence,Locataire,Excellent,Immobilier,0
69,23.71,5.18,52,311,0,58.79,CDI,Licence,Locataire,Acceptable,Consommation,1
78,133.43,27.55,41,634,3,33.1,CDI,Bac,Propriétaire,Acceptable,Professionnel,0
49,133.43,22.27,69,314,7,46.21,CDD,Master,Propriétaire,Bon,Professionnel,1
21,59.61,48.74,18,327,5,7.81,Chômeur,Licence,Propriétaire,Bon,Immobilier,0
47,60.95,12.16,23,687,1,35.73,CDD,Licence,Propriétaire,Mauvais,Professionnel,1
54,148.52,20.94,26,591,2,69.58,CDI,Licence,Locataire,Bon,Consommation,1
40,99.53,23.88,70,549,6,95.32,CDD,Master,Propriétaire,Excellent,Immobilier,1
56,86.73,22.58,13,804,10,96.31,CDD,Master,Propriétaire,Mauvais,Automobile,0
62,128.15,34.96,53,397,10,55.57,CDD,Bac,Propriétaire,Acceptable,Consommation,1
32,53.51,14.7,48,636,3,60.66,CDI,Licence,Propriétaire,Bon,Professionnel,1
60,72.94,14.95,58,338,3,18.57,CDD,Licence,Locataire,Mauvais,Immobilier,1
46,51.15,37.81,32,337,4,69.53,CDI,Bac,Propriétaire,Excellent,Immobilier,0
53,121.54,27.51,24,599,7,7.07,CDI,Master,Propriétaire,Excellent,Automobile,0
30,92.4,23.68,28,478,6,28.47,CDD,Bac,Locataire,Acceptable,Professionnel,1
49,103.94,12.61,55,768,8,66.84,Retraité,Licence,Propriétaire,Excellent,Professionnel,0
24,49.06,13.44,56,581,4,31.03,CDI,Licence,Propriétaire,Mauvais,Immobilier,0
76,44.73,5.47,48,463,0,4.98,Retraité,Licence,Propriétaire,Acceptable,Immobilier,1
68,80.93,9.11,56,752,3,83.19,CDI,Licence,Propriétaire,Bon,Professionnel,1
39,114.57,30.06,74,396,5,31.03,Indépendant,Doctorat,Propriétaire,Acceptable,Consommation,1
45,85.91,45.13,46,608,5,6.31,CDI,Licence,Propriétaire,Excellent,Professionnel,0
19,19.41,17.92,77,561,8,7.48,CDI,Bac,Propriétaire,Bon,Consommation,0
59,132.25,19.75,16,592,9,25.18,CDD,Licence,Locataire,Mauvais,Immobilier,1
62,23.73,10.2,57,548,4,17.8,CDD,Bac,Propriétaire,Acceptable,Consommation,0
79,144.04,22.49,28,544,4,77.43,Indépendant,Bac,Autre,Bon,Immobilier,0
74,18.39,6.67,54,550,5,32.17,CDD,Bac,Propriétaire,Excellent,Consommation,0
70,108.75,46.29,43,422,10,80.47,CDD,Bac,Locataire,Excellent,Automobile,0
23,26.1,35.29,52,624,5,17.38,Chômeur,Licence,Locataire,Bon,Professionnel,1
45,137.94,49.58,77,800,2,49.29,CDD,Licence,Propriétaire,Bon,Professionnel,0
45,77.7,44.73,12,365,5,68.8,CDI,Bac,Locataire,Excellent,Immobilier,1
61,33.57,26.28,71,358,7,65.2,CDI,Master,Locataire,Bon,Immobilier,1
61,61.01,28.39,82,797,5,60.11,CDI,Bac,Propriétaire,Acceptable,Automobile,1
37,37.25,13.58,67,672,10,92.48,Indépendant,Master,Autre,Bon,Consommation,1
47,38.03,25.79,34,565,4,22.85,CDI,Licence,Propriétaire,Excellent,Consommation,0
79,142.99,45.64,43,535,2,49.37,CDI,Bac,Propriétaire,Mauvais,Professionnel,1
28,75.11,7.29,38,517,0,88.4,CDI,Doctorat,Locataire,Bon,Automobile,1
75,121.49,43.86,34,826,4,7.79,CDD,Licence,Propriétaire,Acceptable,Immobilier,0
72,101.35,20.34,84,740,5,5.59,CDI,Licence,Locataire,Excellent,Immobilier,0
45,106.32,45.48,28,705,5,23.33,CDI,Bac,Locataire,Bon,Immobilier,1
42,32.78,47.34,8,768,5,63.3,CDD,Master,Autre,Bon,Consommation,0
56,46.61,35.19,50,409,2,25.99,Indépendant,Licence,Propriétaire,Bon,Professionnel,0
79,121.21,34.9,13,652,3,19.02,CDI,Bac,Autre,Bon,Immobilier,0
50,146.05,25.37,34,390,2,45.88,CDD,Bac,Propriétaire,Excellent,Consommation,1
18,50.46,42.6,7,713,1,61.36,CDI,Master,Propriétaire,Bon,Automobile,0
74,51.66,48.27,55,372,7,24.86,Chômeur,Bac,Locataire,Bon,Immobilier,1
44,78.84,39.88,70,846,6,30.07,CDI,Bac,Locataire,Excellent,Automobile,0
79,147.82,32.99,25,597,10,61.36,Retraité,Licence,Propriétaire,Mauvais,Automobile,0
74,51.31,32.31,57,582,7,94.57,Retraité,Master,Locataire,Acceptable,Professionnel,1
69,69.94,43.23,42,804,5,67.47,Indépendant,Bac,Propriétaire,Acceptable,Automobile,0
30,135.35,29.35,77,497,10,78.29,CDI,Bac,Locataire,Acceptable,Immobilier,0
58,15.39,41.17,32,331,6,36.68,CDD,Master,Autre,Excellent,Consommation,1
20,20.37,27.9,52,640,0,27.23,CDI,Bac,Propriétaire,Bon,Professionnel,0
56,96.55,7.81,11,633,9,45.43,Chômeur,Licence,Propriétaire,Acceptable,Automobile,1
23,137.5,22.28,65,442,4,80.71,Indépendant,Doctorat,Locataire,Excellent,Immobilier,0
25,47.25,25.0,50,709,3,45.63,Retraité,Master,Propriétaire,Bon,Immobilier,0
44,78.4,11.37,49,343,9,84.67,CDD,Bac,Locataire,Bon,Immobilier,1
26,75.81,9.61,23,331,2,98.88,CDD,Licence,Propriétaire,Excellent,Immobilier,1
79,78.85,29.1,70,327,1,7.2,CDD,Bac,Propriétaire,Bon,Professionnel,1
54,99.04,8.83,30,722,8,4.54,CDI,Master,Propriétaire,Mauvais,Immobilier,0
50,78.42,18.63,32,790,7,14.96,CDD,Doctorat,Propriétaire,Acceptable,Automobile,1
68,75.41,38.51,12,459,9,38.44,CDD,Bac,Locataire,Bon,Consommation,1
59,79.03,48.4,49,506,1,13.1,Chômeur,Licence,Propriétaire,Bon,Consommation,1
61,94.77,37.3,34,317,5,87.07,CDD,Master,Locataire,Excellent,Immobilier,1
41,87.5,49.67,49,402,2,2.31,Chômeur,Bac,Locataire,Bon,Automobile,1
32,130.31,36.43,41,531,2,31.58,Chômeur,Bac,Propriétaire,Acceptable,Immobilier,1
76,21.68,18.22,24,723,4,18.47,CDD,Bac,Locataire,Bon,Immobilier,0
71,127.5,35.24,11,846,6,93.15,CDI,Licence,Locataire,Acceptable,Immobilier,0
49,128.93,36.6,30,538,6,66.95,CDD,Master,Locataire,Bon,Automobile,0
49,53.46,21.73,36,633,10,91.2,CDI,Master,Locataire,Bon,Immobilier,1
41,77.49,5.8,14,448,9,97.23,CDI,Bac,Propriétaire,Acceptable,Automobile,1
58,74.2,36.64,79,707,0,49.71,CDI,Bac,Locataire,Acceptable,Immobilier,1
69,44.5,5.98,42,316,10,23.43,Retraité,Licence,Propriétaire,Acceptable,Professionnel,1
66,68.57,33.4,32,525,6,19.37,CDI,Master,Propriétaire,Mauvais,Automobile,0
79,20.99,12.36,18,559,6,22.29,CDD,Licence,Locataire,Acceptable,Consommation,1
66,52.51,30.45,46,473,5,70.86,Indépendant,Licence,Propriétaire,Acceptable,Immobilier,1
75,125.25,27.68,71,504,5,4.04,CDD,Licence,Locataire,Acceptable,Consommation,1
69,53.42,5.61,29,714,1,5.14,CDD,Bac,Propriétaire,Bon,Automobile,0
29,125.46,21.33,49,807,2,60.81,Indépendant,Licence,Propriétaire,Bon,Immobilier,0
79,86.77,32.05,65,452,2,64.21,CDI,Doctorat,Propriétaire,Bon,Consommation,1
56,133.78,43.19,14,402,2,66.53,CDI,Bac,Locataire,Bon,Consommation,1
19,92.6,44.99,7,364,1,37.19,Retraité,Licence,Propriétaire,Acceptable,Professionnel,1
20,19.01,26.77,61,416,8,80.59,CDI,Bac,Propriétaire,Excellent,Consommation,0
66,106.18,37.78,35,455,5,53.36,CDD,Licence,Locataire,Excellent,Immobilier,1
54,21.06,19.24,27,381,1,10.55,CDD,Licence,Propriétaire,Acceptable,Immobilier,0
66,75.83,20.4,80,817,2,79.71,CDI,Licence,Propriétaire,Excellent,Automobile,1
73,140.47,13.75,18,366,9,95.31,Retraité,Master,Locataire,Excellent,Immobilier,1
34,37.3,30.29,76,537,5,6.0,Indépendant,Licence,Locataire,Bon,Consommation,0
76,67.63,19.16,21,625,3,39.14,CDI,Licence,Propriétaire,Acceptable,Automobile,0
66,113.53,8.8,50,366,6,48.75,Retraité,Bac,Locataire,Bon,Professionnel,1
19,134.1,35.83,70,475,5,14.65,Indépendant,Master,Propriétaire,Mauvais,Automobile,1
19,105.58,36.85,16,777,5,86.77,CDD,Bac,Propriétaire,Excellent,Automobile,0
45,49.85,21.2,75,554,2,28.41,CDD,Master,Locataire,Acceptable,Immobilier,1
71,106.07,8.45,25,362,10,78.3,CDI,Bac,Locataire,Bon,Immobilier,1
40,55.06,24.18,68,702,7,67.1,CDD,Bac,Propriétaire,Excellent,Consommation,1
54,111.99,24.91,17,491,8,59.8,CDI,Bac,Propriétaire,Bon,Professionnel,0
49,143.79,35.09,67,628,5,19.21,CDD,Doctorat,Propriétaire,Excellent,Automobile,0
50,112.39,19.19,47,370,1,22.07,CDD,Licence,Propriétaire,Bon,Consommation,1
18,131.49,35.72,74,362,0,4.73,Chômeur,Bac,Locataire,Bon,Automobile,1
36,15.28,44.22,63,596,2,24.07,Indépendant,Bac,Locataire,Excellent,Professionnel,1
79,111.87,15.69,10,544,2,34.54,CDI,Licence,Propriétaire,Acceptable,Immobilier,1
19,126.99,49.05,32,818,7,83.31,Chômeur,Bac,Locataire,Bon,Automobile,1
70,20.48,22.39,33,692,4,36.64,CDD,Licence,Locataire,Mauvais,Automobile,1
61,132.67,17.03,31,476,0,75.46,CDD,Bac,Propriétaire,Acceptable,Automobile,1
43,49.65,23.97,54,503,10,43.94,CDI,Licence,Locataire,Excellent,Immobilier,1
49,104.81,9.25,26,832,3,78.49,Chômeur,Bac,Locataire,Bon,Automobile,0
23,123.05,10.66,6,427,6,97.63,Chômeur,Licence,Propriétaire,Bon,Automobile,1
49,104.46,23.65,63,494,4,23.98,Indépendant,Licence,Locataire,Acceptable,Immobilier,1
72,27.46,39.31,84,493,9,86.23,Chômeur,Bac,Locataire,Acceptable,Consommation,1
21,95.5,45.51,60,483,5,62.18,CDI,Licence,Propriétaire,Bon,Consommation,0
72,89.19,34.92,31,546,9,81.73,Chômeur,Licence,Propriétaire,Excellent,Consommation,0
28,136.54,9.73,30,623,3,65.16,CDD,Bac,Locataire,Bon,Automobile,1
73,69.57,35.24,82,459,1,42.39,CDI,Licence,Locataire,Acceptable,Immobilier,1
76,58.35,33.59,38,365,8,22.81,CDD,Licence,Locataire,Acceptable,Automobile,1
34,116.23,41.26,77,553,1,7.0,CDD,Licence,Propriétaire,Acceptable,Immobilier,0
80,70.71,42.14,74,582,1,53.55,CDI,Bac,Locataire,Acceptable,Automobile,1
55,102.22,44.07,11,359,1,99.03,CDI,Bac,Propriétaire,Excellent,Immobilier,1
41,102.27,23.64,28,417,0,73.8,CDI,Bac,Propriétaire,Mauvais,Automobile,1
22,134.89,36.4,35,722,2,32.73,CDI,Licence,Propriétaire,Mauvais,Immobilier,1
69,95.82,17.07,83,335,5,82.72,CDI,Licence,Locataire,Excellent,Immobilier,1
51,82.79,49.97,59,830,6,76.9,CDI,Licence,Propriétaire,Excellent,Professionnel,0
23,33.75,12.89,16,390,0,28.16,CDI,Master,Propriétaire,Bon,Professionnel,0
39,30.62,5.46,36,600,4,1.43,Retraité,Bac,Propriétaire,Acceptable,Automobile,0
28,35.83,11.7,11,516,4,11.82,Indépendant,Doctorat,Propriétaire,Bon,Immobilier,0
80,38.2,39.91,16,397,0,87.73,CDI,Bac,Propriétaire,Excellent,Professionnel,0
65,101.11,25.11,82,755,3,83.66,Retraité,Master,Locataire,Bon,Professionnel,0
33,115.03,25.14,17,830,9,29.52,CDD,Licence,Locataire,Bon,Consommation,1
50,86.55,47.98,71,837,0,28.52,CDD,Master,Locataire,Bon,Automobile,0
26,126.92,46.38,58,327,0,79.29,CDD,Bac,Propriétaire,Bon,Immobilier,1
77,148.82,19.0,41,623,6,93.77,CDI,Licence,Propriétaire,Acceptable,Immobilier,1
76,125.7,14.41,22,522,6,77.91,CDI,Licence,Autre,Bon,Consommation,0
23,108.81,43.18,33,379,2,60.56,CDI,Doctorat,Propriétaire,Acceptable,Consommation,1
33,86.89,45.77,27,757,6,24.27,CDD,Doctorat,Locataire,Acceptable,Automobile,0
46,75.6,29.37,12,475,2,52.57,CDD,Bac,Locataire,Bon,Immobilier,1
20,26.39,33.32,20,821,1,23.35,Indépendant,Licence,Locataire,Bon,Automobile,0
37,68.91,16.56,16,756,9,80.8,CDI,Licence,Propriétaire,Bon,Consommation,0
77,137.87,41.04,29,722,3,38.7,Indépendant,Bac,Propriétaire,Bon,Consommation,0
76,124.08,33.45,72,399,9,83.37,CDD,Bac,Propriétaire,Mauvais,Automobile,1
53,44.17,27.66,35,702,2,38.16,Retraité,Doctorat,Locataire,Acceptable,Immobilier,0
36,77.99,7.7,75,679,6,82.41,CDI,Licence,Locataire,Bon,Immobilier,1
43,125.26,46.22,71,830,0,33.33,Chômeur,Bac,Locataire,Mauvais,Consommation,1
20,24.1,32.7,66,631,5,44.01,Indépendant,Bac,Propriétaire,Acceptable,Consommation,1
80,67.3,13.67,83,617,1,61.55,CDD,Bac,Locataire,Mauvais,Immobilier,1
36,130.0,32.29,46,836,7,7.03,CDD,Licence,Locataire,Excellent,Immobilier,1
37,69.53,35.49,56,388,4,94.82,CDI,Licence,Propriétaire,Acceptable,Consommation,1
49,25.48,28.66,49,810,2,57.36,Retraité,Licence,Propriétaire,Bon,Automobile,1
24,88.24,37.31,18,341,9,50.78,CDI,Bac,Locataire,Acceptable,Automobile,1
69,131.34,31.17,17,688,6,83.94,CDD,Licence,Propriétaire,Bon,Automobile,0
58,94.69,47.65,14,380,10,86.58,CDI,Bac,Propriétaire,Acceptable,Consommation,0
50,45.55,7.42,53,701,1,52.23,CDI,Master,Propriétaire,Bon,Consommation,1
57,66.87,9.78,54,406,4,92.73,CDD,Bac,Locataire,Acceptable,Immobilier,1
56,75.77,12.82,58,410,10,6.47,Chômeur,Master,Propriétaire,Acceptable,Automobile,0
35,93.2,36.06,61,576,7,11.32,CDD,Licence,Propriétaire,Excellent,Immobilier,1
57,117.51,34.05,45,513,10,59.68,Retraité,Licence,Locataire,Excellent,Consommation,1
18,28.35,45.14,29,805,0,35.41,CDD,Bac,Locataire,Acceptable,Consommation,1
28,135.1,37.98,77,420,0,46.42,CDI,Licence,Locataire,Bon,Immobilier,1
45,16.66,27.88,38,433,2,32.81,CDI,Master,Propriétaire,Bon,Immobilier,0
74,64.96,49.63,28,670,2,40.47,Indépendant,Bac,Locataire,Acceptable,Immobilier,0
42,18.7,16.97,82,556,6,82.26,CDI,Bac,Locataire,Acceptable,Automobile,1
67,68.05,42.49,59,479,5,59.35,CDD,Licence,Autre,Excellent,Immobilier,0
40,85.98,24.21,58,347,6,99.73,CDI,Bac,Propriétaire,Bon,Consommation,1
48,84.08,34.19,54,318,3,78.69,CDI,Licence,Propriétaire,Acceptable,Consommation,0
47,37.36,37.73,83,345,10,27.37,Indépendant,Bac,Propriétaire,Acceptable,Automobile,1
59,102.17,33.52,83,750,1,26.43,CDD,Licence,Locataire,Bon,Consommation,1
52,21.05,11.32,54,355,1,33.59,CDI,Licence,Locataire,Excellent,Automobile,0
24,117.86,24.93,65,391,9,84.33,CDI,Bac,Propriétaire,Excellent,Professionnel,1
77,142.8,30.26,70,381,0,2.73,CDI,Licence,Propriétaire,Mauvais,Immobilier,1
33,60.87,43.21,37,378,8,23.02,CDI,Licence,Propriétaire,Bon,Immobilier,0
43,84.83,24.96,84,582,6,90.49,CDD,Bac,Propriétaire,Bon,Automobile,0
65,66.15,46.34,26,610,9,63.99,CDD,Licence,Autre,Excellent,Automobile,1
74,15.91,24.82,23,459,2,22.68,CDI,Licence,Locataire,Excellent,Immobilier,1
69,67.09,29.7,65,615,1,21.91,CDI,Bac,Propriétaire,Acceptable,Automobile,1
77,121.88,40.83,18,455,2,86.26,CDI,Doctorat,Propriétaire,Bon,Immobilier,0
66,95.46,31.24,29,767,6,89.38,CDI,Licence,Propriétaire,Bon,Consommation,1
19,28.67,48.21,35,761,4,25.61,CDD,Bac,Locataire,Excellent,Automobile,0
18,129.36,34.72,7,416,2,42.05,CDI,Master,Propriétaire,Bon,Automobile,0
65,86.7,28.52,30,663,8,83.46,CDI,Licence,Autre,Acceptable,Professionnel,0
79,128.63,6.06,55,765,1,77.1,Indépendant,Licence,Locataire,Excellent,Consommation,0
29,93.33,23.62,19,483,6,81.39,CDI,Bac,Locataire,Acceptable,Automobile,1
22,90.56,18.47,11,465,9,51.84,CDD,Master,Locataire,Excellent,Automobile,1
54,29.21,38.66,81,374,5,91.15,CDD,Master,Locataire,Excellent,Automobile,1
49,37.59,14.37,35,571,5,32.6,CDI,Licence,Propriétaire,Bon,Immobilier,0
76,146.22,14.23,35,802,6,15.67,Indépendant,Bac,Locataire,Mauvais,Immobilier,1
72,45.85,13.53,43,642,5,70.87,CDD,Bac,Locataire,Bon,Immobilier,1
26,146.96,10.65,63,550,1,53.94,CDD,Licence,Propriétaire,Acceptable,Consommation,1
58,86.81,19.0,46,429,10,85.46,CDD,Bac,Propriétaire,Bon,Immobilier,1
52,33.33,44.87,62,657,4,8.12,Indépendant,Licence,Propriétaire,Excellent,Immobilier,0
36,28.41,39.87,41,707,2,84.37,Retraité,Licence,Propriétaire,Excellent,Immobilier,0
65,43.2,38.09,69,794,8,29.33,CDD,Master,Propriétaire,Mauvais,Consommation,1
33,139.96,40.88,21,781,7,65.49,Chômeur,Licence,Locataire,Excellent,Automobile,1
20,70.91,17.12,83,377,9,4.01,CDI,Bac,Locataire,Acceptable,Consommation,1
37,68.38,44.93,77,813,10,60.96,CDD,Master,Locataire,Mauvais,Immobilier,0
41,57.28,11.18,19,620,1,71.73,CDI,Master,Locataire,Excellent,Professionnel,0
71,34.85,20.14,36,589,0,36.88,CDI,Licence,Locataire,Bon,Automobile,0
73,80.86,31.4,71,596,3,21.54,CDD,Bac,Autre,Excellent,Automobile,0
50,32.56,9.63,73,774,3,53.76,Indépendant,Licence,Propriétaire,Excellent,Professionnel,1
41,127.79,37.86,70,322,9,83.32,CDI,Master,Locataire,Excellent,Professionnel,1
69,65.0,22.43,60,471,10,32.35,CDD,Bac,Propriétaire,Bon,Consommation,1
28,65.6,40.3,83,617,1,25.25,CDD,Licence,Locataire,Acceptable,Professionnel,1
66,78.99,27.18,45,492,6,27.89,CDI,Licence,Locataire,Acceptable,Automobile,0
25,74.96,13.14,30,417,2,94.91,CDI,Licence,Locataire,Mauvais,Immobilier,1
53,149.31,38.06,30,305,6,35.93,CDI,Master,Propriétaire,Excellent,Immobilier,1
55,88.63,16.35,8,782,6,0.36,CDI,Licence,Propriétaire,Bon,Automobile,0
57,26.91,27.09,74,431,0,78.17,CDD,Licence,Propriétaire,Bon,Automobile,0
37,96.93,8.4,31,392,5,69.93,CDI,Licence,Propriétaire,Excellent,Automobile,1
79,35.46,32.8,45,821,3,12.86,CDI,Bac,Propriétaire,Excellent,Consommation,0
52,19.18,34.96,43,593,10,98.49,CDD,Licence,Propriétaire,Bon,Automobile,1
65,146.05,22.04,43,691,7,60.81,CDD,Master,Locataire,Acceptable,Immobilier,1
79,119.43,47.95,73,548,7,50.08,CDI,Doctorat,Propriétaire,Mauvais,Immobilier,1
42,147.31,44.34,12,716,2,38.22,CDI,Licence,Locataire,Excellent,Professionnel,0
52,79.51,36.86,35,442,3,89.87,CDI,Bac,Propriétaire,Acceptable,Consommation,1
42,86.85,37.11,24,536,0,24.4,Indépendant,Doctorat,Propriétaire,Acceptable,Automobile,0
46,37.73,16.36,40,586,9,28.58,Chômeur,Licence,Locataire,Bon,Consommation,1
35,48.33,34.56,38,576,1,12.24,Indépendant,Master,Locataire,Excellent,Consommation,0
63,128.2,13.92,38,686,6,75.91,CDI,Bac,Propriétaire,Mauvais,Professionnel,1
35,63.09,11.48,83,681,10,59.55,CDD,Licence,Locataire,Acceptable,Automobile,1
19,126.62,49.98,43,749,6,60.91,CDI,Bac,Locataire,Mauvais,Automobile,1
71,110.72,33.01,15,590,8,21.85,CDI,Master,Locataire,Bon,Immobilier,1
52,38.92,24.39,62,468,9,65.12,CDI,Master,Locataire,Bon,Professionnel,1
33,83.51,17.97,33,742,8,76.55,Indépendant,Licence,Locataire,Excellent,Professionnel,1
78,106.45,32.18,83,483,8,35.79,CDD,Bac,Locataire,Mauvais,Consommation,1
58,46.73,7.23,43,344,5,80.13,CDD,Bac,Locataire,Bon,Automobile,0
53,127.14,9.26,21,567,7,34.88,CDD,Licence,Autre,Excellent,Automobile,1
50,88.55,6.48,26,775,8,75.81,CDI,Licence,Locataire,Bon,Automobile,1
21,37.31,27.46,11,552,6,3.37,CDI,Licence,Locataire,Bon,Immobilier,1
50,93.7,32.03,46,695,3,55.12,CDD,Licence,Propriétaire,Bon,Automobile,1
31,149.96,7.81,20,588,3,96.95,CDD,Licence,Propriétaire,Bon,Immobilier,1
38,35.32,37.46,8,511,5,98.12,Indépendant,Bac,Locataire,Bon,Professionnel,0
65,125.26,15.37,48,320,10,28.18,CDI,Licence,Locataire,Bon,Automobile,0
37,42.99,35.83,52,615,3,44.14,Indépendant,Licence,Propriétaire,Excellent,Professionnel,1
73,120.62,49.19,19,737,10,6.3,CDI,Master,Propriétaire,Bon,Consommation,0
25,114.17,36.1,71,722,6,87.33,CDD,Licence,Locataire,Excellent,Immobilier,0
24,55.57,44.74,34,532,7,56.86,CDD,Licence,Propriétaire,Excellent,Immobilier,0
20,58.99,47.67,9,422,7,38.51,Chômeur,Bac,Propriétaire,Acceptable,Professionnel,1
34,121.99,26.9,31,513,7,11.28,CDI,Master,Propriétaire,Bon,Consommation,0
50,77.3,36.6,17,339,1,94.68,CDD,Bac,Locataire,Excellent,Immobilier,1
65,113.66,43.34,7,631,9,53.02,CDD,Licence,Propriétaire,Bon,Immobilier,1
29,34.98,21.05,22,481,1,28.29,CDI,Master,Locataire,Excellent,Consommation,1
76,130.1,16.76,40,564,1,35.02,CDI,Licence,Locataire,Bon,Immobilier,1
68,110.97,47.6,15,832,1,27.07,Indépendant,Licence,Locataire,Bon,Immobilier,0
39,137.44,37.68,48,731,3,60.18,CDI,Bac,Propriétaire,Acceptable,Consommation,1
72,32.87,14.89,26,495,4,93.0,CDI,Master,Propriétaire,Acceptable,Consommation,1
39,95.06,25.21,20,808,3,85.67,Retraité,Bac,Locataire,Bon,Automobile,0
63,95.88,40.84,40,746,4,46.04,Indépendant,Bac,Locataire,Bon,Professionnel,0
47,62.72,29.62,65,827,3,82.65,CDI,Bac,Propriétaire,Acceptable,Consommation,0
55,76.89,34.25,49,501,6,42.31,CDD,Bac,Propriétaire,Excellent,Consommation,1
55,20.13,38.92,10,432,9,25.23,CDD,Doctorat,Locataire,Excellent,Immobilier,1
62,115.69,32.99,78,438,0,98.34,Indépendant,Licence,Locataire,Acceptable,Immobilier,1
68,89.16,29.3,23,792,0,30.39,Indépendant,Licence,Propriétaire,Bon,Immobilier,0
71,22.8,38.73,26,369,1,32.37,Indépendant,Doctorat,Propriétaire,Acceptable,Immobilier,1
25,106.9,37.74,77,314,0,98.97,CDI,Bac,Propriétaire,Bon,Professionnel,1
44,78.02,33.34,79,511,9,13.39,CDD,Bac,Propriétaire,Bon,Professionnel,0
44,19.65,21.19,56,359,9,76.05,CDI,Licence,Propriétaire,Acceptable,Consommation,0
51,145.9,23.26,46,551,10,93.58,CDI,Licence,Propriétaire,Bon,Automobile,0
38,143.13,48.67,29,745,2,51.18,Indépendant,Licence,Locataire,Bon,Consommation,1
47,84.24,10.06,29,301,5,0.25,CDI,Bac,Propriétaire,Excellent,Automobile,0
50,27.65,17.08,43,635,9,37.51,CDD,Licence,Locataire,Excellent,Immobilier,0
45,116.87,27.16,49,318,10,11.16,Indépendant,Bac,Locataire,Excellent,Automobile,1
64,81.41,42.65,62,377,5,41.62,CDI,Bac,Locataire,Bon,Automobile,0
50,55.83,12.37,64,771,0,79.0,CDI,Bac,Autre,Mauvais,Immobilier,0
22,81.34,17.46,39,327,5,43.87,Indépendant,Licence,Locataire,Acceptable,Immobilier,0
77,85.53,7.96,80,464,4,43.19,Chômeur,Licence,Locataire,Bon,Immobilier,1
78,90.97,36.77,28,757,6,55.68,Indépendant,Licence,Propriétaire,Acceptable,Automobile,1
65,74.57,15.72,48,475,5,58.17,CDD,Doctorat,Propriétaire,Bon,Immobilier,1
36,96.78,22.49,45,328,6,85.63,CDI,Master,Locataire,Bon,Consommation,1
21,139.03,24.97,52,578,1,30.84,CDI,Licence,Locataire,Excellent,Automobile,0
52,63.91,45.11,46,582,0,82.17,CDD,Doctorat,Propriétaire,Acceptable,Automobile,0
66,112.97,23.51,52,778,6,56.59,CDI,Doctorat,Locataire,Excellent,Consommation,1
34,135.75,11.54,25,818,8,30.05,Chômeur,Licence,Propriétaire,Bon,Automobile,1
61,76.56,28.59,82,604,1,29.51,CDD,Licence,Locataire,Acceptable,Automobile,1
45,74.87,48.33,70,408,6,36.11,CDD,Doctorat,Propriétaire,Excellent,Consommation,1
47,96.29,32.35,73,623,2,62.27,Indépendant,Licence,Locataire,Excellent,Automobile,1
46,94.84,49.25,29,505,5,23.08,Indépendant,Bac,Propriétaire,Excellent,Consommation,0
63,123.89,42.85,41,533,2,92.03,CDD,Licence,Autre,Bon,Automobile,0
70,79.33,6.62,50,757,9,57.49,Chômeur,Bac,Propriétaire,Bon,Immobilier,0
23,149.48,34.63,7,486,10,92.0,Retraité,Licence,Autre,Bon,Automobile,1
52,23.03,17.9,33,781,10,4.64,Chômeur,Bac,Propriétaire,Bon,Immobilier,0
77,15.43,30.18,31,706,10,34.26,Indépendant,Bac,Locataire,Bon,Immobilier,1
58,101.43,17.57,28,808,4,2.28,Indépendant,Bac,Propriétaire,Bon,Immobilier,0
54,55.29,20.7,84,819,1,27.23,CDD,Master,Locataire,Mauvais,Immobilier,0
41,47.45,46.54,41,352,7,86.2,CDI,Bac,Locataire,Bon,Consommation,0
46,57.11,14.3,11,697,7,3.66,CDI,Bac,Locataire,Acceptable,Consommation,1
66,49.57,44.33,40,498,6,43.61,CDI,Bac,Propriétaire,Acceptable,Consommation,0
63,19.16,6.37,43,690,5,11.76,CDI,Licence,Locataire,Bon,Immobilier,0
70,146.16,9.09,40,797,0,41.68,CDI,Doctorat,Propriétaire,Excellent,Consommation,0
48,44.8,43.46,79,471,7,83.89,CDI,Bac,Propriétaire,Bon,Immobilier,1
52,114.09,33.38,58,385,0,62.31,Chômeur,Bac,Propriétaire,Acceptable,Automobile,1
77,117.95,38.63,43,485,7,73.68,Indépendant,Licence,Propriétaire,Bon,Consommation,0
50,140.45,14.42,64,455,10,34.91,CDI,Licence,Locataire,Excellent,Immobilier,1
69,19.12,29.17,48,792,1,94.44,CDI,Bac,Propriétaire,Excellent,Professionnel,1
80,132.73,38.17,9,820,7,70.93,Indépendant,Licence,Propriétaire,Bon,Consommation,0
78,86.18,33.23,10,429,9,42.18,Indépendant,Licence,Locataire,Excellent,Consommation,1
38,100.39,26.23,73,380,3,42.65,Chômeur,Licence,Autre,Mauvais,Consommation,1
49,102.0,48.19,50,683,6,91.87,Retraité,Master,Locataire,Excellent,Consommation,1
40,125.67,35.43,30,594,4,57.64,Retraité,Bac,Locataire,Bon,Professionnel,0
50,60.01,45.85,83,568,7,70.64,CDI,Bac,Locataire,Acceptable,Consommation,1
20,113.96,37.84,16,834,5,41.7,CDI,Master,Locataire,Acceptable,Automobile,0
35,86.36,38.1,34,677,4,22.37,Indépendant,Master,Autre,Bon,Automobile,1
42,122.11,8.6,39,675,0,72.36,CDI,Bac,Locataire,Excellent,Immobilier,0
59,148.72,21.18,19,387,2,60.78,Indépendant,Doctorat,Propriétaire,Bon,Professionnel,0
48,42.09,43.63,29,410,9,50.13,CDD,Licence,Locataire,Bon,Professionnel,0
71,149.28,15.47,64,453,8,62.4,Indépendant,Bac,Autre,Bon,Automobile,1
75,27.12,10.2,44,762,8,20.83,CDI,Licence,Propriétaire,Bon,Consommation,0
20,15.31,19.67,31,455,4,79.39,CDD,Bac,Locataire,Excellent,Professionnel,1
57,20.96,14.92,48,617,2,94.82,CDD,Bac,Locataire,Mauvais,Immobilier,1
63,61.14,46.64,41,537,5,89.11,Chômeur,Bac,Locataire,Excellent,Automobile,1
41,100.44,44.06,44,633,4,32.14,CDI,Licence,Propriétaire,Bon,Automobile,0
67,24.32,27.49,66,405,0,40.6,Chômeur,Master,Locataire,Mauvais,Consommation,1
49,15.76,7.76,21,781,1,80.84,Indépendant,Licence,Propriétaire,Acceptable,Automobile,1
64,141.51,37.16,64,681,4,59.51,Indépendant,Licence,Propriétaire,Bon,Consommation,1
39,125.96,33.05,11,560,8,54.79,Indépendant,Licence,Autre,Excellent,Automobile,1
40,124.24,48.67,61,592,3,92.66,CDD,Licence,Locataire,Mauvais,Immobilier,1
19,134.4,30.15,13,634,8,53.6,CDI,Master,Locataire,Excellent,Immobilier,1
80,109.5,20.14,32,775,2,51.49,CDI,Licence,Locataire,Acceptable,Immobilier,0
44,29.09,28.36,76,524,0,4.2,Chômeur,Licence,Locataire,Acceptable,Immobilier,1
59,68.88,49.07,32,753,5,6.94,Indépendant,Licence,Locataire,Excellent,Automobile,0
19,112.63,36.34,51,595,9,0.74,CDI,Master,Propriétaire,Acceptable,Consommation,1
43,52.85,35.24,46,762,6,91.32,CDD,Bac,Locataire,Mauvais,Immobilier,1
34,107.8,15.83,84,513,3,40.84,CDI,Bac,Locataire,Bon,Automobile,0
57,18.31,38.46,30,457,9,46.86,CDI,Licence,Locataire,Bon,Automobile,1
50,56.33,38.76,23,571,4,84.54,CDD,Master,Propriétaire,Acceptable,Immobilier,1
26,89.13,19.28,17,537,3,60.92,CDI,Licence,Propriétaire,Bon,Automobile,1
60,100.33,26.77,56,602,2,60.95,CDI,Doctorat,Propriétaire,Acceptable,Consommation,0
71,92.9,18.26,44,820,0,29.65,CDD,Bac,Locataire,Bon,Immobilier,0
65,109.2,16.64,15,620,5,83.39,CDD,Licence,Autre,Excellent,Immobilier,0
56,15.82,6.17,79,358,9,16.58,CDI,Licence,Autre,Excellent,Professionnel,1
46,28.63,17.83,82,657,4,5.31,CDI,Licence,Propriétaire,Excellent,Consommation,1
59,132.31,29.93,59,550,10,19.16,CDI,Master,Propriétaire,Excellent,Automobile,0
72,107.04,5.07,34,735,0,26.77,CDI,Master,Propriétaire,Excellent,Automobile,0
43,30.25,17.74,46,445,4,28.23,CDI,Licence,Propriétaire,Bon,Consommation,0
52,128.68,44.66,14,651,5,67.05,CDI,Licence,Locataire,Excellent,Consommation,0
67,47.7,31.71,68,544,9,21.78,CDI,Master,Locataire,Acceptable,Immobilier,1
42,79.57,32.35,82,600,4,67.67,Indépendant,Licence,Propriétaire,Acceptable,Automobile,0
41,34.6,23.15,42,737,0,9.11,CDI,Master,Propriétaire,Bon,Automobile,1
30,110.86,35.44,19,399,4,14.72,CDI,Master,Propriétaire,Bon,Immobilier,1
77,105.03,13.55,78,779,9,50.88,CDI,Licence,Propriétaire,Bon,Professionnel,0
75,43.5,41.84,77,714,0,92.19,CDI,Master,Locataire,Bon,Automobile,1
24,131.56,10.25,44,464,10,85.96,Indépendant,Licence,Locataire,Bon,Automobile,0
74,69.18,34.52,45,601,2,96.88,CDI,Bac,Locataire,Acceptable,Professionnel,1
53,54.49,20.35,59,420,1,65.05,CDI,Licence,Locataire,Excellent,Immobilier,0
62,35.56,38.64,8,387,0,67.58,CDI,Bac,Propriétaire,Acceptable,Immobilier,1
37,50.93,29.74,60,516,3,62.5,CDD,Licence,Propriétaire,Acceptable,Consommation,1
18,17.97,25.36,38,478,1,62.28,CDI,Master,Propriétaire,Bon,Automobile,0
25,93.74,12.62,76,462,4,14.71,CDD,Bac,Locataire,Excellent,Consommation,1
63,128.7,33.66,24,469,9,54.37,CDI,Bac,Locataire,Bon,Immobilier,0
33,89.11,48.86,39,600,0,38.61,CDI,Licence,Locataire,Bon,Automobile,0
31,44.6,42.15,83,673,9,44.25,CDD,Licence,Propriétaire,Bon,Immobilier,0
29,19.55,7.7,55,502,0,52.36,Indépendant,Licence,Locataire,Bon,Consommation,1
68,43.97,21.93,52,346,10,12.84,CDD,Licence,Propriétaire,Excellent,Immobilier,1
40,71.18,46.65,51,762,9,35.95,CDI,Bac,Propriétaire,Excellent,Automobile,1
32,117.55,27.64,61,707,3,6.34,CDD,Bac,Propriétaire,Excellent,Consommation,0
45,40.36,34.8,62,493,6,97.97,CDI,Master,Propriétaire,Excellent,Professionnel,0
51,112.17,46.07,56,726,1,11.85,Indépendant,Bac,Locataire,Bon,Consommation,0
19,132.04,44.32,59,616,1,25.85,CDD,Licence,Locataire,Excellent,Automobile,0
49,76.28,27.58,33,778,0,89.13,CDI,Doctorat,Propriétaire,Excellent,Automobile,0
40,125.89,24.69,24,720,4,48.27,CDD,Master,Propriétaire,Acceptable,Consommation,1
80,89.88,20.29,32,568,5,13.56,CDD,Bac,Propriétaire,Acceptable,Consommation,0
39,101.01,37.36,53,780,5,38.42,CDI,Licence,Propriétaire,Bon,Consommation,1
68,86.05,17.91,24,562,1,11.59,Chômeur,Master,Propriétaire,Bon,Professionnel,0
42,77.53,16.24,56,725,6,20.02,Indépendant,Licence,Locataire,Acceptable,Consommation,1
75,46.68,21.03,12,465,5,5.2,CDI,Master,Propriétaire,Bon,Immobilier,0
80,55.93,12.97,34,727,7,43.82,Chômeur,Licence,Locataire,Bon,Consommation,1
79,54.15,36.28,48,696,5,80.66,CDI,Bac,Propriétaire,Acceptable,Consommation,1
78,91.04,32.73,74,515,8,58.6,Indépendant,Licence,Propriétaire,Bon,Consommation,1
39,31.19,26.73,63,406,9,60.63,Indépendant,Licence,Propriétaire,Bon,Professionnel,0
75,138.77,22.56,13,397,1,20.06,CDD,Licence,Locataire,Mauvais,Automobile,1
75,112.29,45.91,47,781,6,34.39,CDI,Bac,Locataire,Bon,Consommation,0
39,69.2,6.31,81,798,4,84.52,Chômeur,Bac,Propriétaire,Mauvais,Immobilier,1
66,36.41,39.61,47,529,0,8.79,CDI,Doctorat,Locataire,Bon,Automobile,1
69,134.07,45.59,18,556,2,85.79,CDI,Bac,Propriétaire,Bon,Automobile,1
59,126.21,25.09,31,342,3,48.37,CDI,Bac,Locataire,Bon,Professionnel,0
23,112.43,29.78,23,541,1,83.71,Chômeur,Master,Propriétaire,Acceptable,Professionnel,0
32,51.66,47.5,47,394,6,31.8,Chômeur,Licence,Locataire,Excellent,Consommation,1
71,69.33,14.55,56,487,0,33.88,CDI,Bac,Locataire,Bon,Immobilier,1
60,28.87,28.41,21,684,2,75.16,Chômeur,Licence,Locataire,Acceptable,Automobile,1
77,40.52,26.36,8,699,8,78.5,CDI,Licence,Propriétaire,Bon,Consommation,1
54,120.71,16.63,84,805,10,22.96,Retraité,Licence,Propriétaire,Excellent,Immobilier,0
50,111.53,41.84,50,466,1,97.29,CDD,Master,Locataire,Excellent,Immobilier,1
25,95.12,45.48,27,424,4,8.45,CDI,Bac,Locataire,Acceptable,Consommation,1
70,135.92,40.19,28,386,3,6.85,CDI,Licence,Locataire,Acceptable,Immobilier,0
77,93.74,13.79,64,788,2,59.55,CDI,Bac,Propriétaire,Bon,Immobilier,1
61,78.04,8.9,67,525,4,72.27,CDI,Licence,Propriétaire,Bon,Automobile,0
61,60.95,32.25,73,644,5,96.09,Indépendant,Master,Locataire,Excellent,Professionnel,1
22,141.96,7.57,59,817,0,40.49,CDI,Bac,Propriétaire,Bon,Consommation,1
56,26.17,35.28,62,330,1,2.53,Retraité,Licence,Propriétaire,Bon,Professionnel,1
21,140.67,28.87,28,595,0,60.29,CDD,Bac,Locataire,Acceptable,Consommation,1
23,126.61,34.83,65,713,2,28.97,CDD,Bac,Propriétaire,Mauvais,Automobile,0
62,32.54,31.56,78,434,7,43.29,CDI,Licence,Propriétaire,Acceptable,Professionnel,0
49,91.27,24.02,60,824,7,48.85,Chômeur,Licence,Propriétaire,Excellent,Automobile,0
69,131.98,14.04,68,303,3,6.45,CDD,Bac,Locataire,Bon,Automobile,1
47,92.19,18.76,61,477,5,48.6,Chômeur,Master,Propriétaire,Excellent,Automobile,1
64,137.47,28.6,60,558,8,42.63,Retraité,Bac,Locataire,Excellent,Consommation,0
52,142.3,34.33,30,364,6,71.25,CDI,Bac,Propriétaire,Excellent,Professionnel,0
72,72.02,40.08,31,662,1,64.57,CDI,Bac,Propriétaire,Bon,Automobile,0
57,65.94,39.52,54,316,10,18.52,Indépendant,Bac,Locataire,Acceptable,Automobile,1
69,141.4,48.77,68,499,1,20.61,Chômeur,Bac,Locataire,Bon,Consommation,1
33,106.14,17.86,50,843,2,25.1,CDD,Master,Propriétaire,Mauvais,Immobilier,1
30,30.66,8.2,78,511,7,17.9,CDI,Licence,Propriétaire,Excellent,Consommation,0
67,20.71,20.55,84,734,9,65.72,CDD,Licence,Propriétaire,Bon,Automobile,1
77,91.22,38.45,44,572,8,99.44,CDI,Doctorat,Locataire,Bon,Automobile,0
59,140.57,24.72,70,589,2,65.21,CDI,Licence,Propriétaire,Excellent,Automobile,1
47,128.97,41.8,74,782,8,60.67,CDD,Bac,Locataire,Mauvais,Automobile,1
36,106.24,29.72,61,533,9,40.99,CDI,Bac,Locataire,Bon,Consommation,1
34,33.78,46.84,14,707,7,31.26,CDD,Bac,Locataire,Mauvais,Professionnel,1
73,49.32,47.65,75,445,4,91.11,Retraité,Licence,Locataire,Bon,Automobile,1
80,133.19,8.12,33,729,10,96.9,Indépendant,Bac,Locataire,Excellent,Consommation,0
36,39.68,25.54,50,731,9,49.68,Chômeur,Licence,Propriétaire,Excellent,Consommation,1
45,52.59,32.44,31,844,2,29.02,Indépendant,Licence,Propriétaire,Acceptable,Immobilier,0
75,32.5,16.51,33,796,10,77.01,CDI,Master,Propriétaire,Excellent,Automobile,0
72,106.27,23.32,45,388,6,13.25,Indépendant,Master,Locataire,Mauvais,Consommation,1
43,142.44,35.5,20,710,8,76.56,Chômeur,Bac,Locataire,Bon,Immobilier,0
54,51.31,15.2,11,540,5,81.89,Chômeur,Bac,Propriétaire,Excellent,Automobile,1
43,79.18,32.09,32,522,2,12.49,CDD,Licence,Locataire,Bon,Professionnel,1
70,100.64,36.39,43,767,4,97.69,CDI,Bac,Locataire,Excellent,Automobile,0
79,149.93,9.07,73,621,6,98.55,CDI,Bac,Propriétaire,Excellent,Immobilier,0
40,29.15,27.39,80,674,7,93.67,CDI,Licence,Propriétaire,Acceptable,Immobilier,1
80,82.31,16.84,69,411,3,49.6,Retraité,Licence,Propriétaire,Bon,Immobilier,1
26,66.99,37.6,35,826,1,24.61,CDD,Master,Locataire,Bon,Automobile,0
29,131.89,13.53,8,711,9,58.2,Chômeur,Licence,Propriétaire,Excellent,Immobilier,0
70,79.26,45.15,67,568,1,41.99,CDD,Doctorat,Propriétaire,Excellent,Immobilier,0
18,29.98,24.39,17,551,2,20.59,CDD,Master,Autre,Bon,Automobile,1
75,100.65,13.91,35,673,7,42.37,CDI,Bac,Locataire,Bon,Automobile,1
75,119.06,24.71,43,749,0,66.39,CDI,Licence,Locataire,Acceptable,Immobilier,1
18,15.39,23.39,65,836,6,7.09,CDI,Licence,Locataire,Bon,Immobilier,1
64,130.96,24.3,43,667,5,33.34,CDD,Licence,Propriétaire,Acceptable,Immobilier,0
51,40.11,31.35,20,554,1,1.78,CDI,Licence,Autre,Excellent,Immobilier,1
49,89.53,28.45,23,762,8,74.95,Indépendant,Licence,Locataire,Excellent,Immobilier,0
79,71.13,11.74,57,567,4,64.07,CDI,Licence,Locataire,Excellent,Automobile,1
71,112.15,7.95,34,425,1,6.27,Indépendant,Bac,Propriétaire,Acceptable,Automobile,1
65,65.11,37.82,65,692,2,96.47,CDI,Master,Propriétaire,Acceptable,Immobilier,1
42,132.42,30.19,26,633,6,2.26,CDD,Licence,Propriétaire,Excellent,Consommation,1
57,113.62,21.16,22,667,6,59.0,CDI,Bac,Locataire,Excellent,Automobile,0
62,102.44,41.38,23,755,9,77.64,Indépendant,Bac,Propriétaire,Acceptable,Immobilier,1
70,122.49,22.46,62,366,0,78.79,CDI,Master,Locataire,Acceptable,Immobilier,1
18,116.79,40.82,42,365,9,3.43,CDD,Licence,Locataire,Acceptable,Professionnel,1
33,19.85,18.76,65,699,10,90.64,Chômeur,Master,Propriétaire,Excellent,Professionnel,1
78,68.29,8.28,43,586,10,91.85,CDI,Master,Locataire,Bon,Immobilier,0
56,140.66,46.97,17,485,3,56.14,CDI,Master,Propriétaire,Acceptable,Immobilier,0
80,31.97,22.75,80,583,5,48.21,Indépendant,Licence,Locataire,Bon,Automobile,1
22,114.51,40.67,78,815,7,4.49,CDD,Bac,Propriétaire,Bon,Automobile,0
39,146.57,17.56,6,536,2,56.2,CDI,Bac,Propriétaire,Bon,Automobile,1
46,22.05,34.09,63,317,2,40.94,CDD,Licence,Propriétaire,Excellent,Automobile,1
72,107.1,44.3,8,713,7,77.28,CDI,Licence,Autre,Mauvais,Immobilier,1
20,78.2,6.87,68,308,7,40.39,CDI,Licence,Locataire,Mauvais,Immobilier,1
29,93.19,42.38,26,719,7,68.36,CDI,Licence,Propriétaire,Bon,Automobile,0
43,26.52,30.71,28,328,0,10.14,Indépendant,Licence,Propriétaire,Excellent,Professionnel,1
33,20.81,32.34,14,647,7,13.3,CDD,Bac,Locataire,Acceptable,Immobilier,0
68,105.03,28.54,60,749,7,13.97,CDD,Bac,Propriétaire,Bon,Consommation,0
54,126.15,44.35,24,679,1,4.55,Chômeur,Master,Autre,Excellent,Automobile,1
39,120.57,6.95,67,665,8,54.13,CDI,Bac,Autre,Bon,Immobilier,0
74,88.41,16.75,44,526,6,79.4,Indépendant,Licence,Locataire,Bon,Consommation,1
46,28.48,44.41,81,417,7,61.04,Chômeur,Licence,Autre,Excellent,Automobile,1
31,107.89,38.86,32,711,1,57.5,CDI,Doctorat,Propriétaire,Bon,Automobile,1
45,47.65,5.79,51,655,3,68.06,CDI,Master,Propriétaire,Excellent,Automobile,1
22,137.99,28.27,39,553,6,33.96,Retraité,Licence,Propriétaire,Acceptable,Immobilier,0
64,128.17,28.83,38,842,5,36.2,Retraité,Licence,Propriétaire,Mauvais,Automobile,1
66,110.77,23.04,55,743,6,31.43,CDI,Bac,Autre,Acceptable,Automobile,0
47,143.09,18.38,25,380,0,71.21,CDI,Licence,Propriétaire,Bon,Immobilier,1
63,19.24,35.68,45,345,7,16.16,CDI,Master,Locataire,Bon,Automobile,1
79,114.39,14.35,63,348,6,1.3,CDI,Licence,Locataire,Acceptable,Immobilier,0
69,59.58,40.95,36,748,3,59.62,CDI,Licence,Propriétaire,Mauvais,Immobilier,0
22,137.32,41.14,43,706,0,94.24,CDD,Bac,Propriétaire,Excellent,Consommation,1
29,51.0,23.69,50,582,7,60.94,Chômeur,Master,Propriétaire,Bon,Immobilier,1
33,112.86,17.76,46,772,9,78.29,CDI,Bac,Propriétaire,Bon,Automobile,1
43,133.48,17.77,14,715,6,67.28,Indépendant,Master,Propriétaire,Bon,Professionnel,0
43,20.62,26.7,14,420,7,49.74,CDI,Licence,Propriétaire,Bon,Immobilier,1
65,68.68,37.38,68,302,9,71.84,CDI,Licence,Locataire,Mauvais,Automobile,1
38,117.91,21.15,84,615,0,82.41,CDD,Bac,Locataire,Bon,Automobile,1
56,76.41,32.45,82,759,4,22.47,CDI,Bac,Propriétaire,Bon,Automobile,0
53,51.08,22.21,27,526,8,33.61,CDI,Master,Propriétaire,Mauvais,Automobile,1
50,44.67,18.7,21,378,4,22.37,Chômeur,Master,Locataire,Bon,Automobile,0
79,32.75,6.12,37,843,9,45.22,CDI,Licence,Propriétaire,Acceptable,Immobilier,0
47,130.71,5.18,71,370,2,88.51,Indépendant,Licence,Propriétaire,Excellent,Immobilier,0
54,92.67,15.22,19,496,8,34.52,CDI,Licence,Locataire,Mauvais,Consommation,1
40,25.31,23.29,43,357,8,37.45,CDI,Licence,Locataire,Excellent,Immobilier,1
75,66.65,43.31,13,723,3,86.04,CDD,Licence,Locataire,Mauvais,Consommation,1
27,64.64,40.93,26,768,3,51.54,Indépendant,Licence,Propriétaire,Excellent,Consommation,1
71,39.53,17.02,61,347,10,53.54,CDI,Master,Locataire,Bon,Immobilier,1
22,73.79,16.0,51,734,7,86.08,CDD,Master,Propriétaire,Bon,Immobilier,1
53,59.83,15.23,48,484,6,49.05,Chômeur,Licence,Autre,Bon,Immobilier,0
51,61.14,20.27,51,464,10,68.16,Indépendant,Master,Propriétaire,Bon,Automobile,0
69,114.77,27.42,53,630,4,8.56,CDI,Licence,Propriétaire,Mauvais,Consommation,0
48,45.14,24.74,75,629,5,17.86,Indépendant,Bac,Locataire,Bon,Immobilier,0
27,101.65,14.82,36,420,2,40.44,CDD,Bac,Autre,Acceptable,Immobilier,1
75,92.04,10.87,38,512,5,49.48,Indépendant,Licence,Locataire,Excellent,Automobile,0
36,91.69,5.57,49,806,7,96.57,CDD,Master,Propriétaire,Acceptable,Immobilier,1
75,104.51,11.93,76,467,9,97.07,CDI,Master,Propriétaire,Bon,Automobile,1
49,89.03,36.74,13,845,10,85.12,CDD,Licence,Locataire,Mauvais,Automobile,0
18,133.7,15.96,78,726,8,31.56,CDD,Bac,Locataire,Bon,Immobilier,1
73,106.2,26.09,7,520,2,96.4,CDD,Bac,Propriétaire,Excellent,Automobile,0
22,88.84,31.61,22,309,7,68.93,Chômeur,Licence,Propriétaire,Bon,Automobile,1
62,127.02,44.91,57,419,2,39.29,Chômeur,Master,Locataire,Acceptable,Immobilier,0
21,96.83,45.0,50,546,1,70.17,CDD,Doctorat,Locataire,Acceptable,Immobilier,1
33,54.3,38.56,42,659,4,1.65,CDD,Bac,Locataire,Acceptable,Automobile,1
41,42.96,6.58,47,520,3,14.62,CDD,Master,Propriétaire,Excellent,Automobile,1
33,35.56,30.88,49,805,4,82.97,CDD,Licence,Locataire,Bon,Immobilier,1
72,136.43,40.4,43,357,5,64.56,Retraité,Bac,Autre,Mauvais,Immobilier,1
19,110.87,5.78,11,759,2,36.42,CDD,Licence,Propriétaire,Excellent,Immobilier,0
66,141.55,29.74,73,427,0,50.07,CDI,Master,Locataire,Excellent,Immobilier,1
45,96.44,43.6,56,385,3,90.51,CDD,Bac,Propriétaire,Acceptable,Automobile,0
49,78.91,26.33,40,403,5,63.16,CDD,Master,Propriétaire,Bon,Immobilier,0
44,23.06,5.18,63,442,1,39.81,CDD,Bac,Locataire,Acceptable,Automobile,1
37,105.67,5.5,62,504,1,12.03,CDD,Bac,Locataire,Bon,Immobilier,1
41,93.6,23.75,78,337,0,29.37,CDI,Bac,Locataire,Mauvais,Automobile,1
29,148.68,11.98,11,662,8,97.83,CDI,Master,Propriétaire,Acceptable,Consommation,1
67,47.29,34.9,18,608,2,43.74,CDI,Licence,Propriétaire,Acceptable,Automobile,1
52,86.65,36.9,64,351,1,47.18,CDI,Master,Locataire,Bon,Immobilier,0
77,102.88,13.0,35,300,3,49.86,CDI,Licence,Propriétaire,Bon,Immobilier,0
50,102.02,44.98,7,310,5,88.41,Indépendant,Licence,Locataire,Acceptable,Immobilier,1
50,90.77,24.89,63,513,0,60.39,CDI,Master,Propriétaire,Bon,Automobile,1
78,119.89,11.43,41,817,8,69.37,Chômeur,Licence,Locataire,Acceptable,Immobilier,1
68,42.67,39.39,77,714,8,38.94,CDI,Master,Locataire,Bon,Immobilier,0
60,112.96,40.55,50,307,7,2.91,CDI,Bac,Propriétaire,Excellent,Consommation,0
54,98.66,33.77,14,304,5,93.1,CDD,Licence,Locataire,Bon,Immobilier,1
29,135.97,43.41,70,661,3,94.91,CDI,Master,Propriétaire,Excellent,Professionnel,1
20,129.37,38.18,82,411,1,94.92,Chômeur,Master,Propriétaire,Acceptable,Consommation,1
18,57.54,44.7,55,572,7,94.37,CDI,Bac,Propriétaire,Acceptable,Consommation,1
50,52.29,24.52,84,721,6,81.52,CDI,Licence,Locataire,Excellent,Consommation,0
57,147.52,38.64,37,564,3,68.46,Chômeur,Licence,Propriétaire,Bon,Immobilier,0
27,86.18,49.99,48,757,2,84.45,CDI,Licence,Locataire,Acceptable,Immobilier,0
60,137.37,37.62,83,511,5,60.05,CDI,Bac,Propriétaire,Acceptable,Immobilier,0
61,37.12,10.14,59,377,0,13.44,CDI,Bac,Propriétaire,Bon,Immobilier,0
46,101.78,28.32,52,520,1,39.12,CDD,Master,Locataire,Bon,Immobilier,1
30,124.33,31.43,19,668,6,97.13,CDI,Master,Locataire,Acceptable,Consommation,0
29,142.9,12.84,53,646,10,35.11,CDD,Licence,Locataire,Bon,Immobilier,1
48,60.54,48.33,60,324,2,86.78,Indépendant,Master,Locataire,Acceptable,Immobilier,0
63,112.87,12.9,34,719,0,9.32,Chômeur,Bac,Locataire,Acceptable,Consommation,1
19,87.74,12.99,52,653,1,33.42,CDI,Licence,Propriétaire,Acceptable,Immobilier,0
78,23.18,46.18,68,716,9,35.1,CDI,Master,Propriétaire,Mauvais,Automobile,0
68,108.15,25.93,24,814,9,5.16,CDI,Master,Locataire,Acceptable,Immobilier,0
67,108.16,7.84,14,514,8,11.91,CDD,Licence,Locataire,Excellent,Consommation,1
52,140.63,31.92,42,411,6,19.32,CDI,Master,Locataire,Excellent,Automobile,0
40,82.14,32.08,57,727,6,83.78,Indépendant,Licence,Locataire,Excellent,Automobile,0
34,46.08,7.9,62,515,9,6.34,Indépendant,Master,Propriétaire,Excellent,Immobilier,1
43,21.02,48.76,33,712,7,29.87,CDI,Licence,Propriétaire,Excellent,Professionnel,0
25,71.11,29.48,41,679,7,1.02,CDD,Master,Locataire,Bon,Immobilier,0
46,55.76,30.19,69,531,8,69.56,CDI,Bac,Propriétaire,Excellent,Consommation,0
43,117.75,28.41,23,557,1,62.03,CDI,Licence,Propriétaire,Bon,Professionnel,1
27,62.83,32.48,40,555,7,64.5,CDI,Licence,Propriétaire,Acceptable,Automobile,1
43,143.12,16.89,73,702,7,37.44,CDI,Licence,Propriétaire,Acceptable,Automobile,0
79,144.91,17.93,83,723,4,20.83,CDD,Licence,Locataire,Mauvais,Immobilier,1
51,98.82,28.01,44,364,4,72.03,CDD,Master,Propriétaire,Excellent,Automobile,1
68,140.37,41.3,13,489,3,81.11,CDI,Master,Autre,Bon,Consommation,0
58,117.72,7.24,20,472,4,13.86,Retraité,Bac,Locataire,Bon,Immobilier,0
24,88.83,32.15,12,526,1,48.68,CDI,Master,Propriétaire,Bon,Professionnel,0
21,39.34,41.31,22,687,1,24.87,CDI,Bac,Propriétaire,Bon,Consommation,1
75,76.91,12.06,69,700,4,16.81,CDI,Licence,Propriétaire,Excellent,Automobile,0
70,90.72,5.68,17,512,10,73.43,CDD,Master,Locataire,Excellent,Automobile,0
67,131.63,19.07,61,352,2,53.81,Retraité,Bac,Propriétaire,Acceptable,Immobilier,0
62,79.98,31.47,51,438,0,21.62,CDD,Master,Propriétaire,Acceptable,Immobilier,0
28,136.19,11.22,52,717,8,31.0,Chômeur,Master,Propriétaire,Bon,Immobilier,0
46,106.04,24.18,84,442,1,96.67,CDI,Licence,Locataire,Bon,Automobile,1
73,33.49,29.85,21,808,9,84.87,CDI,Licence,Locataire,Bon,Professionnel,1
53,149.32,31.95,74,785,1,87.99,CDD,Licence,Locataire,Excellent,Automobile,1
42,86.18,17.35,7,736,3,46.0,CDD,Doctorat,Locataire,Mauvais,Automobile,1
38,67.9,23.0,59,842,1,62.38,CDI,Bac,Propriétaire,Acceptable,Immobilier,1
78,103.98,40.03,32,592,6,37.68,Chômeur,Licence,Locataire,Excellent,Consommation,1
74,29.7,47.35,36,583,9,7.77,CDI,Bac,Propriétaire,Excellent,Automobile,0
53,100.93,43.78,46,313,0,40.11,CDI,Bac,Locataire,Bon,Automobile,0
27,82.26,30.39,41,571,10,59.4,CDD,Master,Locataire,Excellent,Professionnel,1
54,69.9,23.46,52,324,1,28.71,CDD,Licence,Propriétaire,Mauvais,Consommation,1
26,143.66,19.98,48,621,10,84.8,CDI,Doctorat,Propriétaire,Acceptable,Consommation,1
41,85.54,10.62,70,402,4,15.11,CDI,Licence,Locataire,Bon,Professionnel,0
52,44.58,9.79,55,339,1,36.71,CDD,Licence,Propriétaire,Excellent,Automobile,0
66,76.96,35.98,6,534,8,12.49,CDD,Bac,Propriétaire,Acceptable,Consommation,1
52,139.12,16.69,77,388,3,40.48,Indépendant,Doctorat,Locataire,Bon,Automobile,1
65,38.77,16.46,62,399,8,3.97,Indépendant,Bac,Locataire,Bon,Immobilier,1
53,43.88,49.92,21,443,10,27.25,CDI,Licence,Locataire,Bon,Professionnel,1
35,16.76,13.46,33,381,0,40.07,Retraité,Licence,Locataire,Excellent,Immobilier,1
66,16.92,11.66,27,528,0,47.82,Indépendant,Licence,Propriétaire,Acceptable,Immobilier,0
56,126.97,9.44,46,694,0,54.37,CDI,Licence,Propriétaire,Bon,Immobilier,0
49,113.84,31.09,81,812,3,27.5,CDI,Licence,Locataire,Excellent,Immobilier,0
41,62.93,33.25,24,496,8,52.3,CDI,Bac,Locataire,Excellent,Immobilier,1
40,109.27,21.44,55,573,7,50.9,CDD,Licence,Propriétaire,Bon,Automobile,0
79,68.35,29.09,64,671,6,31.62,Chômeur,Master,Propriétaire,Acceptable,Professionnel,1
49,143.64,40.48,74,379,0,83.02,Indépendant,Licence,Propriétaire,Bon,Immobilier,1
54,145.55,41.81,39,534,2,54.56,Chômeur,Bac,Locataire,Acceptable,Consommation,1
29,68.03,48.11,44,586,8,33.23,CDI,Licence,Propriétaire,Excellent,Immobilier,0
66,130.32,42.09,79,844,8,94.73,CDD,Bac,Locataire,Bon,Immobilier,1
72,119.37,30.42,12,736,4,84.51,CDI,Bac,Autre,Acceptable,Automobile,1
30,56.85,13.08,57,426,5,98.26,CDI,Licence,Locataire,Acceptable,Consommation,1
40,46.33,9.49,65,716,10,69.22,CDD,Licence,Locataire,Bon,Immobilier,1
42,76.86,7.45,57,340,5,37.82,CDI,Bac,Propriétaire,Excellent,Immobilier,0
52,120.48,34.99,84,768,9,28.09,CDD,Licence,Propriétaire,Excellent,Immobilier,0
58,144.62,41.34,29,596,3,66.33,CDD,Doctorat,Locataire,Acceptable,Professionnel,1
47,118.08,27.89,31,341,0,98.08,Indépendant,Doctorat,Propriétaire,Excellent,Immobilier,1
34,130.45,7.46,15,578,4,62.67,CDI,Master,Propriétaire,Excellent,Automobile,1
66,96.41,29.1,22,758,0,88.16,Indépendant,Bac,Locataire,Excellent,Consommation,0
79,127.78,47.11,83,332,0,32.91,Retraité,Bac,Propriétaire,Bon,Automobile,1
37,120.9,31.89,7,575,10,40.7,Chômeur,Master,Locataire,Acceptable,Professionnel,1
65,65.89,41.42,82,389,4,90.63,Indépendant,Bac,Propriétaire,Excellent,Professionnel,0
42,89.52,41.01,32,823,4,75.69,CDD,Bac,Propriétaire,Bon,Automobile,1
39,123.64,46.95,78,459,6,98.14,CDI,Licence,Propriétaire,Excellent,Automobile,0
30,21.22,39.66,76,757,1,77.48,Indépendant,Bac,Autre,Bon,Immobilier,1
76,124.09,38.65,53,698,5,44.85,Indépendant,Master,Locataire,Excellent,Professionnel,1
36,39.01,15.53,79,390,1,53.11,CDD,Master,Propriétaire,Excellent,Immobilier,0
66,84.48,7.7,14,765,9,90.05,Indépendant,Master,Propriétaire,Bon,Consommation,1
53,124.12,28.29,28,519,4,55.16,CDI,Master,Locataire,Acceptable,Immobilier,1
29,49.27,10.6,76,718,3,25.54,CDI,Bac,Propriétaire,Acceptable,Immobilier,1
78,48.18,48.3,78,678,10,43.56,CDD,Master,Propriétaire,Bon,Immobilier,1
58,69.37,18.05,32,746,9,51.63,CDI,Licence,Propriétaire,Excellent,Automobile,1
36,135.78,43.38,76,445,4,9.67,CDI,Licence,Locataire,Bon,Immobilier,0
29,15.06,22.44,48,532,1,74.38,CDI,Bac,Propriétaire,Bon,Immobilier,1
26,136.69,19.54,12,670,7,10.94,CDI,Master,Propriétaire,Acceptable,Immobilier,1
24,35.76,47.08,68,533,7,40.49,Indépendant,Doctorat,Locataire,Mauvais,Immobilier,1
45,148.66,21.35,49,666,5,80.46,CDD,Bac,Propriétaire,Bon,Automobile,0
31,143.9,22.56,44,780,2,46.76,CDI,Bac,Locataire,Bon,Automobile,0
48,81.78,9.77,45,662,3,84.2,CDD,Bac,Locataire,Acceptable,Immobilier,1
69,84.22,35.17,12,810,0,34.19,CDI,Licence,Propriétaire,Bon,Automobile,0
36,80.01,18.0,75,394,8,95.76,CDD,Bac,Propriétaire,Bon,Consommation,1
75,100.78,31.35,30,515,9,20.95,CDI,Master,Locataire,Excellent,Automobile,0
64,27.25,31.61,64,842,4,3.83,Chômeur,Licence,Propriétaire,Bon,Professionnel,1
33,19.4,37.36,18,434,7,87.24,CDI,Licence,Propriétaire,Excellent,Immobilier,1
70,22.79,38.54,67,382,2,75.22,CDD,Master,Locataire,Bon,Consommation,1
22,74.99,28.15,13,690,3,23.2,Chômeur,Licence,Locataire,Bon,Automobile,0
52,52.2,19.89,50,346,3,98.47,Retraité,Licence,Propriétaire,Acceptable,Automobile,1
29,98.98,42.69,23,691,7,50.23,CDI,Master,Propriétaire,Acceptable,Automobile,1
42,148.98,18.94,65,684,8,95.11,CDD,Master,Propriétaire,Mauvais,Immobilier,1
69,67.15,27.84,65,680,2,50.5,CDI,Bac,Locataire,Excellent,Immobilier,0
76,92.47,23.06,7,376,6,47.19,CDD,Bac,Locataire,Bon,Automobile,1
38,71.11,43.48,71,558,8,44.91,CDI,Bac,Locataire,Bon,Immobilier,0
53,129.38,24.44,19,698,1,33.49,Indépendant,Licence,Locataire,Acceptable,Automobile,1
70,136.8,22.37,53,399,3,53.37,CDI,Bac,Locataire,Bon,Consommation,0
40,133.44,36.04,61,800,2,45.26,CDD,Licence,Propriétaire,Excellent,Automobile,0
33,146.54,32.11,17,682,7,3.67,CDD,Master,Propriétaire,Bon,Immobilier,0
74,18.72,9.83,60,491,3,26.04,Retraité,Bac,Locataire,Mauvais,Immobilier,1
56,128.38,27.87,33,644,8,21.31,CDD,Licence,Propriétaire,Acceptable,Immobilier,0
62,116.49,38.1,9,309,0,86.74,CDI,Licence,Propriétaire,Bon,Immobilier,1
70,45.87,49.64,41,563,0,59.89,CDI,Licence,Propriétaire,Acceptable,Immobilier,0
59,144.1,33.31,55,567,3,76.37,CDI,Licence,Locataire,Excellent,Immobilier,0
75,35.0,21.66,8,494,2,95.68,Indépendant,Master,Propriétaire,Bon,Immobilier,1
56,106.74,15.18,6,706,2,64.4,CDD,Bac,Propriétaire,Acceptable,Immobilier,0
31,45.36,44.28,22,595,9,98.26,CDD,Bac,Locataire,Excellent,Professionnel,1
48,73.24,41.66,76,396,1,31.18,CDI,Licence,Propriétaire,Excellent,Professionnel,1
75,112.09,15.53,67,761,9,18.63,Indépendant,Licence,Locataire,Acceptable,Immobilier,1
22,91.05,14.03,53,386,9,40.33,CDD,Bac,Propriétaire,Bon,Immobilier,1
52,72.71,37.18,67,376,1,47.08,Retraité,Bac,Locataire,Mauvais,Automobile,0
40,59.06,19.17,74,782,7,89.54,CDD,Licence,Propriétaire,Excellent,Immobilier,0
46,128.35,18.79,24,445,0,55.99,CDI,Licence,Locataire,Bon,Automobile,0
60,34.41,11.85,39,410,7,29.22,CDI,Doctorat,Locataire,Bon,Automobile,0
28,73.06,16.88,54,596,9,74.26,CDI,Licence,Locataire,Acceptable,Immobilier,0
35,137.01,24.24,52,725,2,50.58,Indépendant,Bac,Locataire,Bon,Consommation,1
64,129.19,37.98,55,633,1,16.21,Indépendant,Licence,Propriétaire,Bon,Consommation,1
29,69.13,20.13,31,822,8,57.68,CDI,Bac,Locataire,Excellent,Professionnel,0
26,118.02,19.79,61,837,4,91.14,CDI,Licence,Locataire,Acceptable,Immobilier,0
27,126.13,17.82,83,461,4,84.26,CDI,Licence,Locataire,Excellent,Consommation,1
75,135.0,26.52,19,729,5,58.68,Chômeur,Licence,Locataire,Excellent,Automobile,1
61,88.51,13.13,83,368,3,37.71,CDI,Master,Propriétaire,Bon,Automobile,1
34,42.6,26.85,30,432,6,8.7,CDI,Bac,Locataire,Bon,Consommation,0
78,49.47,36.69,9,488,6,46.96,CDI,Master,Propriétaire,Excellent,Professionnel,1
55,54.92,6.34,84,578,10,75.21,CDI,Master,Locataire,Excellent,Consommation,0
24,95.16,5.44,37,729,8,36.03,Indépendant,Licence,Propriétaire,Acceptable,Immobilier,0
63,19.43,8.38,83,841,5,23.54,Chômeur,Bac,Propriétaire,Excellent,Automobile,0
30,100.87,29.1,70,460,0,93.14,CDI,Bac,Autre,Excellent,Automobile,0
57,64.19,43.45,66,752,8,82.16,CDD,Licence,Locataire,Excellent,Consommation,0
59,54.86,5.22,25,469,9,63.83,CDI,Licence,Locataire,Mauvais,Consommation,1
26,133.73,47.15,79,356,8,13.68,Retraité,Bac,Locataire,Excellent,Automobile,0
67,77.1,9.78,15,539,4,14.49,CDI,Master,Locataire,Acceptable,Automobile,0
44,27.83,42.89,39,657,6,10.32,CDI,Bac,Locataire,Acceptable,Immobilier,1
75,126.61,26.73,66,500,0,61.63,CDD,Bac,Propriétaire,Bon,Professionnel,1
19,21.43,34.67,32,743,3,11.56,CDI,Bac,Locataire,Bon,Immobilier,1
22,113.11,27.98,45,601,9,84.26,CDI,Bac,Locataire,Acceptable,Automobile,1
46,119.48,26.47,70,405,3,99.3,CDD,Master,Locataire,Acceptable,Consommation,1
54,62.6,42.57,38,400,4,36.63,Indépendant,Licence,Locataire,Acceptable,Automobile,1
55,126.35,39.01,73,396,5,45.37,CDD,Bac,Locataire,Acceptable,Consommation,1
36,84.61,26.75,76,328,3,71.17,CDD,Master,Propriétaire,Bon,Consommation,1
25,77.54,10.02,14,805,5,93.72,CDD,Master,Autre,Acceptable,Immobilier,1
65,21.13,10.19,21,737,9,89.41,CDD,Master,Propriétaire,Excellent,Automobile,1
62,54.15,41.07,10,678,6,5.76,CDD,Master,Locataire,Bon,Consommation,1
18,140.69,28.82,28,372,2,16.91,CDD,Licence,Propriétaire,Bon,Automobile,1
39,67.9,26.67,48,553,8,75.46,CDI,Licence,Locataire,Excellent,Automobile,0
69,88.8,35.63,62,815,7,68.89,CDI,Licence,Locataire,Excellent,Automobile,0
34,86.82,43.65,56,849,0,13.32,CDI,Bac,Locataire,Excellent,Immobilier,1
80,94.71,33.3,18,319,1,50.21,CDI,Licence,Locataire,Bon,Automobile,1
24,23.28,39.33,29,834,1,78.08,Indépendant,Master,Propriétaire,Acceptable,Immobilier,1
42,63.89,39.44,16,720,9,21.88,CDI,Licence,Locataire,Bon,Immobilier,1
62,112.62,21.03,57,745,8,87.13,CDI,Master,Locataire,Acceptable,Automobile,0
21,42.08,17.33,22,435,8,5.3,CDI,Licence,Propriétaire,Excellent,Automobile,0
53,42.48,41.05,42,804,8,78.22,CDI,Licence,Propriétaire,Excellent,Immobilier,0
23,16.36,21.97,18,600,0,61.58,Indépendant,Licence,Propriétaire,Excellent,Consommation,0
77,74.06,45.65,67,332,6,31.52,CDD,Licence,Locataire,Bon,Automobile,0
48,134.17,8.14,13,577,10,72.09,Indépendant,Licence,Locataire,Bon,Professionnel,0
36,22.01,7.62,61,432,2,78.24,CDI,Bac,Autre,Acceptable,Automobile,1
78,40.8,46.72,75,826,10,93.39,Chômeur,Bac,Locataire,Bon,Immobilier,1
61,56.86,34.18,49,425,8,36.78,Retraité,Doctorat,Propriétaire,Bon,Consommation,0
71,113.78,22.08,65,644,7,68.6,CDD,Bac,Locataire,Excellent,Automobile,0
56,101.49,38.98,46,316,2,60.26,Chômeur,Licence,Propriétaire,Excellent,Automobile,1
44,71.15,35.25,26,677,0,52.52,CDD,Licence,Propriétaire,Excellent,Automobile,1
27,117.47,28.9,47,359,8,89.04,Chômeur,Licence,Propriétaire,Acceptable,Immobilier,1
43,97.3,9.45,79,766,9,0.32,Indépendant,Master,Propriétaire,Bon,Immobilier,0
36,135.97,41.55,79,690,0,28.21,Retraité,Master,Propriétaire,Excellent,Immobilier,0
56,125.43,43.97,34,486,2,53.83,CDD,Master,Propriétaire,Bon,Automobile,1
79,49.13,12.75,70,797,5,17.83,Indépendant,Licence,Propriétaire,Bon,Consommation,1
20,51.64,43.27,22,660,5,90.79,CDD,Licence,Propriétaire,Excellent,Consommation,1
62,31.92,44.5,35,748,10,64.76,CDI,Master,Locataire,Bon,Immobilier,0
30,60.49,29.72,31,480,9,47.79,CDI,Doctorat,Propriétaire,Acceptable,Consommation,1
67,149.94,34.53,58,429,3,81.47,Chômeur,Doctorat,Propriétaire,Bon,Automobile,1
45,69.78,22.2,24,448,1,45.09,CDI,Master,Propriétaire,Acceptable,Immobilier,0
79,44.77,17.68,58,771,9,55.87,CDD,Bac,Locataire,Excellent,Consommation,1
75,117.94,37.49,22,799,5,0.28,CDI,Bac,Locataire,Acceptable,Immobilier,1
37,88.23,43.78,51,654,9,36.57,CDI,Master,Locataire,Mauvais,Immobilier,1
45,35.2,34.43,58,510,4,13.88,Chômeur,Master,Locataire,Bon,Immobilier,1
25,66.39,28.02,69,329,5,68.97,Chômeur,Master,Propriétaire,Excellent,Automobile,1
78,70.95,12.15,50,323,6,47.9,CDD,Bac,Propriétaire,Bon,Immobilier,0
80,116.77,7.41,54,521,10,30.18,CDI,Licence,Propriétaire,Bon,Consommation,0
58,17.79,25.06,24,700,8,46.78,CDD,Licence,Autre,Excellent,Automobile,1
56,51.32,7.22,76,811,6,20.96,CDI,Licence,Locataire,Acceptable,Automobile,1
18,84.88,30.62,70,387,3,92.51,CDI,Licence,Propriétaire,Excellent,Immobilier,0
20,51.29,22.22,42,764,9,5.4,CDI,Master,Propriétaire,Excellent,Consommation,0
30,99.84,39.07,75,349,4,86.54,CDD,Bac,Propriétaire,Acceptable,Automobile,1
45,80.05,18.75,31,402,5,51.14,CDI,Licence,Propriétaire,Acceptable,Automobile,0
79,63.83,31.68,7,667,8,61.89,CDD,Licence,Locataire,Excellent,Consommation,1
74,143.14,29.2,64,791,4,30.26,CDI,Licence,Locataire,Acceptable,Immobilier,0
80,100.34,5.21,10,567,4,96.67,CDI,Licence,Locataire,Mauvais,Automobile,1
77,32.54,8.26,42,696,6,28.19,CDI,Master,Propriétaire,Excellent,Automobile,0
66,90.61,18.07,36,619,1,58.89,Retraité,Bac,Propriétaire,Bon,Automobile,0
42,120.4,44.7,81,819,2,99.34,CDD,Bac,Locataire,Acceptable,Immobilier,1
73,110.65,11.62,53,748,1,88.11,CDI,Master,Locataire,Acceptable,Immobilier,0
50,38.23,36.99,11,775,9,53.63,CDD,Licence,Propriétaire,Excellent,Immobilier,0
55,146.28,48.8,20,539,9,99.04,Chômeur,Bac,Locataire,Excellent,Professionnel,1
70,75.59,40.58,20,557,1,70.14,Indépendant,Licence,Locataire,Acceptable,Immobilier,1
23,36.47,15.93,66,689,2,20.87,Indépendant,Licence,Propriétaire,Mauvais,Immobilier,1
75,39.33,45.88,21,642,5,40.56,CDI,Bac,Locataire,Acceptable,Consommation,1
61,28.26,9.19,25,686,4,33.45,CDD,Bac,Propriétaire,Mauvais,Automobile,1
62,123.47,26.07,82,693,10,34.4,Indépendant,Master,Locataire,Bon,Automobile,0
49,31.47,44.94,49,569,4,76.05,CDD,Licence,Propriétaire,Mauvais,Automobile,1
62,31.89,33.86,47,448,1,58.43,Chômeur,Bac,Locataire,Acceptable,Automobile,1
78,129.81,23.61,51,679,1,3.81,CDI,Bac,Propriétaire,Mauvais,Automobile,0
64,61.52,18.18,39,327,0,87.74,CDI,Licence,Propriétaire,Excellent,Immobilier,1
38,19.17,21.88,69,448,2,29.68,Chômeur,Bac,Locataire,Acceptable,Consommation,1
33,22.01,27.9,34,719,10,99.71,CDD,Master,Locataire,Excellent,Immobilier,1
71,34.19,19.36,8,579,6,95.42,CDI,Licence,Locataire,Excellent,Immobilier,1
38,43.81,48.6,14,481,10,94.05,CDI,Licence,Locataire,Bon,Immobilier,0
28,104.79,46.99,80,465,4,81.11,Chômeur,Master,Locataire,Bon,Consommation,1
77,36.24,44.18,80,316,6,22.06,CDI,Licence,Locataire,Excellent,Automobile,0
54,31.05,23.98,30,449,8,53.26,CDI,Bac,Propriétaire,Mauvais,Consommation,1
53,118.24,36.11,47,638,5,22.43,CDI,Licence,Propriétaire,Acceptable,Consommation,1
52,105.59,45.63,51,344,1,25.97,Chômeur,Licence,Propriétaire,Mauvais,Immobilier,1
36,73.77,43.27,78,801,0,61.1,Chômeur,Licence,Propriétaire,Mauvais,Immobilier,1
37,89.16,23.64,64,488,0,4.08,CDD,Licence,Propriétaire,Bon,Automobile,0
74,57.12,10.06,26,360,9,96.95,CDD,Licence,Locataire,Bon,Immobilier,1
35,80.14,8.4,79,593,8,91.87,CDI,Bac,Locataire,Excellent,Immobilier,1
64,83.4,30.97,27,332,5,38.08,CDI,Master,Locataire,Bon,Consommation,0
58,67.28,33.92,34,598,5,51.54,Indépendant,Licence,Autre,Bon,Consommation,1
66,137.39,43.24,68,714,3,46.61,CDI,Licence,Propriétaire,Bon,Immobilier,0
31,17.17,18.16,78,848,1,88.22,CDD,Licence,Propriétaire,Bon,Consommation,0
32,120.59,12.54,66,730,9,68.86,CDD,Licence,Locataire,Excellent,Automobile,0
48,31.79,22.06,69,794,2,27.81,CDI,Bac,Locataire,Bon,Immobilier,1
18,122.67,20.91,74,399,2,44.68,CDD,Bac,Propriétaire,Excellent,Automobile,1
70,98.15,10.96,45,322,7,42.9,CDD,Bac,Locataire,Acceptable,Immobilier,1
71,128.84,35.25,80,719,5,95.93,Indépendant,Licence,Propriétaire,Excellent,Immobilier,1
71,28.16,27.89,6,723,6,17.53,CDI,Licence,Propriétaire,Bon,Immobilier,0
20,90.46,37.45,70,786,8,8.96,CDI,Master,Propriétaire,Excellent,Professionnel,0
33,82.65,20.87,67,388,0,88.06,CDD,Licence,Propriétaire,Acceptable,Automobile,1
40,110.34,19.66,59,508,1,89.67,Retraité,Master,Locataire,Bon,Consommation,1
74,87.13,26.27,65,570,8,87.17,CDI,Master,Propriétaire,Excellent,Immobilier,1
28,88.0,44.48,51,705,4,51.1,Retraité,Doctorat,Autre,Bon,Immobilier,1
29,73.0,6.81,10,577,3,65.97,Indépendant,Master,Propriétaire,Mauvais,Consommation,1
27,56.69,41.22,27,505,0,56.34,Indépendant,Licence,Locataire,Mauvais,Automobile,1
49,80.11,21.6,58,627,8,6.94,CDI,Licence,Locataire,Excellent,Consommation,1
33,31.0,43.46,75,635,10,59.58,CDI,Bac,Locataire,Acceptable,Immobilier,0
25,144.8,41.1,37,337,8,1.36,CDI,Master,Propriétaire,Excellent,Professionnel,0
55,111.45,20.69,16,527,3,32.5,CDI,Licence,Locataire,Excellent,Automobile,0
29,143.58,36.22,15,782,8,93.23,Retraité,Licence,Locataire,Bon,Immobilier,0
41,45.61,12.18,44,433,9,30.4,CDI,Licence,Propriétaire,Excellent,Consommation,1
45,133.71,45.33,36,689,0,93.98,CDD,Licence,Propriétaire,Acceptable,Consommation,1
70,124.19,23.2,17,724,4,25.01,CDI,Licence,Propriétaire,Mauvais,Immobilier,1
25,106.42,25.5,43,809,0,31.46,Indépendant,Licence,Propriétaire,Excellent,Professionnel,1
75,99.38,36.76,72,726,3,62.84,CDI,Master,Propriétaire,Excellent,Consommation,1
45,57.73,41.94,71,773,4,76.16,CDI,Master,Locataire,Bon,Immobilier,1
53,125.22,15.64,57,660,10,50.14,CDI,Master,Propriétaire,Bon,Immobilier,0
43,82.7,34.76,10,510,2,88.21,Indépendant,Master,Locataire,Mauvais,Automobile,1
25,24.57,22.64,16,478,1,4.02,CDI,Bac,Locataire,Acceptable,Immobilier,1
75,57.24,21.59,30,357,5,92.22,CDI,Master,Locataire,Bon,Automobile,1
77,141.27,36.05,40,372,10,19.63,CDI,Bac,Propriétaire,Bon,Consommation,0
67,129.84,22.42,40,514,2,88.42,Retraité,Master,Locataire,Acceptable,Consommation,1
45,147.56,20.57,27,372,9,40.09,CDD,Bac,Propriétaire,Excellent,Automobile,0
45,99.78,42.61,42,766,0,83.28,Indépendant,Licence,Propriétaire,Mauvais,Immobilier,1
54,48.41,9.56,60,570,10,67.17,CDD,Master,Propriétaire,Excellent,Professionnel,0
58,36.98,35.42,80,798,4,17.59,CDI,Licence,Locataire,Bon,Immobilier,1
53,40.23,16.19,77,653,1,91.8,CDD,Licence,Locataire,Excellent,Immobilier,1
44,17.67,5.7,69,533,1,24.55,CDI,Licence,Propriétaire,Bon,Automobile,1
71,67.74,12.5,25,618,3,24.41,CDI,Licence,Propriétaire,Bon,Consommation,0
80,40.84,32.3,9,318,3,81.42,CDD,Bac,Propriétaire,Acceptable,Professionnel,1
34,70.57,36.91,23,671,3,10.59,CDD,Licence,Autre,Acceptable,Professionnel,1
26,141.22,5.95,56,483,6,22.2,CDI,Bac,Autre,Bon,Professionnel,0
50,73.12,6.64,73,576,0,50.37,CDI,Licence,Propriétaire,Bon,Automobile,0
70,133.53,45.61,25,444,7,83.05,Indépendant,Bac,Propriétaire,Acceptable,Immobilier,1
37,96.74,8.3,14,380,9,14.75,Indépendant,Licence,Locataire,Acceptable,Automobile,0
30,48.36,45.24,31,621,8,54.77,CDI,Licence,Propriétaire,Excellent,Immobilier,1
45,63.04,15.27,30,734,9,71.12,CDI,Licence,Propriétaire,Acceptable,Immobilier,1
65,26.33,38.3,73,342,5,86.06,Chômeur,Licence,Locataire,Mauvais,Immobilier,1
46,60.02,18.94,46,612,3,93.56,Indépendant,Licence,Propriétaire,Bon,Immobilier,0
30,106.47,43.64,64,592,5,78.46,Retraité,Doctorat,Locataire,Bon,Automobile,1
63,24.73,36.52,50,368,9,65.28,CDI,Master,Propriétaire,Bon,Automobile,0
52,42.73,23.08,46,355,6,43.36,CDD,Master,Locataire,Bon,Automobile,1
78,66.49,8.43,43,503,5,11.21,CDI,Licence,Locataire,Acceptable,Consommation,0
23,147.58,37.97,24,719,10,70.97,CDD,Licence,Locataire,Bon,Consommation,1
35,120.96,32.76,19,849,0,99.27,CDI,Bac,Locataire,Mauvais,Professionnel,1
68,114.02,5.13,26,542,4,73.68,CDI,Licence,Propriétaire,Bon,Automobile,0
22,30.69,5.42,20,500,7,1.67,CDI,Master,Propriétaire,Excellent,Immobilier,0
64,120.43,41.4,8,773,7,49.63,CDD,Licence,Propriétaire,Acceptable,Immobilier,0
42,121.01,16.67,42,826,9,61.46,CDD,Licence,Propriétaire,Bon,Consommation,1
19,96.15,33.63,51,376,8,68.97,CDD,Bac,Propriétaire,Bon,Consommation,1
27,148.7,25.44,21,777,3,71.97,Chômeur,Bac,Locataire,Bon,Immobilier,0
73,58.91,43.85,19,739,9,55.81,Indépendant,Bac,Propriétaire,Excellent,Consommation,0
47,142.07,46.26,14,562,5,22.34,CDD,Licence,Propriétaire,Mauvais,Automobile,0
67,138.49,49.86,12,484,6,94.22,Retraité,Licence,Locataire,Bon,Immobilier,0
76,16.55,11.92,19,354,4,69.67,CDD,Licence,Locataire,Acceptable,Automobile,1
62,75.77,43.83,11,607,10,23.68,CDI,Licence,Propriétaire,Bon,Automobile,1
22,146.91,16.97,20,815,7,32.23,Retraité,Master,Propriétaire,Acceptable,Immobilier,0
72,28.92,31.59,57,598,2,92.19,CDI,Master,Propriétaire,Bon,Automobile,0
73,88.95,27.76,77,529,7,88.75,CDD,Master,Propriétaire,Bon,Consommation,1
50,147.16,5.81,39,676,4,40.51,CDI,Licence,Locataire,Mauvais,Automobile,1
71,89.99,46.97,6,585,0,3.83,CDD,Licence,Propriétaire,Bon,Immobilier,1
18,40.63,8.52,74,437,5,4.85,CDD,Master,Locataire,Acceptable,Professionnel,1
35,93.59,35.97,25,777,1,28.39,CDI,Bac,Autre,Excellent,Immobilier,0
49,42.6,40.33,12,306,6,62.91,CDD,Bac,Locataire,Bon,Immobilier,0
64,85.16,40.79,12,718,8,58.42,Indépendant,Licence,Propriétaire,Acceptable,Automobile,0
66,25.0,11.1,55,771,2,63.38,CDI,Licence,Locataire,Acceptable,Consommation,0
28,96.74,25.14,7,719,9,71.73,CDI,Bac,Locataire,Bon,Automobile,0
38,84.77,42.32,52,575,3,1.9,CDI,Master,Locataire,Mauvais,Consommation,1
43,114.92,18.62,19,389,3,10.51,Indépendant,Licence,Locataire,Bon,Professionnel,1
80,100.14,26.05,36,581,3,35.95,Indépendant,Licence,Locataire,Bon,Consommation,1
42,89.2,17.28,55,847,2,15.49,Chômeur,Licence,Locataire,Bon,Immobilier,1
39,108.12,25.86,66,470,4,7.53,CDI,Licence,Autre,Bon,Consommation,1
76,34.43,44.95,46,654,8,64.1,CDI,Bac,Locataire,Bon,Consommation,0
44,95.37,25.48,19,503,10,81.53,CDI,Bac,Locataire,Bon,Immobilier,1
66,38.23,30.02,10,588,7,75.26,CDI,Bac,Locataire,Mauvais,Immobilier,1
30,139.95,23.18,80,761,9,81.7,CDD,Master,Locataire,Excellent,Consommation,1
50,24.23,25.71,10,472,1,66.59,Retraité,Licence,Locataire,Excellent,Immobilier,1
51,73.1,5.68,69,600,8,73.53,CDI,Licence,Propriétaire,Excellent,Immobilier,0
58,108.93,17.77,34,828,9,27.18,Retraité,Licence,Locataire,Bon,Consommation,0
52,76.83,24.65,80,439,1,99.3,CDI,Licence,Locataire,Bon,Consommation,0
80,27.43,33.52,10,577,6,18.32,Chômeur,Licence,Locataire,Excellent,Immobilier,1
18,89.71,25.25,41,810,4,21.45,CDI,Bac,Locataire,Bon,Automobile,0
38,101.62,20.2,84,645,6,28.89,Chômeur,Master,Propriétaire,Bon,Automobile,0
65,110.01,22.46,24,439,4,97.53,CDI,Licence,Propriétaire,Acceptable,Consommation,0
72,65.39,15.9,69,413,5,98.83,Chômeur,Licence,Locataire,Mauvais,Professionnel,1
23,91.09,46.6,27,806,7,79.49,CDI,Licence,Locataire,Bon,Consommation,1
45,75.84,28.48,39,665,0,62.91,CDI,Master,Propriétaire,Excellent,Automobile,0
34,105.73,5.6,61,696,10,52.01,CDD,Licence,Locataire,Excellent,Professionnel,0
22,93.78,5.88,22,410,0,97.06,CDI,Bac,Locataire,Acceptable,Immobilier,1
48,85.98,48.78,81,657,4,69.56,CDD,Master,Locataire,Acceptable,Immobilier,0
22,48.69,14.97,61,537,0,94.47,Retraité,Licence,Locataire,Excellent,Automobile,0
55,15.27,41.25,22,302,2,31.66,CDD,Bac,Propriétaire,Bon,Automobile,0
20,38.5,7.62,79,703,9,33.38,Indépendant,Bac,Locataire,Acceptable,Immobilier,1
70,30.8,46.45,23,324,8,85.47,CDI,Master,Locataire,Bon,Immobilier,1
40,75.63,44.35,50,808,6,14.99,CDD,Master,Locataire,Bon,Consommation,1
54,97.65,30.7,83,764,5,94.59,CDD,Master,Locataire,Excellent,Consommation,1
70,43.77,5.4,61,360,7,50.75,Chômeur,Master,Propriétaire,Bon,Immobilier,1
54,141.77,16.6,55,807,7,92.64,CDI,Licence,Autre,Acceptable,Automobile,0
27,15.9,23.31,63,422,5,33.68,CDD,Licence,Locataire,Acceptable,Immobilier,1
27,119.26,25.7,23,796,3,71.6,CDI,Licence,Locataire,Acceptable,Consommation,1
36,99.4,18.4,12,354,3,48.29,CDI,Doctorat,Locataire,Bon,Automobile,0
34,65.43,6.48,81,462,3,62.68,CDI,Licence,Locataire,Acceptable,Professionnel,1
38,21.82,31.56,15,338,5,50.44,CDI,Doctorat,Locataire,Bon,Immobilier,0
31,99.71,28.59,74,382,0,96.71,CDI,Bac,Locataire,Excellent,Automobile,1
26,67.06,17.74,8,845,1,69.21,CDI,Master,Locataire,Acceptable,Immobilier,0
63,141.4,6.71,49,412,5,25.13,Indépendant,Licence,Propriétaire,Bon,Automobile,0
18,88.17,49.76,75,724,10,90.97,CDI,Master,Propriétaire,Bon,Consommation,1
68,141.85,26.69,19,529,0,29.4,Chômeur,Bac,Locataire,Mauvais,Professionnel,1
62,44.77,39.02,9,582,8,37.16,CDI,Bac,Locataire,Mauvais,Automobile,1
30,112.97,25.35,23,586,5,10.21,CDI,Bac,Propriétaire,Bon,Consommation,0
21,98.33,6.94,57,454,6,90.0,CDD,Licence,Locataire,Excellent,Immobilier,1
79,114.82,18.93,43,464,0,28.61,CDD,Licence,Locataire,Bon,Immobilier,0
18,43.98,19.4,25,481,7,25.89,CDD,Master,Locataire,Mauvais,Consommation,1
66,104.77,42.73,49,538,4,92.03,CDD,Licence,Propriétaire,Bon,Immobilier,1
57,82.24,34.44,56,638,4,80.55,CDI,Bac,Propriétaire,Mauvais,Immobilier,0
49,115.28,17.39,24,811,5,14.11,CDD,Bac,Locataire,Excellent,Automobile,0
51,59.15,48.55,73,565,6,76.93,CDD,Bac,Propriétaire,Bon,Automobile,0
45,135.16,19.47,71,486,6,91.3,CDI,Master,Locataire,Bon,Immobilier,0
48,26.38,49.92,18,339,4,7.85,Indépendant,Master,Locataire,Bon,Consommation,1
25,123.97,49.83,67,792,0,82.52,Indépendant,Doctorat,Locataire,Mauvais,Automobile,1
56,131.28,13.6,66,690,10,54.74,CDI,Licence,Locataire,Bon,Automobile,0
43,125.33,19.07,35,559,8,66.92,Indépendant,Bac,Propriétaire,Excellent,Immobilier,0
75,84.22,26.87,35,475,5,49.29,Chômeur,Bac,Propriétaire,Bon,Automobile,0
51,74.18,34.88,56,628,8,69.78,CDD,Licence,Locataire,Acceptable,Consommation,0
71,149.5,28.76,53,499,10,3.41,CDI,Doctorat,Locataire,Bon,Professionnel,0
71,45.94,48.62,38,495,3,76.27,Chômeur,Bac,Propriétaire,Acceptable,Professionnel,1
20,88.83,37.58,79,830,1,3.33,CDI,Bac,Propriétaire,Excellent,Automobile,0
76,105.54,14.54,24,361,2,45.53,CDI,Master,Propriétaire,Bon,Professionnel,0
67,109.62,9.73,76,626,3,15.1,CDI,Licence,Locataire,Excellent,Immobilier,0
29,42.54,35.98,62,580,9,82.36,Indépendant,Bac,Propriétaire,Excellent,Immobilier,0
18,103.29,12.13,24,526,7,31.37,Chômeur,Master,Propriétaire,Bon,Consommation,0
71,125.48,40.45,84,357,2,45.41,CDD,Bac,Locataire,Mauvais,Immobilier,1
61,21.75,19.0,46,776,7,42.88,Retraité,Master,Propriétaire,Excellent,Immobilier,0
22,138.06,19.71,47,675,5,77.25,CDI,Bac,Locataire,Excellent,Professionnel,1
47,18.98,5.49,57,542,3,48.11,CDI,Bac,Propriétaire,Bon,Consommation,0
47,63.06,36.55,9,666,6,78.9,CDD,Licence,Locataire,Bon,Immobilier,0
76,17.13,10.1,9,799,10,7.35,Retraité,Bac,Propriétaire,Acceptable,Consommation,1
74,25.41,39.78,10,551,4,19.16,CDD,Licence,Propriétaire,Acceptable,Consommation,1
34,138.01,27.13,46,621,4,55.15,CDI,Licence,Autre,Excellent,Professionnel,0
65,62.91,40.29,66,675,8,94.71,CDI,Licence,Propriétaire,Acceptable,Automobile,1
80,72.34,31.28,80,708,2,7.48,CDI,Licence,Locataire,Bon,Consommation,1
64,44.07,8.71,60,787,9,4.31,CDI,Licence,Propriétaire,Bon,Consommation,0
40,95.61,39.45,80,642,3,15.66,CDI,Bac,Propriétaire,Bon,Consommation,0
32,95.3,8.14,18,539,4,64.12,Chômeur,Doctorat,Locataire,Acceptable,Automobile,1
54,65.25,26.54,19,438,0,39.9,CDD,Master,Locataire,Bon,Automobile,0
38,59.96,12.76,65,421,6,82.56,CDD,Bac,Propriétaire,Excellent,Automobile,1
31,134.47,38.86,77,719,7,7.19,CDI,Licence,Locataire,Bon,Professionnel,0
19,66.74,46.02,30,603,5,19.64,CDI,Licence,Locataire,Bon,Immobilier,1
28,81.62,29.94,49,414,8,30.0,CDD,Bac,Propriétaire,Excellent,Immobilier,1
68,53.25,28.72,15,642,2,62.67,Chômeur,Licence,Locataire,Bon,Consommation,1
56,121.21,39.38,76,550,1,68.52,CDD,Licence,Propriétaire,Acceptable,Immobilier,1
55,68.66,5.23,55,306,4,12.42,Chômeur,Bac,Propriétaire,Bon,Automobile,1
77,84.34,46.3,49,478,8,94.38,Indépendant,Bac,Propriétaire,Bon,Immobilier,1
51,49.2,13.89,19,444,10,34.1,CDI,Master,Locataire,Acceptable,Automobile,1
55,148.33,49.29,20,715,0,71.32,CDI,Licence,Propriétaire,Acceptable,Professionnel,0
67,54.35,38.13,21,420,0,52.42,CDD,Bac,Locataire,Bon,Consommation,1
51,119.05,39.84,7,423,9,22.28,CDI,Master,Propriétaire,Bon,Immobilier,0
35,72.71,34.53,35,449,2,84.62,CDI,Master,Propriétaire,Acceptable,Professionnel,0
47,42.84,26.22,35,696,9,81.82,CDI,Bac,Locataire,Excellent,Immobilier,1
32,122.96,30.72,36,680,2,39.61,CDI,Master,Locataire,Bon,Automobile,0
44,60.04,7.09,82,300,4,58.86,Chômeur,Licence,Propriétaire,Excellent,Automobile,1
68,131.8,33.08,25,543,3,25.78,CDI,Licence,Propriétaire,Mauvais,Professionnel,1
80,138.56,33.17,54,697,5,68.99,CDI,Licence,Locataire,Excellent,Immobilier,1
51,131.08,45.1,40,550,7,30.9,CDD,Master,Propriétaire,Excellent,Consommation,1
69,19.73,27.75,28,598,7,84.41,CDD,Bac,Locataire,Bon,Automobile,1
74,121.3,8.47,66,596,10,21.74,CDD,Licence,Locataire,Acceptable,Immobilier,1
55,70.53,18.78,60,799,3,1.48,Chômeur,Licence,Locataire,Bon,Professionnel,1
50,132.95,34.5,72,414,0,26.85,Indépendant,Licence,Locataire,Acceptable,Automobile,1
41,101.12,15.77,13,300,6,19.11,CDD,Licence,Locataire,Acceptable,Consommation,1
32,127.54,17.62,45,781,5,50.83,CDI,Licence,Propriétaire,Bon,Immobilier,0
77,82.42,41.92,64,809,4,20.37,CDD,Bac,Propriétaire,Acceptable,Consommation,0
47,87.23,31.29,37,634,3,76.32,CDD,Licence,Propriétaire,Excellent,Consommation,0
72,34.49,27.88,12,764,5,24.14,Indépendant,Licence,Propriétaire,Mauvais,Automobile,1
59,120.84,19.33,7,440,7,70.7,Retraité,Master,Locataire,Acceptable,Automobile,0
68,71.62,37.89,11,436,5,57.85,CDD,Licence,Propriétaire,Mauvais,Professionnel,1
34,82.51,17.95,41,466,2,98.62,CDD,Licence,Locataire,Acceptable,Consommation,1
22,120.99,38.17,37,642,8,99.99,CDI,Doctorat,Locataire,Acceptable,Automobile,1
46,95.84,8.15,50,709,2,86.95,CDI,Bac,Locataire,Excellent,Consommation,1
21,42.15,43.9,47,364,3,76.0,CDI,Bac,Locataire,Bon,Consommation,1
27,94.68,27.48,58,366,4,38.65,CDI,Licence,Locataire,Bon,Immobilier,1
73,70.03,24.73,14,732,10,75.33,CDI,Bac,Propriétaire,Excellent,Automobile,0
34,78.39,32.5,80,349,1,95.67,CDI,Licence,Locataire,Acceptable,Professionnel,1
27,18.82,33.09,80,613,10,2.34,CDD,Bac,Propriétaire,Excellent,Professionnel,1
34,43.35,10.94,54,608,9,53.79,CDD,Bac,Locataire,Excellent,Consommation,1
77,52.94,39.03,7,414,10,21.8,CDD,Bac,Propriétaire,Acceptable,Immobilier,1
37,111.25,17.42,72,641,9,55.79,CDD,Licence,Propriétaire,Mauvais,Professionnel,1
41,16.55,45.72,16,829,1,46.64,CDI,Master,Propriétaire,Acceptable,Automobile,0
22,70.18,41.8,55,794,5,57.58,Retraité,Master,Locataire,Acceptable,Immobilier,1
51,139.74,20.58,40,568,1,55.1,CDI,Bac,Locataire,Bon,Consommation,1
23,30.1,41.35,20,379,9,96.01,Chômeur,Licence,Propriétaire,Acceptable,Consommation,1
70,84.72,21.04,80,755,0,55.22,CDI,Bac,Propriétaire,Bon,Immobilier,1
19,121.18,9.54,36,598,7,84.62,CDD,Licence,Propriétaire,Mauvais,Professionnel,1
30,142.24,48.28,67,501,9,31.98,CDI,Master,Propriétaire,Excellent,Professionnel,1
79,115.81,34.37,33,802,9,43.81,CDI,Licence,Locataire,Acceptable,Immobilier,1
60,112.28,25.52,30,784,0,47.04,CDI,Bac,Propriétaire,Bon,Professionnel,1
60,126.58,22.9,30,317,9,27.87,Indépendant,Licence,Locataire,Bon,Professionnel,0
65,75.24,19.61,80,777,5,37.98,CDI,Bac,Propriétaire,Acceptable,Immobilier,0
28,123.79,49.17,6,787,0,59.85,CDD,Licence,Locataire,Acceptable,Immobilier,0
68,16.08,11.06,64,745,7,58.02,CDI,Licence,Propriétaire,Acceptable,Automobile,0
64,139.82,19.17,74,639,4,63.64,CDI,Licence,Locataire,Excellent,Immobilier,0
74,74.85,26.85,79,830,2,35.18,Chômeur,Master,Locataire,Excellent,Consommation,0
40,89.71,26.51,47,415,4,31.58,Chômeur,Licence,Propriétaire,Excellent,Automobile,1
72,49.41,26.21,39,373,0,61.16,CDD,Master,Propriétaire,Excellent,Professionnel,1
33,115.24,12.91,71,568,0,13.29,CDI,Master,Propriétaire,Bon,Professionnel,1
48,25.35,11.52,23,415,3,25.3,CDI,Licence,Propriétaire,Acceptable,Immobilier,0
28,132.81,16.46,82,463,8,4.21,Retraité,Licence,Propriétaire,Bon,Automobile,0
71,126.8,46.15,10,521,8,7.26,CDI,Bac,Propriétaire,Acceptable,Automobile,1
33,44.17,10.09,25,425,0,24.34,Indépendant,Licence,Propriétaire,Bon,Automobile,0
25,124.26,39.08,71,475,2,1.95,CDI,Licence,Propriétaire,Bon,Automobile,0
21,121.16,39.09,80,674,3,24.54,Retraité,Bac,Propriétaire,Excellent,Immobilier,0
57,100.35,41.44,67,797,1,65.5,CDI,Licence,Propriétaire,Acceptable,Immobilier,1
21,65.43,44.9,37,384,6,6.11,CDI,Master,Propriétaire,Acceptable,Immobilier,1
73,51.65,16.84,63,682,2,43.67,CDD,Doctorat,Locataire,Bon,Professionnel,1
42,46.29,15.11,55,762,0,91.31,Retraité,Licence,Locataire,Bon,Immobilier,1
20,58.01,25.95,43,750,0,79.13,Retraité,Licence,Locataire,Excellent,Immobilier,1
49,136.98,16.93,60,817,2,30.54,Indépendant,Master,Propriétaire,Acceptable,Automobile,1
20,25.48,38.04,33,849,5,92.48,Indépendant,Licence,Propriétaire,Acceptable,Immobilier,1
44,126.9,33.62,79,415,3,32.96,CDD,Bac,Propriétaire,Bon,Immobilier,1
46,62.1,44.37,27,307,0,7.25,Indépendant,Bac,Locataire,Excellent,Automobile,1
49,85.42,8.72,48,517,6,99.41,Chômeur,Master,Locataire,Excellent,Automobile,0
67,122.26,46.18,41,703,1,87.0,CDD,Bac,Propriétaire,Excellent,Immobilier,1
78,134.39,18.2,57,603,4,46.59,CDD,Licence,Locataire,Excellent,Automobile,1
75,61.55,27.08,41,766,7,66.64,CDD,Licence,Locataire,Excellent,Automobile,0
68,77.35,24.74,33,387,6,67.12,CDD,Master,Autre,Excellent,Automobile,0
36,70.96,39.21,83,309,10,19.45,Chômeur,Master,Propriétaire,Bon,Consommation,1
38,16.79,23.91,63,607,7,20.0,CDI,Licence,Propriétaire,Bon,Immobilier,0
22,54.95,47.46,41,733,9,46.96,CDI,Master,Propriétaire,Bon,Automobile,1
35,76.99,45.61,75,463,10,91.16,CDD,Bac,Propriétaire,Bon,Consommation,1
45,70.5,44.25,14,538,5,1.0,CDI,Bac,Locataire,Acceptable,Professionnel,1
59,112.46,8.21,26,616,6,78.25,CDD,Master,Propriétaire,Bon,Consommation,0
78,66.95,43.44,69,634,8,5.75,Chômeur,Licence,Locataire,Bon,Automobile,1
39,81.07,40.17,81,317,5,47.82,CDD,Bac,Propriétaire,Acceptable,Automobile,1
38,73.0,9.66,66,370,8,63.79,Chômeur,Licence,Propriétaire,Mauvais,Automobile,1
23,114.98,9.83,45,474,1,68.68,CDI,Master,Propriétaire,Bon,Consommation,1
18,131.5,9.55,61,638,1,5.85,Chômeur,Master,Propriétaire,Excellent,Consommation,0
22,86.81,5.51,9,547,1,41.86,CDD,Master,Locataire,Acceptable,Immobilier,1
58,121.57,29.69,36,492,5,58.38,CDI,Licence,Autre,Mauvais,Immobilier,1
29,55.07,48.8,32,718,1,6.6,CDD,Master,Locataire,Excellent,Automobile,1
43,88.08,24.74,63,624,2,13.51,Retraité,Licence,Locataire,Excellent,Immobilier,1
63,61.61,29.33,30,605,7,66.36,CDI,Licence,Propriétaire,Acceptable,Professionnel,0
51,70.92,48.56,74,503,7,52.16,CDD,Master,Locataire,Bon,Immobilier,1
66,113.88,16.48,75,422,10,16.18,Chômeur,Licence,Propriétaire,Mauvais,Immobilier,1
31,134.02,43.63,10,746,3,53.52,CDI,Bac,Locataire,Excellent,Consommation,1
43,31.4,29.59,13,790,8,91.27,CDD,Licence,Locataire,Acceptable,Immobilier,1
62,100.68,30.63,14,732,7,1.56,CDD,Licence,Propriétaire,Excellent,Immobilier,0
44,93.59,20.44,20,427,0,64.26,CDI,Bac,Propriétaire,Bon,Automobile,1
26,30.99,30.27,12,847,7,7.37,CDD,Bac,Autre,Mauvais,Automobile,1
43,43.61,8.29,77,346,0,0.64,CDI,Bac,Propriétaire,Excellent,Immobilier,0
74,56.99,39.41,20,804,3,15.07,Indépendant,Bac,Propriétaire,Excellent,Automobile,1
64,37.54,17.81,42,414,9,42.29,CDI,Master,Propriétaire,Acceptable,Immobilier,0
74,47.9,44.94,44,715,5,80.23,CDI,Bac,Locataire,Excellent,Automobile,1
39,51.13,21.55,11,522,6,28.18,CDD,Bac,Propriétaire,Excellent,Automobile,0
64,60.32,11.43,62,802,9,62.57,CDI,Licence,Locataire,Bon,Consommation,0
73,116.17,36.31,24,395,3,41.12,CDI,Master,Locataire,Bon,Automobile,0
47,92.21,12.41,68,406,7,23.43,Indépendant,Bac,Locataire,Acceptable,Automobile,1
60,148.14,38.92,36,331,7,51.42,Chômeur,Bac,Propriétaire,Acceptable,Automobile,1
80,70.99,48.57,80,792,8,79.75,Chômeur,Master,Locataire,Bon,Immobilier,0
65,116.77,40.08,84,365,5,83.25,CDD,Licence,Propriétaire,Bon,Immobilier,0
78,132.65,6.01,15,478,3,84.65,Chômeur,Master,Locataire,Bon,Consommation,1
34,106.66,31.99,72,742,1,33.86,Chômeur,Bac,Locataire,Acceptable,Immobilier,1
43,70.6,36.29,67,848,6,79.35,CDI,Bac,Locataire,Acceptable,Consommation,1
53,116.74,42.15,8,500,9,21.22,CDI,Bac,Locataire,Mauvais,Immobilier,1
18,42.5,7.52,23,348,2,73.84,CDI,Bac,Locataire,Mauvais,Consommation,1
25,59.22,26.6,30,562,10,94.84,CDD,Master,Propriétaire,Bon,Professionnel,0
66,88.8,29.09,25,432,2,1.37,Chômeur,Doctorat,Locataire,Bon,Automobile,0
52,92.68,12.61,63,643,2,44.04,CDD,Doctorat,Propriétaire,Bon,Automobile,0
78,17.99,19.51,55,475,3,64.78,CDD,Master,Propriétaire,Excellent,Automobile,1
69,142.59,24.81,84,690,1,70.18,CDI,Master,Propriétaire,Excellent,Consommation,1
32,109.04,42.49,15,310,4,17.61,CDI,Licence,Locataire,Acceptable,Immobilier,1
64,81.92,46.82,26,500,2,97.22,CDD,Master,Propriétaire,Bon,Consommation,1
80,140.97,33.28,34,302,9,61.53,Retraité,Bac,Locataire,Bon,Consommation,0
73,74.28,22.77,15,513,4,16.43,CDI,Licence,Locataire,Bon,Automobile,0
39,147.36,16.43,18,606,6,2.05,Chômeur,Licence,Locataire,Acceptable,Immobilier,1
31,84.16,49.2,52,843,8,78.33,CDI,Master,Locataire,Excellent,Immobilier,1
43,30.43,49.24,28,626,1,7.97,CDD,Licence,Propriétaire,Bon,Consommation,1
45,118.25,46.62,55,498,8,14.11,CDD,Master,Locataire,Bon,Immobilier,1
40,106.65,40.36,9,408,9,57.48,Chômeur,Licence,Locataire,Acceptable,Automobile,1
31,119.35,19.66,72,590,5,60.35,CDI,Master,Locataire,Bon,Immobilier,0
41,143.44,41.77,58,407,5,68.69,CDI,Doctorat,Propriétaire,Mauvais,Immobilier,0
19,119.83,23.4,7,707,10,39.35,CDI,Bac,Propriétaire,Bon,Automobile,1
62,97.53,19.7,73,351,2,77.39,Chômeur,Master,Locataire,Mauvais,Consommation,1
43,130.74,38.52,70,411,9,97.44,CDI,Licence,Propriétaire,Acceptable,Automobile,0
31,105.89,8.58,84,594,8,27.11,CDI,Licence,Propriétaire,Bon,Consommation,0
76,70.1,7.19,62,488,3,70.3,CDD,Master,Propriétaire,Bon,Automobile,1
73,134.56,25.16,75,364,4,92.85,CDD,Licence,Propriétaire,Bon,Consommation,0
68,44.96,25.05,12,764,2,68.63,Indépendant,Licence,Propriétaire,Acceptable,Automobile,1
24,111.48,45.3,24,557,4,68.11,Chômeur,Licence,Locataire,Bon,Professionnel,1
20,134.01,10.68,49,630,7,22.38,CDD,Bac,Locataire,Bon,Automobile,1
64,113.73,10.55,68,800,7,53.51,Chômeur,Licence,Propriétaire,Bon,Automobile,1
40,109.13,11.64,70,509,7,56.25,Indépendant,Bac,Propriétaire,Acceptable,Automobile,1
63,116.61,6.34,44,388,5,70.01,CDI,Master,Locataire,Excellent,Immobilier,0
60,77.78,8.23,31,327,0,99.68,Chômeur,Bac,Propriétaire,Excellent,Immobilier,1
64,133.01,34.69,49,537,10,3.36,CDD,Licence,Locataire,Excellent,Immobilier,1
77,42.46,24.42,17,635,9,6.52,CDI,Master,Propriétaire,Excellent,Consommation,0
62,32.2,39.36,27,362,5,7.8,CDD,Master,Propriétaire,Bon,Immobilier,0
35,53.54,49.67,82,799,10,74.3,CDI,Master,Locataire,Acceptable,Automobile,0
75,86.76,34.66,19,840,9,13.64,CDI,Licence,Locataire,Bon,Professionnel,0
55,83.93,7.27,35,768,6,62.25,Indépendant,Bac,Locataire,Excellent,Automobile,1
52,125.78,9.71,49,350,8,32.47,Indépendant,Licence,Propriétaire,Bon,Immobilier,0
68,69.62,44.65,43,411,7,45.73,Indépendant,Bac,Propriétaire,Mauvais,Consommation,1
32,80.39,28.74,64,600,10,21.57,CDI,Master,Locataire,Bon,Immobilier,1
42,16.8,42.12,47,389,7,86.61,Retraité,Licence,Locataire,Mauvais,Automobile,1
72,70.31,43.55,57,528,6,58.62,CDI,Licence,Propriétaire,Excellent,Automobile,0
54,102.45,46.75,68,449,1,94.46,CDI,Licence,Locataire,Excellent,Immobilier,1
45,17.09,47.74,66,437,0,57.46,CDI,Licence,Locataire,Acceptable,Immobilier,1
27,52.92,29.97,39,434,1,12.39,CDI,Licence,Locataire,Bon,Immobilier,1
56,43.07,20.35,44,756,5,17.09,CDI,Master,Propriétaire,Acceptable,Immobilier,1
74,20.67,48.28,46,793,1,98.91,CDD,Bac,Locataire,Acceptable,Immobilier,1
34,79.7,29.63,42,826,9,72.56,Chômeur,Licence,Propriétaire,Bon,Professionnel,0
56,39.53,7.89,70,632,3,4.93,Retraité,Bac,Locataire,Acceptable,Automobile,1
39,115.32,33.92,84,661,9,70.38,Indépendant,Bac,Propriétaire,Bon,Consommation,1
43,129.47,31.45,37,473,2,41.22,CDD,Licence,Locataire,Acceptable,Automobile,1
79,88.65,45.31,13,512,5,30.72,Indépendant,Bac,Propriétaire,Bon,Consommation,1
61,147.53,34.39,23,642,7,15.41,Indépendant,Bac,Propriétaire,Excellent,Immobilier,1
42,75.81,20.71,50,360,10,83.99,CDD,Master,Propriétaire,Bon,Immobilier,0
34,84.3,48.48,38,360,5,6.38,Indépendant,Licence,Propriétaire,Mauvais,Automobile,1
30,148.54,41.07,10,823,1,28.98,CDD,Bac,Propriétaire,Excellent,Consommation,1
37,46.26,33.37,79,515,4,30.64,CDI,Bac,Propriétaire,Excellent,Immobilier,0
42,142.24,18.18,41,722,10,16.09,CDD,Bac,Autre,Bon,Automobile,1
21,20.78,21.81,28,722,5,50.82,CDD,Licence,Locataire,Acceptable,Immobilier,1
27,75.26,35.15,45,670,8,1.17,Indépendant,Licence,Locataire,Bon,Automobile,1
20,24.45,8.24,10,505,5,30.1,CDI,Licence,Propriétaire,Excellent,Automobile,0
58,113.45,16.55,39,585,9,93.36,CDD,Bac,Propriétaire,Bon,Consommation,1
62,97.14,37.13,29,404,4,31.05,Chômeur,Licence,Propriétaire,Excellent,Immobilier,1
35,110.4,26.6,22,842,0,36.05,Retraité,Licence,Locataire,Excellent,Immobilier,0
64,65.55,23.11,76,541,9,47.32,CDI,Licence,Propriétaire,Bon,Automobile,0
53,64.88,11.82,27,790,4,56.17,CDI,Master,Locataire,Bon,Professionnel,1
64,21.12,24.88,20,797,4,80.87,CDD,Licence,Propriétaire,Bon,Automobile,0
39,62.24,39.68,20,734,5,19.03,CDI,Bac,Autre,Excellent,Automobile,0
51,140.45,16.88,30,783,6,87.17,CDI,Master,Propriétaire,Bon,Automobile,1
64,66.2,5.24,58,746,3,75.75,CDI,Bac,Propriétaire,Acceptable,Immobilier,0
25,127.23,35.08,26,683,6,72.27,Indépendant,Bac,Locataire,Bon,Consommation,1
57,128.71,48.77,71,809,4,8.68,Indépendant,Master,Autre,Bon,Immobilier,0
66,65.39,32.31,37,469,5,2.16,CDD,Licence,Locataire,Excellent,Consommation,1
61,100.32,10.4,26,622,3,59.4,CDD,Master,Propriétaire,Excellent,Automobile,0
36,27.88,19.43,73,773,7,86.31,CDD,Bac,Locataire,Acceptable,Automobile,1
59,29.0,44.04,49,531,8,58.44,CDI,Licence,Locataire,Bon,Immobilier,0
58,21.57,15.47,71,658,1,21.32,CDD,Bac,Propriétaire,Bon,Consommation,1
54,93.44,32.35,19,574,10,9.05,CDI,Licence,Propriétaire,Acceptable,Immobilier,0
23,72.52,23.12,20,331,3,69.96,CDD,Bac,Locataire,Acceptable,Consommation,1
69,88.98,14.35,25,476,10,72.18,CDI,Licence,Locataire,Acceptable,Consommation,1
43,85.34,41.6,39,364,7,17.25,CDD,Bac,Locataire,Acceptable,Automobile,1
51,62.28,38.43,41,326,7,2.82,CDD,Bac,Autre,Excellent,Immobilier,1
76,106.46,34.77,14,778,8,40.83,CDI,Licence,Propriétaire,Mauvais,Professionnel,1
73,117.4,15.64,76,567,2,58.27,CDI,Doctorat,Locataire,Mauvais,Immobilier,1
76,16.97,9.4,35,365,0,70.6,CDI,Master,Locataire,Excellent,Professionnel,1
62,42.98,30.93,82,432,8,80.99,CDD,Doctorat,Locataire,Acceptable,Immobilier,1
23,111.29,29.92,68,665,0,61.05,CDI,Licence,Locataire,Bon,Automobile,0
54,67.19,13.48,40,381,2,11.09,CDI,Bac,Locataire,Acceptable,Immobilier,1
74,104.44,7.53,18,627,2,68.26,CDD,Licence,Propriétaire,Excellent,Immobilier,1
50,61.84,8.63,84,397,8,98.42,Indépendant,Licence,Propriétaire,Bon,Immobilier,1
70,67.75,49.67,51,626,0,90.56,CDI,Bac,Propriétaire,Excellent,Immobilier,0
39,36.42,40.26,61,841,6,87.17,CDD,Bac,Locataire,Bon,Professionnel,1
38,49.86,46.49,14,424,1,30.22,Chômeur,Bac,Propriétaire,Excellent,Consommation,1
23,96.73,13.78,41,509,6,75.08,Chômeur,Licence,Locataire,Bon,Immobilier,1
23,73.48,48.23,8,432,0,85.11,CDI,Bac,Propriétaire,Acceptable,Immobilier,1
72,119.53,11.42,24,802,9,67.83,Indépendant,Bac,Propriétaire,Acceptable,Consommation,1
65,130.1,27.91,33,456,9,25.06,CDD,Licence,Locataire,Excellent,Automobile,1
21,88.12,42.34,28,681,7,95.38,Retraité,Licence,Locataire,Acceptable,Consommation,1
47,117.37,20.74,12,321,9,45.08,CDD,Licence,Propriétaire,Bon,Automobile,0
28,56.43,24.12,81,718,9,12.98,Indépendant,Master,Locataire,Acceptable,Consommation,1
79,71.02,10.77,19,771,1,10.98,Indépendant,Bac,Propriétaire,Bon,Automobile,0
79,111.22,10.53,51,533,2,64.75,CDD,Master,Propriétaire,Acceptable,Automobile,1
47,67.14,32.88,20,753,7,43.77,Indépendant,Bac,Propriétaire,Acceptable,Immobilier,0
48,94.45,35.4,72,461,2,9.45,CDI,Licence,Locataire,Bon,Automobile,1
41,40.03,39.98,20,600,0,74.04,CDI,Licence,Propriétaire,Bon,Immobilier,0
72,95.97,30.05,56,605,8,79.93,CDI,Doctorat,Locataire,Mauvais,Automobile,1
26,131.3,34.06,13,301,7,72.54,Chômeur,Licence,Locataire,Acceptable,Automobile,1
72,132.27,5.61,74,570,3,20.23,CDD,Bac,Propriétaire,Bon,Consommation,1
20,112.79,12.3,67,720,7,68.98,CDD,Licence,Propriétaire,Excellent,Immobilier,1
68,115.68,49.32,56,442,4,1.07,CDD,Licence,Propriétaire,Acceptable,Automobile,0
48,90.32,8.42,68,834,2,30.51,CDI,Licence,Locataire,Mauvais,Immobilier,0
57,93.93,35.55,73,336,0,39.88,CDI,Bac,Locataire,Bon,Automobile,0
54,33.04,12.92,83,406,9,83.52,Indépendant,Licence,Locataire,Mauvais,Consommation,1
53,74.92,37.25,21,596,4,39.04,Retraité,Bac,Propriétaire,Excellent,Consommation,1
41,75.85,36.77,29,396,10,1.13,CDI,Master,Propriétaire,Mauvais,Professionnel,0
48,144.4,15.54,11,580,5,35.23,CDI,Licence,Propriétaire,Acceptable,Professionnel,0
23,73.2,17.13,62,409,3,49.89,CDI,Bac,Propriétaire,Bon,Consommation,1
19,89.16,34.46,36,848,6,94.9,CDI,Master,Propriétaire,Bon,Immobilier,1
37,86.99,22.55,11,487,2,94.1,CDI,Licence,Autre,Bon,Immobilier,0
45,100.96,13.75,84,787,6,18.09,CDD,Licence,Locataire,Bon,Automobile,0
28,116.01,37.93,34,653,0,18.51,CDI,Bac,Locataire,Mauvais,Professionnel,0
21,45.38,11.94,72,318,6,16.34,CDI,Licence,Propriétaire,Acceptable,Automobile,1
32,86.38,43.5,80,692,0,78.89,Indépendant,Licence,Propriétaire,Bon,Immobilier,1
23,126.5,28.16,8,560,10,0.6,Retraité,Master,Propriétaire,Mauvais,Professionnel,1
71,77.52,9.76,33,709,0,12.72,CDI,Bac,Propriétaire,Bon,Automobile,0
66,52.59,36.23,79,702,1,53.8,CDD,Bac,Locataire,Acceptable,Consommation,1
47,103.39,28.36,53,783,1,24.76,CDI,Master,Propriétaire,Acceptable,Consommation,0
73,126.21,18.41,15,603,3,9.24,Chômeur,Doctorat,Locataire,Mauvais,Consommation,1
55,23.52,24.01,38,317,0,35.99,CDD,Bac,Autre,Excellent,Consommation,0
68,119.87,18.43,72,483,3,27.42,Indépendant,Master,Propriétaire,Bon,Consommation,0
79,125.92,16.84,74,704,1,51.11,CDI,Bac,Locataire,Bon,Consommation,1
74,77.31,12.36,17,430,3,97.92,CDD,Master,Locataire,Bon,Automobile,1
19,147.75,21.32,62,778,3,12.43,CDD,Master,Propriétaire,Bon,Consommation,1
32,121.21,16.29,49,307,8,37.27,CDI,Bac,Locataire,Acceptable,Consommation,1
28,119.44,35.75,18,617,8,93.2,CDI,Bac,Propriétaire,Bon,Automobile,0
25,115.96,35.77,29,690,0,87.69,CDD,Bac,Locataire,Bon,Immobilier,0
43,35.33,27.58,49,818,4,39.43,Indépendant,Bac,Propriétaire,Excellent,Immobilier,0
68,44.33,40.01,62,435,6,69.9,CDI,Bac,Propriétaire,Bon,Automobile,0
62,77.64,42.86,21,830,3,8.79,CDD,Master,Propriétaire,Acceptable,Immobilier,1
61,50.64,31.09,26,666,4,71.25,CDI,Bac,Locataire,Excellent,Consommation,1
22,71.06,32.85,81,788,1,97.29,CDI,Licence,Propriétaire,Excellent,Immobilier,0
23,134.94,17.73,56,310,2,53.75,CDD,Master,Propriétaire,Bon,Immobilier,1
43,126.28,45.27,26,745,6,49.85,CDI,Licence,Propriétaire,Excellent,Immobilier,0
71,100.06,6.09,65,413,9,18.73,CDI,Licence,Propriétaire,Excellent,Automobile,0
21,130.85,20.69,56,495,6,63.38,CDI,Bac,Locataire,Acceptable,Immobilier,0
36,120.81,37.48,26,622,3,59.04,CDD,Licence,Locataire,Acceptable,Automobile,1
37,72.91,8.6,11,811,0,65.19,CDD,Bac,Locataire,Bon,Professionnel,1
50,42.14,13.24,78,464,0,2.61,Retraité,Master,Locataire,Bon,Consommation,1
37,84.42,31.52,70,551,3,54.87,CDI,Bac,Locataire,Mauvais,Consommation,1
66,114.39,30.2,81,343,3,59.49,Indépendant,Licence,Locataire,Excellent,Automobile,1
29,73.92,38.25,63,769,5,20.75,CDI,Licence,Locataire,Bon,Consommation,1
64,105.01,41.57,83,788,6,20.83,CDD,Licence,Propriétaire,Bon,Consommation,0
18,27.73,10.79,11,480,8,27.62,CDD,Bac,Propriétaire,Acceptable,Professionnel,1
43,115.98,5.83,70,376,8,71.17,CDI,Bac,Autre,Mauvais,Immobilier,1
31,124.72,36.03,39,673,9,60.63,CDD,Master,Locataire,Bon,Immobilier,1
55,110.42,18.56,61,366,4,84.58,CDI,Bac,Locataire,Bon,Immobilier,1
54,145.58,33.17,80,824,9,29.57,CDI,Bac,Propriétaire,Acceptable,Professionnel,0
79,126.6,11.77,8,391,10,91.21,CDI,Licence,Locataire,Mauvais,Automobile,1
28,136.92,26.11,47,543,2,74.37,Indépendant,Master,Locataire,Acceptable,Automobile,1
80,141.03,27.7,67,640,2,39.5,Indépendant,Licence,Propriétaire,Acceptable,Automobile,0
53,123.18,31.33,11,603,5,9.53,CDI,Licence,Propriétaire,Acceptable,Consommation,0
30,106.02,28.09,11,697,0,25.7,CDI,Licence,Propriétaire,Excellent,Professionnel,0
60,15.77,27.31,68,747,6,95.68,CDI,Bac,Locataire,Bon,Consommation,1
20,77.89,19.97,25,396,2,31.04,CDI,Licence,Locataire,Excellent,Consommation,1
50,92.11,8.2,26,630,4,32.99,Indépendant,Master,Locataire,Excellent,Immobilier,1
23,56.04,9.03,7,504,6,18.96,CDD,Doctorat,Propriétaire,Bon,Automobile,0
67,57.94,24.52,61,748,6,80.69,CDI,Bac,Locataire,Acceptable,Consommation,1
73,144.76,21.01,15,717,8,27.56,CDI,Licence,Propriétaire,Bon,Consommation,0
27,135.38,28.23,75,376,0,33.03,Indépendant,Licence,Propriétaire,Acceptable,Consommation,0
22,129.64,18.72,28,848,2,41.43,CDI,Bac,Propriétaire,Excellent,Immobilier,0
40,69.81,35.96,35,724,8,43.37,CDI,Licence,Autre,Acceptable,Immobilier,0
27,16.85,43.88,83,728,7,41.13,CDD,Bac,Propriétaire,Bon,Immobilier,1
61,25.83,18.45,42,784,1,50.37,CDD,Licence,Propriétaire,Acceptable,Automobile,1
19,57.15,13.68,60,434,7,81.45,CDD,Bac,Propriétaire,Bon,Automobile,1
30,17.13,10.23,54,553,7,81.93,Chômeur,Licence,Propriétaire,Bon,Professionnel,1
57,17.32,32.73,39,554,1,79.83,CDI,Licence,Locataire,Bon,Consommation,0
19,138.74,24.97,49,798,7,10.11,Indépendant,Licence,Locataire,Bon,Immobilier,0
37,110.33,13.46,27,783,2,79.97,CDI,Licence,Locataire,Excellent,Immobilier,0
18,56.71,34.39,36,345,6,12.03,CDD,Bac,Locataire,Bon,Consommation,1
80,32.91,11.68,12,742,8,12.47,Chômeur,Licence,Locataire,Bon,Automobile,0
54,84.07,29.94,26,303,3,94.79,CDD,Master,Locataire,Acceptable,Consommation,1
26,15.72,28.72,21,300,10,81.94,Indépendant,Bac,Propriétaire,Acceptable,Automobile,1
34,141.69,38.04,25,589,5,55.24,Indépendant,Licence,Autre,Mauvais,Immobilier,1
26,71.0,7.48,48,408,8,87.5,CDI,Licence,Propriétaire,Bon,Immobilier,1
28,69.32,44.95,49,759,10,98.94,Indépendant,Licence,Locataire,Bon,Automobile,0
32,67.73,36.63,52,565,10,61.06,Chômeur,Licence,Locataire,Acceptable,Automobile,1
41,24.36,14.73,24,437,4,61.29,CDD,Licence,Propriétaire,Bon,Consommation,1
55,101.17,13.25,53,733,0,75.44,CDI,Bac,Propriétaire,Excellent,Automobile,1
72,113.96,24.42,84,343,2,23.21,CDI,Licence,Propriétaire,Acceptable,Professionnel,1
52,106.28,41.79,74,809,10,16.71,CDI,Licence,Propriétaire,Excellent,Consommation,0
47,33.69,42.93,16,561,8,75.96,CDI,Bac,Locataire,Excellent,Automobile,0
48,93.14,28.42,84,451,2,34.49,CDD,Licence,Autre,Acceptable,Automobile,1
66,91.88,43.74,34,512,10,13.51,CDI,Licence,Locataire,Acceptable,Consommation,0
22,132.24,5.24,50,533,10,31.49,CDI,Master,Locataire,Acceptable,Immobilier,1
79,66.18,6.58,73,660,9,35.86,CDI,Bac,Propriétaire,Bon,Professionnel,1
77,65.15,46.03,41,619,1,96.52,CDD,Doctorat,Propriétaire,Acceptable,Automobile,0
61,98.5,39.89,53,521,3,69.8,CDD,Licence,Locataire,Acceptable,Professionnel,1
67,100.46,25.28,20,509,4,53.09,Indépendant,Licence,Autre,Acceptable,Professionnel,0
31,78.35,38.91,49,695,6,96.89,CDI,Bac,Locataire,Acceptable,Automobile,0
70,74.81,48.0,72,788,6,90.31,CDI,Licence,Propriétaire,Bon,Immobilier,1
73,81.71,39.74,79,763,8,51.2,CDI,Master,Locataire,Excellent,Automobile,0
28,131.24,42.91,45,751,7,90.57,CDI,Licence,Locataire,Acceptable,Automobile,0
26,77.26,39.23,19,712,1,40.43,CDI,Licence,Locataire,Acceptable,Consommation,1
51,141.89,12.57,68,775,7,23.04,Indépendant,Licence,Locataire,Bon,Immobilier,0
29,83.04,42.51,56,555,7,23.27,CDI,Licence,Locataire,Acceptable,Automobile,1
52,143.14,13.78,84,449,4,66.23,Chômeur,Bac,Propriétaire,Bon,Professionnel,1
52,127.43,45.17,63,426,2,50.11,CDD,Master,Locataire,Bon,Professionnel,1
18,63.93,25.64,20,691,8,65.9,CDI,Licence,Propriétaire,Bon,Immobilier,1
57,131.59,35.46,70,779,6,68.61,Indépendant,Bac,Propriétaire,Excellent,Consommation,0
39,29.86,27.38,60,696,0,2.23,Indépendant,Licence,Locataire,Excellent,Immobilier,1
77,139.88,9.23,81,701,7,5.4,CDD,Master,Propriétaire,Acceptable,Consommation,1
46,100.27,18.08,15,573,9,53.27,Chômeur,Master,Propriétaire,Bon,Immobilier,1
25,22.34,49.27,47,438,4,19.1,CDI,Licence,Propriétaire,Excellent,Professionnel,0
28,101.97,48.23,16,402,5,63.25,Indépendant,Master,Locataire,Mauvais,Consommation,1
58,146.52,19.42,21,541,8,55.22,CDI,Bac,Propriétaire,Excellent,Automobile,0
54,24.42,49.83,78,416,9,58.58,Indépendant,Bac,Propriétaire,Acceptable,Immobilier,1
31,89.88,43.05,83,513,7,30.25,CDI,Bac,Propriétaire,Mauvais,Immobilier,1
77,115.95,32.49,24,783,10,63.98,CDI,Bac,Locataire,Bon,Consommation,1
47,124.38,6.81,36,828,2,82.95,CDD,Bac,Propriétaire,Acceptable,Consommation,0
52,70.87,45.57,78,523,4,99.81,CDI,Licence,Locataire,Mauvais,Consommation,1
38,42.56,30.08,58,569,3,83.84,CDI,Licence,Propriétaire,Acceptable,Consommation,1
54,20.72,44.08,13,433,0,55.75,CDI,Licence,Locataire,Bon,Consommation,0
22,93.26,42.55,29,413,4,19.34,CDD,Licence,Propriétaire,Bon,Professionnel,1
36,76.14,42.49,13,740,9,68.14,Chômeur,Master,Locataire,Bon,Consommation,1
76,143.08,36.42,53,664,6,93.77,CDD,Bac,Locataire,Acceptable,Immobilier,1
31,23.18,18.11,35,531,0,21.19,Indépendant,Licence,Propriétaire,Acceptable,Consommation,0
43,107.53,20.13,63,757,3,25.6,CDD,Licence,Locataire,Acceptable,Immobilier,1
79,18.37,18.88,60,674,5,14.9,CDI,Master,Locataire,Bon,Professionnel,1
21,38.14,5.9,78,506,10,73.67,CDI,Bac,Propriétaire,Bon,Automobile,1
42,76.23,31.22,67,819,8,40.66,CDD,Bac,Locataire,Bon,Immobilier,0
62,76.41,36.45,53,767,10,6.27,CDI,Licence,Locataire,Excellent,Immobilier,1
59,107.57,43.42,9,742,7,87.49,CDI,Master,Propriétaire,Acceptable,Consommation,0
42,137.88,11.31,42,620,1,55.77,CDD,Bac,Propriétaire,Bon,Immobilier,0
35,101.27,29.49,13,392,10,33.11,CDD,Licence,Autre,Bon,Professionnel,1
57,143.73,5.36,6,707,2,34.4,CDI,Bac,Locataire,Acceptable,Immobilier,1
25,134.02,9.28,75,457,9,29.03,Indépendant,Doctorat,Locataire,Excellent,Immobilier,0
56,93.91,7.44,52,398,4,45.55,Indépendant,Bac,Locataire,Mauvais,Immobilier,1
57,127.56,37.65,80,524,10,33.7,Indépendant,Bac,Propriétaire,Excellent,Immobilier,0
31,101.75,8.65,10,740,6,54.79,Retraité,Bac,Propriétaire,Mauvais,Automobile,1
49,25.61,37.24,55,700,2,77.35,CDI,Licence,Locataire,Bon,Automobile,1
68,114.98,16.23,29,363,6,67.45,CDD,Bac,Locataire,Excellent,Immobilier,1
78,27.81,44.5,52,578,4,29.45,Chômeur,Master,Propriétaire,Acceptable,Immobilier,1
55,95.2,41.59,23,818,9,52.87,CDD,Master,Locataire,Acceptable,Immobilier,0
50,109.86,48.1,33,547,5,84.01,Indépendant,Bac,Locataire,Bon,Consommation,1
40,23.98,44.77,82,667,5,6.82,CDI,Licence,Locataire,Acceptable,Automobile,1
80,46.16,47.0,10,397,10,7.83,CDD,Bac,Propriétaire,Mauvais,Immobilier,1
32,138.62,43.64,35,567,10,55.62,CDI,Licence,Propriétaire,Excellent,Immobilier,1
50,98.2,36.2,6,359,3,63.91,Retraité,Bac,Autre,Acceptable,Automobile,0
42,48.25,12.66,51,799,7,21.14,Indépendant,Bac,Locataire,Bon,Immobilier,1
34,108.24,17.23,74,607,8,74.52,Chômeur,Licence,Propriétaire,Bon,Automobile,1
50,95.56,14.57,36,792,1,64.63,CDD,Bac,Locataire,Bon,Professionnel,1
64,82.71,32.16,75,710,8,92.33,CDI,Master,Propriétaire,Bon,Immobilier,0
72,146.79,27.66,61,439,10,16.9,CDI,Licence,Propriétaire,Excellent,Immobilier,0
19,107.27,44.02,33,627,3,75.14,Chômeur,Master,Propriétaire,Bon,Immobilier,1
31,65.68,47.87,21,763,5,8.36,CDI,Master,Propriétaire,Bon,Automobile,1
70,123.01,23.22,59,462,6,56.53,CDI,Master,Locataire,Bon,Immobilier,1
57,134.42,27.79,58,359,3,55.19,CDD,Licence,Locataire,Bon,Automobile,0
57,31.9,48.72,17,330,7,38.84,CDI,Licence,Propriétaire,Bon,Professionnel,1
68,42.07,17.43,25,632,9,84.46,CDD,Licence,Locataire,Bon,Immobilier,0
56,44.19,40.66,39,375,7,0.44,CDD,Master,Locataire,Mauvais,Automobile,0
68,108.31,15.14,58,616,0,52.02,CDD,Licence,Propriétaire,Bon,Consommation,0
23,96.41,35.67,69,716,7,21.72,Chômeur,Master,Locataire,Excellent,Immobilier,0
23,98.56,16.41,28,489,9,74.35,CDI,Bac,Locataire,Bon,Immobilier,1
20,142.0,44.77,32,788,2,4.31,CDI,Licence,Locataire,Acceptable,Automobile,1
24,119.75,30.27,22,614,4,83.16,CDI,Licence,Locataire,Excellent,Immobilier,0
68,32.27,13.37,53,595,9,83.81,Retraité,Master,Propriétaire,Bon,Consommation,1
25,61.91,15.1,26,800,7,83.29,CDI,Bac,Propriétaire,Acceptable,Immobilier,1
59,73.78,27.22,55,476,10,15.26,CDI,Licence,Locataire,Bon,Automobile,0
69,68.45,48.27,45,514,5,63.04,CDD,Licence,Locataire,Bon,Consommation,1
32,105.36,39.63,8,631,3,1.44,CDI,Bac,Propriétaire,Mauvais,Immobilier,0
64,135.41,26.97,22,427,3,84.8,Retraité,Licence,Propriétaire,Excellent,Immobilier,0
46,56.32,20.2,66,568,3,72.3,Chômeur,Licence,Locataire,Bon,Immobilier,0
50,89.5,29.72,55,850,5,53.12,CDD,Bac,Propriétaire,Bon,Consommation,0
69,121.57,38.68,11,834,6,73.06,CDD,Licence,Propriétaire,Excellent,Consommation,0
47,71.19,40.28,33,665,4,9.43,CDI,Doctorat,Propriétaire,Excellent,Immobilier,1
56,37.7,19.61,77,647,9,52.87,CDD,Doctorat,Propriétaire,Bon,Consommation,1
44,79.12,37.45,60,441,7,29.13,Indépendant,Licence,Propriétaire,Excellent,Consommation,0
53,22.46,34.6,63,444,6,97.26,CDI,Licence,Locataire,Bon,Professionnel,0
46,142.22,48.16,50,544,7,85.71,CDI,Bac,Propriétaire,Mauvais,Automobile,1
55,25.1,46.9,77,741,3,73.33,Chômeur,Doctorat,Autre,Acceptable,Consommation,1
74,74.19,40.52,24,589,7,93.37,CDI,Bac,Locataire,Bon,Automobile,0
50,86.53,37.55,34,411,5,34.68,CDD,Licence,Locataire,Excellent,Consommation,1
78,148.02,17.33,28,513,2,90.09,CDI,Bac,Locataire,Bon,Immobilier,0
54,37.41,43.07,37,499,7,32.52,CDI,Licence,Locataire,Bon,Immobilier,0
44,30.45,24.24,15,704,6,73.28,Indépendant,Bac,Propriétaire,Mauvais,Consommation,1
72,16.18,17.25,54,720,9,73.64,CDI,Master,Propriétaire,Mauvais,Consommation,1
50,36.0,22.29,70,306,4,1.83,CDD,Licence,Propriétaire,Bon,Immobilier,0
79,42.98,42.62,34,824,10,36.11,CDI,Licence,Propriétaire,Excellent,Automobile,0
21,100.13,11.69,64,585,3,1.94,CDI,Bac,Locataire,Mauvais,Automobile,1
39,44.66,25.53,50,688,0,99.71,Chômeur,Master,Autre,Acceptable,Immobilier,1
19,17.77,27.16,72,715,9,12.22,CDD,Bac,Propriétaire,Bon,Immobilier,0
27,126.59,6.65,56,449,2,54.28,Chômeur,Licence,Locataire,Bon,Immobilier,1
22,64.36,13.81,16,727,1,79.06,Chômeur,Licence,Locataire,Bon,Automobile,0
76,62.75,42.2,11,592,7,20.13,Chômeur,Master,Propriétaire,Mauvais,Immobilier,0
27,55.83,42.38,72,633,7,48.51,Chômeur,Bac,Locataire,Excellent,Immobilier,1
50,146.68,18.16,67,571,4,60.74,CDI,Licence,Locataire,Acceptable,Professionnel,1
71,37.97,44.37,10,342,4,16.02,Chômeur,Licence,Propriétaire,Excellent,Immobilier,1
55,136.26,39.73,14,767,10,77.86,CDI,Master,Locataire,Mauvais,Consommation,1
30,119.87,23.81,33,618,3,29.93,CDI,Bac,Locataire,Bon,Consommation,1
48,25.32,38.68,82,791,0,21.1,CDI,Licence,Propriétaire,Excellent,Immobilier,0
64,148.21,48.26,43,826,0,55.83,CDI,Bac,Locataire,Excellent,Immobilier,0
53,51.63,25.65,48,471,5,41.03,CDD,Bac,Locataire,Bon,Automobile,1
62,28.31,15.73,26,620,3,92.03,CDI,Bac,Propriétaire,Excellent,Automobile,1
41,126.96,47.38,67,343,3,88.01,CDI,Doctorat,Locataire,Bon,Automobile,1
69,110.4,32.17,51,831,2,48.34,CDD,Bac,Autre,Bon,Automobile,0
73,98.32,9.74,75,753,8,35.93,CDI,Master,Locataire,Excellent,Professionnel,0
32,36.06,30.77,43,382,2,32.55,Indépendant,Bac,Locataire,Bon,Immobilier,1
46,79.6,27.53,54,842,7,26.76,CDI,Master,Locataire,Bon,Consommation,1
25,120.38,43.5,80,621,1,54.45,CDI,Licence,Propriétaire,Bon,Immobilier,1
22,55.99,28.88,44,533,3,80.5,CDI,Bac,Autre,Bon,Automobile,1
46,57.08,16.49,76,839,0,31.08,CDI,Licence,Locataire,Bon,Immobilier,1
64,15.42,35.4,35,551,10,19.01,CDD,Licence,Propriétaire,Bon,Automobile,0
21,38.52,29.42,26,748,4,47.55,CDD,Licence,Locataire,Excellent,Consommation,0
29,133.18,15.49,6,538,1,6.9,CDI,Licence,Locataire,Excellent,Immobilier,1
62,74.64,30.81,37,789,10,70.13,CDI,Licence,Propriétaire,Excellent,Immobilier,0
19,147.87,41.97,13,763,0,51.84,CDI,Licence,Locataire,Acceptable,Automobile,0
44,68.42,6.29,74,613,0,49.64,Retraité,Master,Locataire,Bon,Immobilier,0
48,111.55,33.39,35,474,1,30.04,CDI,Licence,Locataire,Bon,Consommation,1
68,53.06,20.73,13,479,4,90.47,Indépendant,Master,Propriétaire,Acceptable,Consommation,0
68,64.11,18.17,24,684,8,9.05,Indépendant,Master,Locataire,Bon,Consommation,0
53,40.75,22.67,64,594,5,86.98,CDI,Bac,Locataire,Bon,Automobile,1
53,61.85,20.39,60,514,3,37.67,Retraité,Bac,Autre,Excellent,Automobile,0
43,88.88,42.45,35,374,2,88.06,Indépendant,Licence,Locataire,Acceptable,Immobilier,0
60,148.89,17.37,84,643,7,72.88,CDD,Licence,Locataire,Acceptable,Consommation,0
44,104.67,37.99,41,441,2,10.42,CDI,Bac,Propriétaire,Acceptable,Automobile,1
22,41.9,9.23,60,498,0,83.15,CDD,Bac,Locataire,Acceptable,Professionnel,1
37,21.07,47.81,49,470,3,68.22,CDI,Licence,Propriétaire,Acceptable,Professionnel,1
28,32.06,33.0,32,705,10,3.23,CDI,Licence,Propriétaire,Acceptable,Professionnel,0
79,90.94,36.8,82,527,4,13.37,Indépendant,Bac,Propriétaire,Bon,Automobile,1
27,118.3,18.41,83,710,4,63.56,Chômeur,Master,Locataire,Bon,Automobile,0
57,141.96,23.54,59,361,4,66.26,CDI,Licence,Propriétaire,Mauvais,Consommation,1
55,17.14,15.07,53,626,7,74.67,Indépendant,Licence,Propriétaire,Mauvais,Consommation,1
23,85.57,46.96,35,432,7,72.02,Indépendant,Licence,Propriétaire,Bon,Consommation,1
25,78.57,26.96,44,488,3,65.95,CDI,Bac,Locataire,Bon,Immobilier,0
40,103.57,33.37,18,655,8,76.62,CDI,Licence,Locataire,Acceptable,Consommation,1
64,90.54,38.04,21,370,0,57.51,CDI,Bac,Propriétaire,Bon,Automobile,1
43,107.75,21.7,49,562,4,26.08,Indépendant,Bac,Locataire,Excellent,Automobile,1
63,103.84,37.4,76,605,4,91.24,Indépendant,Licence,Propriétaire,Bon,Consommation,0
60,30.8,35.42,32,523,4,1.82,CDI,Bac,Propriétaire,Excellent,Automobile,0
29,122.96,36.75,50,627,7,36.66,CDD,Licence,Propriétaire,Bon,Consommation,0
43,31.64,27.02,40,373,8,72.89,Indépendant,Licence,Propriétaire,Acceptable,Automobile,1
30,109.3,22.23,84,810,2,42.72,Indépendant,Bac,Locataire,Bon,Automobile,0
57,71.18,14.99,33,441,8,2.48,CDI,Bac,Propriétaire,Mauvais,Immobilier,0
79,84.37,42.11,12,401,10,6.6,CDD,Master,Locataire,Mauvais,Automobile,1
35,136.95,32.38,67,364,7,64.86,Chômeur,Bac,Autre,Acceptable,Automobile,0
42,135.13,25.0,56,492,2,96.49,CDI,Licence,Propriétaire,Mauvais,Automobile,1
50,125.41,47.48,51,361,1,55.19,CDI,Licence,Propriétaire,Bon,Consommation,0
64,83.87,7.15,25,831,3,50.68,Indépendant,Master,Locataire,Bon,Immobilier,1
57,114.39,43.26,43,540,1,31.83,CDI,Master,Propriétaire,Acceptable,Consommation,1
77,84.24,49.89,66,709,3,25.67,Chômeur,Master,Propriétaire,Bon,Automobile,0
60,132.4,44.91,37,599,4,2.1,CDI,Bac,Propriétaire,Bon,Consommation,0
29,69.37,41.47,31,494,1,27.3,CDI,Master,Locataire,Bon,Immobilier,1
61,145.98,21.84,63,753,7,44.91,CDI,Bac,Locataire,Acceptable,Immobilier,1
53,140.86,15.41,44,600,0,19.79,CDI,Bac,Propriétaire,Acceptable,Consommation,1
65,115.12,38.07,25,755,2,8.73,CDI,Licence,Propriétaire,Acceptable,Immobilier,0
21,52.72,18.71,55,501,6,71.77,CDD,Licence,Propriétaire,Acceptable,Professionnel,1
22,32.77,12.92,84,601,9,89.46,CDI,Bac,Propriétaire,Acceptable,Immobilier,1
73,130.38,40.39,57,636,0,93.68,Chômeur,Bac,Propriétaire,Bon,Professionnel,1
54,37.32,19.06,27,331,10,61.8,CDD,Master,Locataire,Excellent,Automobile,1
25,130.33,46.15,58,397,1,5.28,CDD,Master,Propriétaire,Acceptable,Automobile,0
80,81.25,42.83,71,490,2,74.09,CDI,Licence,Propriétaire,Excellent,Immobilier,0
59,69.89,43.14,48,840,1,11.01,CDD,Licence,Propriétaire,Mauvais,Automobile,1
66,136.93,39.72,28,347,1,66.97,CDD,Master,Propriétaire,Acceptable,Immobilier,1
45,96.52,44.64,82,549,10,77.94,CDI,Master,Autre,Acceptable,Automobile,0
48,92.84,41.26,69,525,5,72.59,Chômeur,Licence,Propriétaire,Mauvais,Automobile,1
75,90.43,32.11,14,571,6,95.19,CDI,Licence,Propriétaire,Bon,Consommation,0
26,65.11,18.31,12,784,5,73.81,CDI,Bac,Propriétaire,Excellent,Consommation,1
71,121.06,44.97,46,627,10,69.32,CDD,Licence,Propriétaire,Bon,Automobile,0
68,49.13,42.83,59,479,5,26.17,CDD,Bac,Locataire,Bon,Immobilier,0
46,141.75,26.28,70,322,8,92.48,CDI,Licence,Propriétaire,Bon,Immobilier,1
31,135.69,6.76,7,669,7,17.95,Indépendant,Licence,Propriétaire,Bon,Consommation,0
57,60.56,33.73,9,544,7,90.49,CDD,Bac,Propriétaire,Acceptable,Immobilier,1
58,113.48,7.28,83,459,5,31.27,CDD,Master,Locataire,Bon,Automobile,1
39,92.39,46.68,37,672,4,13.02,CDI,Bac,Locataire,Bon,Immobilier,0
28,60.58,48.27,7,584,8,82.67,Retraité,Licence,Locataire,Bon,Immobilier,0
40,148.45,13.53,69,820,1,0.25,CDI,Master,Propriétaire,Bon,Automobile,0
18,18.41,35.44,19,749,6,83.21,CDD,Licence,Locataire,Excellent,Automobile,1
63,49.11,9.15,25,435,5,26.23,CDI,Licence,Propriétaire,Bon,Automobile,1
54,85.21,37.83,54,395,6,88.47,Indépendant,Licence,Locataire,Acceptable,Consommation,1
38,85.46,20.63,13,418,3,69.15,CDI,Master,Locataire,Bon,Immobilier,0
43,94.51,35.65,68,673,8,66.62,CDI,Doctorat,Locataire,Excellent,Immobilier,1
63,116.48,21.78,51,573,6,36.53,Indépendant,Licence,Propriétaire,Bon,Consommation,0
53,99.17,11.55,26,476,1,5.94,CDI,Master,Propriétaire,Bon,Automobile,0
71,96.04,23.27,37,576,3,83.01,CDI,Bac,Propriétaire,Acceptable,Immobilier,0
40,22.22,10.07,13,437,4,17.09,CDD,Master,Propriétaire,Mauvais,Consommation,1
74,65.83,30.96,21,431,1,37.23,Indépendant,Doctorat,Locataire,Acceptable,Automobile,0
18,46.33,6.84,45,343,9,60.04,CDI,Licence,Propriétaire,Bon,Immobilier,1
80,50.82,28.73,32,422,7,48.23,CDI,Master,Locataire,Bon,Consommation,1
71,89.84,44.89,23,435,0,19.87,Retraité,Licence,Locataire,Excellent,Automobile,0
72,41.93,42.7,40,666,2,14.06,CDD,Bac,Propriétaire,Bon,Immobilier,1
68,54.68,44.73,57,672,0,12.32,CDI,Master,Propriétaire,Bon,Automobile,0
57,47.01,46.49,20,425,4,86.3,Indépendant,Licence,Locataire,Acceptable,Automobile,0
32,143.05,9.7,68,738,7,3.16,CDD,Licence,Locataire,Excellent,Professionnel,1
38,142.53,10.79,58,350,6,97.7,CDI,Licence,Propriétaire,Bon,Consommation,1
64,97.34,30.07,71,436,8,19.85,CDI,Master,Propriétaire,Bon,Immobilier,0
26,139.81,45.23,36,457,1,11.03,CDI,Master,Locataire,Acceptable,Immobilier,0
70,121.08,48.85,66,355,7,57.7,Chômeur,Bac,Locataire,Excellent,Consommation,1
26,94.64,7.08,69,727,7,8.0,CDI,Licence,Locataire,Bon,Consommation,1
27,15.87,21.01,39,742,5,60.25,CDI,Doctorat,Locataire,Excellent,Immobilier,0
69,119.29,14.58,60,625,2,85.06,Chômeur,Licence,Locataire,Bon,Immobilier,1
74,109.84,39.02,64,379,1,4.79,CDI,Master,Propriétaire,Excellent,Consommation,0
70,98.06,33.81,8,773,7,79.99,CDD,Master,Locataire,Excellent,Consommation,0
43,117.66,10.39,22,676,5,39.45,CDI,Licence,Autre,Excellent,Immobilier,0
58,84.24,26.76,83,632,3,15.95,CDD,Licence,Propriétaire,Bon,Consommation,0
52,110.05,35.84,83,474,4,17.61,CDI,Licence,Locataire,Bon,Immobilier,0
80,141.25,40.06,51,740,4,91.88,CDI,Licence,Propriétaire,Acceptable,Immobilier,0
69,65.73,5.9,43,425,8,11.06,CDD,Licence,Propriétaire,Excellent,Immobilier,1
42,110.6,45.07,40,518,8,86.68,CDD,Master,Locataire,Excellent,Automobile,1
43,79.22,30.62,6,577,7,54.42,CDD,Master,Propriétaire,Bon,Consommation,1
28,106.04,41.54,34,784,7,3.91,CDD,Licence,Propriétaire,Acceptable,Automobile,0
55,117.99,41.36,9,440,1,46.45,CDD,Master,Propriétaire,Bon,Immobilier,1
19,21.14,13.54,66,409,2,81.74,CDD,Licence,Propriétaire,Bon,Consommation,1
24,102.29,9.96,22,351,7,72.62,CDD,Licence,Locataire,Acceptable,Immobilier,1
35,45.61,37.46,33,618,4,48.88,CDD,Licence,Propriétaire,Bon,Consommation,1
44,105.45,12.04,55,498,6,86.0,CDD,Master,Propriétaire,Bon,Consommation,1
51,78.22,43.25,13,345,7,12.04,CDD,Licence,Propriétaire,Excellent,Immobilier,0
44,119.43,37.68,39,804,5,90.99,CDI,Bac,Locataire,Excellent,Immobilier,1
34,31.66,42.88,64,839,4,84.64,CDI,Licence,Locataire,Mauvais,Consommation,1
60,99.55,18.46,23,813,7,70.83,CDI,Bac,Locataire,Bon,Automobile,1
76,52.59,19.25,64,316,0,81.79,Chômeur,Licence,Locataire,Bon,Immobilier,1
61,130.15,35.2,32,614,0,54.38,Indépendant,Bac,Propriétaire,Mauvais,Consommation,1
76,140.33,6.42,21,735,0,67.52,CDD,Master,Locataire,Acceptable,Immobilier,0
68,149.51,37.69,15,687,2,56.06,CDI,Bac,Propriétaire,Bon,Immobilier,0
71,122.46,42.61,81,376,9,35.54,CDI,Licence,Propriétaire,Acceptable,Automobile,1
41,116.75,23.68,27,670,5,56.89,Chômeur,Bac,Locataire,Acceptable,Consommation,0
42,44.09,39.42,21,464,5,25.75,Chômeur,Doctorat,Propriétaire,Acceptable,Automobile,0
24,60.36,12.86,17,323,4,44.03,CDI,Licence,Propriétaire,Excellent,Immobilier,1
69,77.87,19.5,80,334,6,28.08,Indépendant,Master,Propriétaire,Bon,Automobile,1
23,119.41,48.84,56,813,4,12.29,CDI,Master,Locataire,Bon,Automobile,1
70,138.52,49.38,6,760,1,32.19,CDI,Master,Propriétaire,Excellent,Consommation,1
41,40.53,28.07,32,437,3,85.2,Indépendant,Master,Autre,Bon,Automobile,1
50,139.52,47.04,72,564,0,38.11,CDD,Bac,Propriétaire,Bon,Automobile,0
66,108.91,28.52,17,632,6,74.8,Indépendant,Licence,Locataire,Excellent,Immobilier,1
46,97.45,18.12,35,487,3,17.52,CDI,Bac,Locataire,Bon,Consommation,0
80,41.98,17.01,14,362,3,42.44,CDI,Master,Locataire,Bon,Immobilier,1
60,22.5,46.83,58,578,3,11.49,CDI,Doctorat,Locataire,Bon,Automobile,0
39,91.74,12.76,66,841,2,13.86,CDI,Master,Locataire,Acceptable,Professionnel,0
43,102.95,31.08,59,470,7,61.74,CDD,Bac,Propriétaire,Acceptable,Consommation,1
45,43.46,30.0,42,802,3,60.75,CDI,Licence,Locataire,Mauvais,Automobile,0
67,90.12,38.28,70,832,7,21.34,CDI,Licence,Propriétaire,Bon,Consommation,0
38,130.63,27.47,47,598,8,47.44,CDI,Bac,Locataire,Acceptable,Professionnel,1
66,127.73,17.25,54,500,0,86.33,Indépendant,Bac,Locataire,Acceptable,Consommation,1
24,140.19,12.62,9,434,3,17.42,CDD,Licence,Locataire,Acceptable,Automobile,0
34,64.39,32.94,69,571,5,1.92,CDD,Doctorat,Propriétaire,Acceptable,Consommation,0
37,57.94,37.35,84,834,7,65.2,CDI,Licence,Locataire,Bon,Immobilier,0
58,116.17,30.63,56,741,5,5.35,CDI,Licence,Propriétaire,Bon,Automobile,0
66,73.2,38.23,77,386,5,97.99,CDI,Licence,Locataire,Acceptable,Immobilier,0
37,26.82,11.37,65,330,9,60.96,CDI,Licence,Propriétaire,Acceptable,Automobile,0
71,53.18,44.71,84,420,3,47.04,CDI,Doctorat,Locataire,Acceptable,Consommation,1
39,71.51,31.21,36,368,8,43.0,CDI,Licence,Locataire,Excellent,Immobilier,1
45,54.49,10.71,77,795,6,57.31,CDD,Bac,Propriétaire,Bon,Immobilier,1
80,59.85,25.79,63,445,10,9.06,Retraité,Licence,Locataire,Bon,Automobile,0
78,54.66,43.02,9,632,5,93.0,CDI,Doctorat,Propriétaire,Acceptable,Immobilier,0
57,20.6,45.39,27,780,0,62.56,Indépendant,Licence,Locataire,Acceptable,Automobile,0
66,101.01,16.91,8,562,1,18.4,CDI,Licence,Locataire,Bon,Professionnel,0
24,95.63,37.01,84,592,5,56.26,CDD,Bac,Propriétaire,Acceptable,Consommation,1
18,103.21,9.5,52,728,10,13.33,CDD,Bac,Locataire,Excellent,Immobilier,1
49,40.96,6.51,43,385,0,1.76,Chômeur,Master,Locataire,Bon,Immobilier,1
30,54.91,30.22,38,315,10,63.05,CDI,Licence,Propriétaire,Bon,Automobile,0
47,98.65,36.27,83,417,4,64.85,CDI,Licence,Autre,Acceptable,Consommation,0
40,95.95,40.81,53,569,0,58.37,CDI,Licence,Locataire,Acceptable,Automobile,1
68,83.35,20.31,70,694,2,18.35,CDI,Doctorat,Propriétaire,Bon,Immobilier,0
76,62.31,5.29,31,461,6,60.34,Chômeur,Bac,Propriétaire,Bon,Immobilier,1
73,138.25,26.58,13,403,4,5.65,Indépendant,Master,Locataire,Bon,Immobilier,1
36,60.87,5.71,55,466,9,60.92,Indépendant,Licence,Propriétaire,Bon,Automobile,0
79,76.51,9.14,43,599,0,55.4,CDD,Master,Propriétaire,Mauvais,Consommation,1
49,106.55,19.7,15,327,0,65.53,Chômeur,Doctorat,Propriétaire,Acceptable,Consommation,1
47,88.31,24.67,47,723,7,89.55,CDI,Licence,Locataire,Bon,Automobile,1
46,61.83,17.58,42,455,10,85.04,CDI,Bac,Locataire,Bon,Consommation,1
66,73.81,31.18,31,623,8,98.07,Indépendant,Bac,Propriétaire,Excellent,Professionnel,1
62,122.25,7.49,17,647,6,97.62,CDI,Master,Locataire,Bon,Consommation,1
46,52.55,11.51,54,420,2,77.23,CDI,Bac,Autre,Acceptable,Consommation,1
47,34.2,36.29,19,827,5,95.64,CDI,Bac,Autre,Excellent,Professionnel,0
33,57.28,11.4,51,463,2,86.73,CDD,Bac,Locataire,Acceptable,Immobilier,1
57,129.69,33.79,40,361,9,72.76,CDD,Licence,Locataire,Bon,Immobilier,0
36,27.01,7.46,34,639,3,7.54,CDI,Bac,Propriétaire,Mauvais,Professionnel,1
35,148.88,23.33,17,611,3,4.9,Indépendant,Master,Propriétaire,Excellent,Automobile,0
18,88.04,12.98,49,675,2,83.76,Indépendant,Master,Propriétaire,Acceptable,Consommation,0
31,147.95,9.93,71,645,9,48.97,Chômeur,Licence,Locataire,Acceptable,Consommation,1
68,141.76,30.52,7,449,5,81.46,CDD,Licence,Locataire,Excellent,Automobile,0
64,76.13,46.78,64,476,4,31.29,Indépendant,Licence,Propriétaire,Bon,Automobile,1
67,41.8,7.47,22,653,10,39.76,Indépendant,Master,Propriétaire,Acceptable,Automobile,1
19,37.26,23.97,15,813,8,70.02,CDI,Licence,Locataire,Bon,Immobilier,1
71,47.4,36.84,23,608,8,91.53,CDI,Licence,Propriétaire,Bon,Immobilier,1
45,110.87,25.82,27,418,2,8.78,CDD,Licence,Propriétaire,Mauvais,Automobile,1
66,51.85,41.29,63,818,8,86.15,CDI,Master,Propriétaire,Excellent,Immobilier,0
67,61.09,13.08,58,777,2,79.3,CDI,Licence,Autre,Bon,Immobilier,1
47,75.59,48.18,6,713,3,31.55,CDD,Licence,Propriétaire,Acceptable,Immobilier,0
55,138.29,22.33,66,650,0,35.52,CDI,Bac,Locataire,Bon,Consommation,0
68,40.57,20.37,36,805,4,4.65,CDI,Licence,Propriétaire,Bon,Consommation,1
80,15.68,44.36,36,494,8,1.57,CDD,Licence,Locataire,Bon,Automobile,1
21,23.11,30.37,71,486,1,47.7,Indépendant,Licence,Propriétaire,Acceptable,Automobile,1
18,137.14,28.24,24,749,3,9.55,Indépendant,Licence,Propriétaire,Bon,Professionnel,1
25,102.41,37.71,58,795,9,19.4,CDD,Master,Propriétaire,Acceptable,Immobilier,1
46,51.86,31.09,81,814,1,84.68,CDD,Bac,Propriétaire,Bon,Immobilier,1
72,38.92,12.31,79,572,7,57.1,CDI,Licence,Locataire,Acceptable,Immobilier,0
56,54.73,35.34,27,351,8,63.36,CDI,Licence,Propriétaire,Bon,Automobile,0
20,30.5,11.01,28,562,2,18.75,CDI,Licence,Locataire,Mauvais,Immobilier,0
49,142.11,41.26,20,667,8,82.87,Indépendant,Licence,Propriétaire,Excellent,Immobilier,0
27,120.87,49.54,31,432,5,86.8,CDD,Master,Propriétaire,Bon,Immobilier,1
27,77.42,21.98,8,524,5,52.33,Indépendant,Bac,Locataire,Excellent,Automobile,1
36,131.77,25.01,25,609,6,91.26,Indépendant,Master,Propriétaire,Bon,Automobile,1
63,48.68,7.09,45,315,4,84.48,CDI,Master,Propriétaire,Excellent,Automobile,1
51,111.81,5.62,44,494,5,73.13,CDD,Licence,Propriétaire,Acceptable,Automobile,1
77,130.58,46.46,77,742,10,73.41,CDI,Master,Locataire,Acceptable,Immobilier,0
50,63.16,10.79,23,602,0,10.54,CDI,Licence,Locataire,Excellent,Consommation,1
40,117.26,25.06,46,347,2,27.08,CDD,Licence,Propriétaire,Excellent,Automobile,0
72,54.83,41.69,75,420,8,6.68,Retraité,Doctorat,Locataire,Acceptable,Immobilier,1
45,55.35,45.02,32,798,4,0.87,Indépendant,Bac,Locataire,Bon,Immobilier,0
49,29.45,28.37,20,768,4,15.83,Chômeur,Bac,Locataire,Bon,Consommation,1
67,74.41,30.43,42,340,7,88.05,CDI,Bac,Propriétaire,Excellent,Consommation,1
24,113.51,35.14,63,755,10,23.99,CDI,Licence,Locataire,Bon,Automobile,1
46,141.93,48.26,10,833,10,97.02,CDI,Bac,Propriétaire,Excellent,Immobilier,0
25,96.51,32.12,78,670,1,59.73,CDI,Master,Propriétaire,Acceptable,Automobile,0
18,131.52,30.18,12,481,6,23.73,CDI,Licence,Propriétaire,Bon,Automobile,0
74,126.04,5.65,46,816,8,49.71,CDD,Master,Locataire,Acceptable,Consommation,0
72,38.4,8.64,15,530,6,21.91,CDD,Bac,Locataire,Bon,Automobile,1
20,80.59,30.97,67,647,4,98.4,Chômeur,Licence,Locataire,Bon,Immobilier,1
41,30.78,47.13,31,778,5,84.73,Chômeur,Bac,Locataire,Bon,Immobilier,1
40,107.09,44.0,73,508,3,2.62,CDI,Bac,Locataire,Mauvais,Immobilier,0
76,143.24,49.22,29,577,6,94.78,Chômeur,Licence,Locataire,Bon,Consommation,1
80,33.51,28.75,83,352,0,72.11,CDD,Master,Propriétaire,Excellent,Immobilier,0
78,114.07,40.46,46,309,3,8.24,CDD,Licence,Propriétaire,Bon,Automobile,1
25,100.35,42.82,70,763,2,67.06,Indépendant,Licence,Propriétaire,Excellent,Consommation,0
71,93.79,34.16,22,457,3,64.69,CDI,Licence,Propriétaire,Excellent,Immobilier,1
74,67.67,20.24,29,318,0,21.88,Chômeur,Bac,Locataire,Bon,Consommation,1
64,62.94,26.15,32,354,1,75.84,CDD,Licence,Locataire,Bon,Automobile,1
54,21.11,43.61,12,320,10,8.71,Chômeur,Bac,Locataire,Mauvais,Automobile,1
20,44.42,18.43,78,581,8,48.94,Retraité,Master,Propriétaire,Excellent,Consommation,1
68,17.05,46.57,17,839,6,0.99,CDD,Master,Locataire,Acceptable,Consommation,1
50,93.49,15.34,8,716,5,96.87,CDI,Licence,Propriétaire,Bon,Automobile,1
45,29.29,38.73,84,584,1,75.16,CDI,Licence,Locataire,Excellent,Consommation,1
64,132.86,33.38,15,831,0,15.89,CDI,Bac,Propriétaire,Mauvais,Consommation,1
25,85.62,38.73,38,831,1,34.17,CDI,Master,Locataire,Acceptable,Consommation,0
51,109.46,24.68,51,810,6,16.06,Indépendant,Master,Locataire,Bon,Automobile,0
52,70.47,46.97,64,695,1,76.66,CDI,Master,Locataire,Acceptable,Automobile,0
49,90.68,33.46,57,419,2,5.89,Retraité,Bac,Propriétaire,Mauvais,Immobilier,1
41,142.26,17.97,11,396,7,84.04,Indépendant,Bac,Propriétaire,Bon,Consommation,1
31,26.17,33.73,7,419,6,94.22,CDI,Licence,Propriétaire,Excellent,Immobilier,0
49,49.28,17.91,34,836,10,67.66,CDD,Doctorat,Propriétaire,Excellent,Consommation,1
73,120.3,18.21,45,452,10,21.3,CDD,Master,Locataire,Acceptable,Automobile,1
63,28.33,22.98,66,544,10,36.01,CDD,Licence,Locataire,Acceptable,Automobile,1
60,25.21,43.36,73,815,8,47.72,CDD,Master,Propriétaire,Acceptable,Automobile,1
33,63.81,27.51,73,692,3,60.46,CDI,Master,Locataire,Excellent,Automobile,0
21,27.44,35.55,34,442,6,66.87,CDD,Bac,Locataire,Mauvais,Consommation,1
69,93.99,22.64,67,803,0,55.42,CDD,Master,Propriétaire,Bon,Automobile,1
54,45.55,16.86,65,519,10,35.13,Indépendant,Bac,Propriétaire,Bon,Immobilier,0
71,135.92,47.96,46,459,10,89.09,Indépendant,Licence,Locataire,Excellent,Immobilier,1
38,120.77,32.16,70,375,1,8.14,CDI,Bac,Locataire,Mauvais,Consommation,1
31,109.46,47.03,69,331,6,46.63,CDI,Licence,Locataire,Bon,Consommation,1
48,98.29,14.15,84,633,1,77.56,Indépendant,Master,Propriétaire,Bon,Immobilier,0
72,131.57,11.61,68,824,5,6.09,Retraité,Licence,Propriétaire,Mauvais,Immobilier,0
65,45.11,43.51,53,739,9,70.53,CDI,Bac,Locataire,Mauvais,Immobilier,1
35,132.87,35.64,25,651,8,81.97,CDI,Bac,Propriétaire,Excellent,Professionnel,0
24,121.58,13.4,42,638,10,66.08,CDI,Licence,Propriétaire,Mauvais,Immobilier,0
27,116.0,17.12,69,699,4,1.29,CDI,Licence,Locataire,Acceptable,Immobilier,0
24,90.77,41.03,10,695,9,18.01,CDI,Licence,Locataire,Excellent,Immobilier,1
50,48.24,25.42,39,501,6,34.21,CDI,Bac,Locataire,Excellent,Consommation,0
40,72.18,35.17,44,829,0,23.37,CDD,Master,Propriétaire,Bon,Consommation,1
38,122.13,19.33,72,392,7,96.27,CDI,Master,Propriétaire,Bon,Automobile,1
36,19.29,22.16,67,657,8,65.16,CDI,Licence,Locataire,Acceptable,Immobilier,1
65,120.58,49.58,29,695,4,29.7,CDI,Master,Locataire,Excellent,Automobile,0
78,47.41,16.14,8,359,5,92.97,Chômeur,Master,Locataire,Acceptable,Immobilier,1
36,34.48,27.79,76,776,10,74.06,CDD,Licence,Autre,Acceptable,Immobilier,1
53,30.62,43.0,72,300,7,28.46,Retraité,Licence,Locataire,Bon,Consommation,1
46,18.68,15.77,84,610,3,37.89,CDD,Master,Locataire,Mauvais,Consommation,1
77,85.68,23.68,55,467,1,19.94,CDI,Bac,Propriétaire,Acceptable,Professionnel,1
35,44.47,32.68,34,491,9,97.11,CDI,Licence,Locataire,Excellent,Automobile,0
19,148.57,26.65,79,333,7,51.73,CDD,Master,Locataire,Acceptable,Immobilier,1
18,92.55,25.68,37,333,1,89.61,CDD,Bac,Propriétaire,Mauvais,Consommation,1
64,33.61,21.31,44,716,4,34.65,CDD,Master,Locataire,Excellent,Immobilier,1
22,107.98,31.4,14,457,5,86.08,Indépendant,Licence,Propriétaire,Mauvais,Immobilier,1
37,136.2,33.1,19,799,4,5.39,Indépendant,Licence,Locataire,Excellent,Immobilier,1
28,115.6,34.4,73,665,5,98.21,CDI,Licence,Propriétaire,Bon,Professionnel,1
59,25.32,8.17,69,639,5,91.2,Indépendant,Licence,Propriétaire,Acceptable,Consommation,1
80,135.94,33.4,25,634,2,36.32,CDD,Master,Locataire,Acceptable,Immobilier,1
19,122.18,47.9,33,626,10,77.47,CDI,Licence,Propriétaire,Acceptable,Immobilier,1
20,36.37,29.34,19,413,10,75.23,CDD,Master,Locataire,Bon,Consommation,1
40,21.99,37.19,49,717,2,90.13,CDD,Licence,Propriétaire,Acceptable,Consommation,1
72,90.24,30.05,82,767,8,30.73,CDI,Licence,Locataire,Acceptable,Consommation,1
29,36.06,43.46,44,442,2,46.55,CDI,Doctorat,Locataire,Bon,Immobilier,1
37,127.67,46.83,33,608,2,86.5,CDI,Bac,Locataire,Bon,Automobile,1
22,63.38,13.29,69,700,10,77.86,CDI,Master,Locataire,Acceptable,Automobile,0
54,138.24,24.66,37,619,1,39.35,CDI,Bac,Locataire,Bon,Professionnel,0
55,91.37,22.66,14,511,6,84.57,CDI,Master,Propriétaire,Bon,Immobilier,0
47,39.66,23.23,33,616,9,4.7,CDI,Licence,Propriétaire,Excellent,Automobile,0
26,33.85,10.65,22,484,9,78.2,CDI,Master,Propriétaire,Acceptable,Immobilier,0
51,92.82,41.61,82,504,3,20.68,Chômeur,Master,Locataire,Excellent,Automobile,1
70,117.85,6.61,60,663,0,28.61,CDI,Bac,Locataire,Bon,Immobilier,0
61,120.5,28.77,15,515,5,49.32,CDI,Bac,Propriétaire,Excellent,Consommation,0
52,52.23,34.78,11,545,4,44.97,CDI,Licence,Propriétaire,Excellent,Immobilier,1
69,42.57,14.34,53,538,10,52.06,Indépendant,Licence,Propriétaire,Bon,Automobile,0
75,17.26,45.76,80,690,1,54.48,CDI,Bac,Propriétaire,Bon,Automobile,0
39,106.69,42.73,72,819,5,33.15,CDI,Bac,Locataire,Bon,Consommation,0
61,25.34,26.2,46,576,0,17.52,CDI,Licence,Locataire,Excellent,Consommation,0
41,71.8,23.5,84,501,2,76.85,Retraité,Bac,Locataire,Mauvais,Immobilier,1
34,96.23,15.65,65,513,3,40.0,CDD,Master,Propriétaire,Excellent,Immobilier,0
27,141.51,37.85,82,777,2,50.58,CDI,Master,Autre,Acceptable,Automobile,1
47,57.09,10.93,47,807,5,64.47,CDI,Master,Propriétaire,Acceptable,Automobile,0
73,48.72,35.61,76,374,10,90.96,CDI,Bac,Propriétaire,Excellent,Immobilier,1
76,103.31,42.91,33,441,3,70.76,CDI,Bac,Locataire,Bon,Consommation,1
63,98.6,15.28,18,621,0,4.55,Indépendant,Licence,Propriétaire,Mauvais,Immobilier,1
40,59.83,43.99,20,760,4,83.86,CDD,Doctorat,Propriétaire,Bon,Professionnel,1
49,140.29,6.5,41,445,4,98.94,CDD,Licence,Propriétaire,Excellent,Immobilier,1
34,129.06,46.08,20,353,8,47.25,CDI,Licence,Locataire,Bon,Immobilier,1
67,45.24,10.33,80,655,7,96.96,CDD,Bac,Locataire,Bon,Immobilier,1
68,47.28,34.06,61,576,7,54.73,CDI,Licence,Locataire,Acceptable,Automobile,0
34,84.16,16.25,9,699,4,45.96,CDI,Licence,Locataire,Mauvais,Immobilier,1
31,119.43,42.64,57,815,7,33.14,CDD,Bac,Propriétaire,Excellent,Consommation,0
26,20.95,28.05,15,798,9,65.76,CDI,Licence,Propriétaire,Bon,Automobile,1
57,108.6,11.09,50,610,6,22.98,CDD,Licence,Propriétaire,Bon,Immobilier,0
19,102.51,30.69,34,570,0,10.49,Chômeur,Licence,Locataire,Mauvais,Consommation,1
62,46.25,23.35,58,748,6,2.72,CDI,Licence,Propriétaire,Bon,Professionnel,1
42,106.98,34.77,34,411,10,29.24,Chômeur,Master,Autre,Acceptable,Automobile,1
56,141.92,44.69,28,538,7,39.58,CDI,Licence,Propriétaire,Bon,Consommation,0
26,21.32,23.42,62,443,2,55.21,CDI,Licence,Locataire,Acceptable,Immobilier,1
71,58.15,18.04,55,673,8,29.27,CDD,Master,Locataire,Bon,Immobilier,1
39,74.15,5.65,26,319,7,98.41,CDD,Master,Propriétaire,Mauvais,Immobilier,1
60,136.4,30.87,48,588,1,29.17,CDI,Licence,Locataire,Bon,Professionnel,1
63,144.91,23.1,15,496,5,44.1,Indépendant,Bac,Propriétaire,Acceptable,Automobile,0
21,74.96,21.86,81,681,3,10.33,Retraité,Master,Propriétaire,Bon,Immobilier,0
43,116.25,13.23,35,791,2,26.06,CDI,Bac,Propriétaire,Acceptable,Automobile,0
75,86.77,24.35,56,463,10,4.83,Chômeur,Master,Locataire,Bon,Immobilier,1
46,87.6,49.3,38,548,5,55.95,CDD,Bac,Propriétaire,Excellent,Immobilier,1
62,52.54,18.4,23,367,9,75.11,Chômeur,Master,Propriétaire,Bon,Automobile,0
51,44.29,31.99,83,320,8,19.57,CDI,Licence,Autre,Bon,Immobilier,1
40,53.88,39.94,27,811,1,36.79,Indépendant,Master,Propriétaire,Excellent,Immobilier,1
54,90.1,38.71,69,689,9,1.66,CDI,Licence,Propriétaire,Excellent,Immobilier,0
28,18.94,19.79,26,835,9,83.95,Chômeur,Doctorat,Autre,Bon,Automobile,0
23,137.48,32.49,6,410,9,78.0,CDD,Bac,Propriétaire,Bon,Consommation,1
35,36.1,44.21,20,759,4,6.33,CDI,Bac,Propriétaire,Bon,Automobile,0
38,44.71,5.7,41,377,5,36.49,CDI,Bac,Locataire,Bon,Consommation,1
59,84.97,24.61,52,733,3,95.53,Indépendant,Master,Propriétaire,Excellent,Immobilier,1
53,110.87,15.09,59,679,6,39.2,CDD,Licence,Propriétaire,Excellent,Immobilier,1
58,27.92,22.49,37,739,1,52.62,CDI,Licence,Propriétaire,Acceptable,Consommation,1
55,57.89,23.72,63,638,6,35.52,CDI,Licence,Locataire,Excellent,Immobilier,0
51,145.77,38.6,51,723,1,59.61,Indépendant,Master,Propriétaire,Acceptable,Automobile,0
34,50.42,9.22,59,468,0,97.82,CDI,Licence,Propriétaire,Bon,Professionnel,1
54,57.26,28.07,38,561,10,99.75,CDI,Licence,Propriétaire,Mauvais,Automobile,1
42,127.93,30.39,44,528,4,77.47,Chômeur,Master,Propriétaire,Excellent,Immobilier,1
55,21.78,27.24,28,460,1,40.43,CDI,Master,Locataire,Acceptable,Professionnel,1
75,77.72,37.93,48,726,7,49.44,CDI,Bac,Propriétaire,Bon,Immobilier,0
29,66.25,22.27,60,421,7,35.67,CDI,Bac,Locataire,Excellent,Consommation,1
40,57.74,47.52,7,448,0,98.56,Chômeur,Bac,Locataire,Bon,Immobilier,1
70,53.57,26.68,71,410,3,70.78,CDI,Licence,Propriétaire,Bon,Automobile,1
59,27.34,30.7,43,520,8,44.89,CDD,Licence,Propriétaire,Bon,Automobile,0
39,57.5,42.15,34,363,4,1.21,Chômeur,Licence,Propriétaire,Bon,Automobile,0
38,20.81,17.39,72,653,10,52.05,CDI,Doctorat,Propriétaire,Mauvais,Consommation,1
44,120.43,8.38,76,773,9,98.39,Indépendant,Licence,Locataire,Bon,Professionnel,0
74,68.76,36.85,41,784,5,52.31,CDI,Master,Locataire,Bon,Immobilier,1
48,74.93,26.74,34,312,2,18.24,CDD,Licence,Propriétaire,Acceptable,Consommation,0
23,135.64,45.34,42,452,4,2.21,CDI,Bac,Locataire,Acceptable,Immobilier,1
44,103.84,49.22,50,538,0,35.47,CDD,Licence,Autre,Excellent,Immobilier,1
57,16.09,22.96,21,489,7,91.82,CDI,Doctorat,Propriétaire,Acceptable,Professionnel,1
51,142.33,23.69,36,385,10,99.66,CDI,Bac,Propriétaire,Bon,Automobile,0
29,47.01,23.36,39,320,5,94.54,Chômeur,Licence,Locataire,Excellent,Immobilier,1
62,29.53,19.6,55,618,1,72.94,CDI,Bac,Propriétaire,Bon,Automobile,0
74,118.7,40.18,70,457,3,55.81,Indépendant,Licence,Locataire,Excellent,Immobilier,1
70,82.56,39.15,67,780,3,59.07,CDI,Licence,Autre,Bon,Automobile,0
24,73.56,26.54,48,375,8,53.9,CDI,Master,Propriétaire,Bon,Automobile,1
27,48.68,7.01,61,628,8,70.7,Indépendant,Master,Locataire,Bon,Consommation,0
62,88.91,18.93,20,715,4,41.89,CDI,Licence,Propriétaire,Bon,Immobilier,1
34,52.04,18.15,53,502,2,66.92,Chômeur,Master,Propriétaire,Acceptable,Immobilier,1
43,136.71,41.5,54,528,0,12.16,CDD,Licence,Propriétaire,Bon,Immobilier,1
38,44.05,8.94,49,451,5,26.57,CDI,Master,Propriétaire,Acceptable,Immobilier,0
45,134.39,41.26,15,371,7,83.6,CDD,Licence,Locataire,Acceptable,Professionnel,1
79,90.52,35.11,25,524,0,90.37,CDI,Master,Propriétaire,Acceptable,Professionnel,1
75,126.85,37.96,75,772,10,53.9,CDI,Master,Locataire,Acceptable,Consommation,1
63,111.23,24.45,13,659,0,3.16,Indépendant,Master,Propriétaire,Excellent,Automobile,0
19,109.05,35.59,50,839,10,92.7,CDI,Bac,Propriétaire,Bon,Consommation,0
77,58.79,32.41,39,345,6,70.21,CDI,Licence,Propriétaire,Bon,Immobilier,1
71,46.58,39.6,56,300,6,41.4,Indépendant,Master,Propriétaire,Bon,Immobilier,0
60,43.47,25.1,9,544,1,59.84,Indépendant,Master,Propriétaire,Excellent,Immobilier,0
18,130.72,26.28,44,518,2,42.98,CDD,Licence,Locataire,Bon,Consommation,1
68,125.76,33.96,29,590,1,46.53,CDD,Bac,Propriétaire,Mauvais,Automobile,0
70,74.48,9.86,60,757,5,88.68,CDD,Bac,Locataire,Bon,Automobile,1
53,32.87,24.63,31,503,7,16.11,CDD,Licence,Propriétaire,Bon,Immobilier,1
68,66.6,48.74,30,501,7,10.37,CDI,Master,Locataire,Excellent,Automobile,0
43,98.61,6.69,41,781,0,0.27,Retraité,Master,Locataire,Acceptable,Consommation,0
46,76.34,19.22,76,810,10,31.4,CDI,Bac,Propriétaire,Bon,Immobilier,0
38,120.33,19.13,79,577,8,14.74,CDD,Master,Locataire,Excellent,Automobile,1
28,149.68,33.51,63,315,10,22.0,Chômeur,Bac,Propriétaire,Mauvais,Immobilier,1
57,40.8,9.76,17,824,7,1.12,CDD,Licence,Locataire,Acceptable,Consommation,0
28,77.05,33.28,6,655,8,22.72,Chômeur,Bac,Locataire,Acceptable,Automobile,1
53,73.18,9.28,55,655,8,33.27,CDI,Master,Locataire,Mauvais,Immobilier,0
66,56.11,9.27,30,377,10,3.16,CDI,Master,Locataire,Bon,Automobile,0
76,41.74,37.77,10,366,5,60.79,Chômeur,Licence,Locataire,Acceptable,Immobilier,1
56,23.87,19.59,73,513,2,56.88,CDI,Licence,Locataire,Excellent,Consommation,1
57,134.76,48.98,11,748,0,9.7,Indépendant,Bac,Propriétaire,Acceptable,Professionnel,0
52,71.68,6.68,31,732,10,59.5,CDI,Licence,Locataire,Excellent,Automobile,0
71,82.08,25.03,60,844,7,99.87,Indépendant,Licence,Propriétaire,Excellent,Immobilier,1
51,138.79,10.09,44,414,9,94.45,CDD,Bac,Locataire,Bon,Consommation,0
72,119.8,20.81,14,719,2,0.27,CDI,Master,Locataire,Excellent,Automobile,1
64,32.62,49.92,50,798,6,79.54,CDD,Licence,Locataire,Bon,Immobilier,0
41,91.33,45.0,19,679,9,35.36,CDD,Bac,Locataire,Bon,Immobilier,1
71,74.7,7.17,60,442,5,6.37,CDI,Bac,Locataire,Bon,Consommation,1
39,122.62,30.35,14,323,2,29.6,CDD,Bac,Propriétaire,Excellent,Consommation,1
22,112.77,34.15,20,838,5,32.17,CDD,Licence,Propriétaire,Excellent,Consommation,0
73,108.2,14.43,42,374,2,52.32,CDI,Licence,Locataire,Bon,Automobile,1
50,60.97,11.53,55,834,8,66.11,Indépendant,Bac,Propriétaire,Acceptable,Consommation,0
75,123.67,45.7,77,340,0,74.91,CDI,Master,Locataire,Excellent,Automobile,1
53,22.07,48.6,26,712,7,24.59,CDI,Licence,Propriétaire,Bon,Automobile,0
64,36.55,49.64,62,714,4,32.18,CDD,Licence,Propriétaire,Acceptable,Consommation,1
37,60.31,40.54,24,748,3,30.84,CDD,Master,Locataire,Excellent,Professionnel,1
36,25.37,34.86,63,735,0,36.27,Chômeur,Bac,Locataire,Bon,Consommation,0
52,46.72,20.56,11,538,8,99.97,CDI,Licence,Propriétaire,Bon,Consommation,1
69,127.07,12.71,9,341,8,77.79,CDI,Licence,Propriétaire,Mauvais,Consommation,1
60,143.01,8.55,48,309,4,97.5,CDI,Bac,Propriétaire,Excellent,Consommation,1
34,56.12,36.2,47,564,10,69.31,Indépendant,Bac,Propriétaire,Bon,Consommation,1
79,50.71,40.31,8,744,8,40.63,CDI,Licence,Propriétaire,Acceptable,Automobile,0
76,52.79,42.19,6,438,9,38.97,Indépendant,Master,Locataire,Bon,Immobilier,0
62,52.49,46.12,60,495,8,48.86,CDI,Master,Locataire,Bon,Consommation,1
60,19.85,44.6,20,373,6,41.69,Indépendant,Licence,Propriétaire,Excellent,Professionnel,1
51,140.13,49.99,52,524,7,82.83,CDD,Licence,Propriétaire,Mauvais,Immobilier,1
26,43.85,15.98,51,401,0,46.5,Chômeur,Licence,Locataire,Acceptable,Consommation,1
43,71.7,39.35,63,563,3,29.56,CDI,Bac,Locataire,Bon,Immobilier,1
19,16.31,31.39,76,460,9,77.49,CDD,Bac,Propriétaire,Excellent,Professionnel,1
70,130.82,16.76,44,532,9,85.44,Indépendant,Licence,Propriétaire,Excellent,Consommation,0
26,113.71,49.19,8,790,3,42.04,CDD,Licence,Propriétaire,Bon,Automobile,0
26,142.81,45.41,35,610,8,66.78,CDI,Bac,Propriétaire,Bon,Consommation,0
57,120.52,10.78,40,526,2,5.88,Retraité,Bac,Locataire,Bon,Consommation,0
34,57.35,6.18,62,572,9,52.95,CDI,Bac,Autre,Bon,Consommation,0
18,48.46,35.97,34,616,9,4.5,CDI,Licence,Locataire,Acceptable,Professionnel,0
42,109.19,32.19,55,385,0,2.92,CDD,Licence,Autre,Bon,Immobilier,1
78,64.16,47.11,67,590,10,61.29,CDD,Bac,Propriétaire,Bon,Immobilier,1
60,91.44,15.53,57,768,4,30.33,Indépendant,Bac,Locataire,Acceptable,Consommation,1
57,15.84,8.8,19,703,6,74.25,CDI,Bac,Propriétaire,Bon,Professionnel,1
59,23.35,16.66,40,726,3,89.61,CDI,Bac,Propriétaire,Acceptable,Immobilier,1
42,87.27,5.85,33,674,8,13.94,CDD,Licence,Locataire,Excellent,Immobilier,1
56,91.42,6.62,63,551,5,72.45,CDI,Bac,Propriétaire,Acceptable,Immobilier,1
52,116.45,46.17,35,832,5,51.45,Chômeur,Master,Propriétaire,Mauvais,Automobile,1
20,32.82,20.84,12,606,2,11.21,Chômeur,Licence,Locataire,Bon,Consommation,1
67,84.28,23.49,44,729,9,65.16,CDD,Licence,Propriétaire,Bon,Immobilier,0
54,41.25,5.83,74,563,9,60.95,CDI,Bac,Locataire,Excellent,Immobilier,0
61,27.58,17.17,40,367,4,51.56,Chômeur,Bac,Propriétaire,Bon,Consommation,1
61,70.42,41.21,57,406,9,92.65,CDI,Bac,Locataire,Bon,Immobilier,1
68,37.05,32.7,19,699,5,52.11,CDI,Doctorat,Propriétaire,Excellent,Consommation,1
47,44.94,38.92,68,498,3,99.05,CDI,Master,Locataire,Acceptable,Automobile,1
55,57.87,25.12,41,491,2,50.92,CDI,Bac,Propriétaire,Acceptable,Consommation,1
51,50.02,18.94,29,813,4,11.59,Indépendant,Licence,Locataire,Mauvais,Immobilier,0
29,26.82,26.73,45,741,6,47.05,CDD,Bac,Locataire,Bon,Immobilier,1
36,27.14,19.54,34,300,10,18.23,Retraité,Bac,Propriétaire,Bon,Automobile,1
54,41.09,42.75,58,657,5,59.71,CDI,Master,Propriétaire,Acceptable,Consommation,0
61,21.83,18.4,27,414,1,69.31,CDD,Bac,Propriétaire,Bon,Automobile,1
76,99.57,34.69,77,496,0,46.84,Retraité,Licence,Locataire,Acceptable,Immobilier,0
76,53.79,11.16,20,573,4,9.77,Indépendant,Licence,Locataire,Bon,Consommation,1
66,52.77,35.91,74,459,4,46.86,Indépendant,Licence,Propriétaire,Bon,Immobilier,0
78,59.82,46.1,69,472,5,8.15,CDI,Doctorat,Locataire,Excellent,Professionnel,1
34,104.48,32.39,9,844,2,68.21,Indépendant,Master,Locataire,Excellent,Immobilier,0
27,132.54,30.19,80,757,0,79.04,CDI,Master,Propriétaire,Bon,Automobile,0
74,117.48,48.25,23,732,3,96.24,CDD,Licence,Propriétaire,Bon,Immobilier,0
72,113.22,33.23,47,780,3,14.88,CDD,Bac,Locataire,Acceptable,Automobile,1
66,80.39,16.68,35,754,9,53.24,CDD,Master,Locataire,Bon,Automobile,1
64,108.66,18.16,20,495,1,56.75,Indépendant,Doctorat,Propriétaire,Bon,Automobile,1
29,89.62,36.74,75,608,7,92.25,CDD,Licence,Propriétaire,Bon,Immobilier,1
79,44.19,38.09,60,793,5,62.73,CDI,Doctorat,Propriétaire,Excellent,Consommation,0
33,43.16,18.66,58,738,2,14.55,CDD,Bac,Locataire,Excellent,Consommation,0
41,55.01,20.54,21,658,0,43.64,CDD,Bac,Locataire,Excellent,Automobile,1
36,137.96,49.6,78,335,10,65.48,CDI,Bac,Propriétaire,Bon,Automobile,0
25,88.9,9.59,39,333,2,70.03,CDI,Licence,Propriétaire,Excellent,Consommation,0
48,114.08,23.21,32,387,7,86.31,CDI,Master,Propriétaire,Excellent,Immobilier,0
38,61.79,7.81,18,315,3,18.05,CDI,Licence,Locataire,Acceptable,Professionnel,1
34,70.04,41.95,32,720,2,95.15,Retraité,Master,Propriétaire,Excellent,Immobilier,0
40,31.95,9.16,78,425,10,5.91,CDI,Licence,Locataire,Excellent,Consommation,1
54,38.12,35.33,74,307,3,98.38,CDD,Licence,Locataire,Mauvais,Automobile,1
71,126.69,7.54,36,771,10,85.78,Indépendant,Master,Locataire,Bon,Automobile,1
33,93.95,35.28,8,767,3,66.03,CDI,Bac,Locataire,Excellent,Consommation,1
23,60.57,42.94,35,809,1,73.5,Chômeur,Master,Propriétaire,Excellent,Immobilier,0
25,123.38,22.95,26,701,3,7.27,CDI,Bac,Locataire,Bon,Consommation,1
42,48.28,28.5,11,475,10,4.15,Chômeur,Bac,Locataire,Bon,Automobile,1
35,146.76,23.07,37,666,8,10.18,CDI,Licence,Locataire,Excellent,Immobilier,1
42,61.55,18.52,47,787,3,8.74,CDI,Master,Propriétaire,Excellent,Automobile,0
29,60.54,41.15,67,317,0,54.74,CDI,Licence,Propriétaire,Mauvais,Consommation,0
32,57.11,17.24,37,355,0,21.54,CDI,Licence,Locataire,Bon,Immobilier,1
76,31.49,37.53,44,334,0,86.02,Indépendant,Master,Locataire,Bon,Automobile,1
43,30.0,14.28,69,646,4,44.57,CDI,Bac,Locataire,Bon,Automobile,0
58,102.49,16.24,35,331,5,69.55,CDD,Master,Locataire,Excellent,Automobile,1
62,133.14,20.14,68,432,5,65.29,CDI,Licence,Locataire,Bon,Consommation,1
43,121.72,31.51,36,498,5,31.99,Indépendant,Bac,Propriétaire,Mauvais,Immobilier,0
64,34.05,25.45,45,555,8,24.32,Indépendant,Licence,Locataire,Excellent,Automobile,1
49,88.65,38.53,38,641,0,34.25,CDD,Bac,Locataire,Mauvais,Automobile,1
27,29.25,14.61,68,530,9,79.67,CDI,Bac,Locataire,Excellent,Immobilier,1
33,21.11,5.48,30,600,5,58.63,CDD,Bac,Locataire,Bon,Professionnel,1
24,103.61,39.95,41,846,7,25.35,CDI,Bac,Propriétaire,Excellent,Immobilier,0
34,87.25,41.97,29,325,7,81.78,CDI,Licence,Propriétaire,Bon,Immobilier,0
40,26.07,7.68,63,834,2,5.48,CDD,Licence,Locataire,Bon,Consommation,1
43,19.72,32.49,44,773,4,69.92,Retraité,Licence,Propriétaire,Acceptable,Immobilier,1
38,148.62,22.02,51,686,9,43.91,Chômeur,Licence,Locataire,Bon,Consommation,0
39,19.05,40.73,82,584,3,73.13,CDD,Master,Locataire,Bon,Consommation,1
75,75.01,44.35,15,749,0,92.75,CDD,Bac,Propriétaire,Acceptable,Immobilier,1
24,83.12,43.3,37,619,8,75.0,Retraité,Licence,Locataire,Excellent,Immobilier,1
31,30.83,39.97,41,455,4,44.2,CDD,Bac,Propriétaire,Bon,Immobilier,1
32,37.82,17.11,33,770,1,15.1,CDI,Licence,Locataire,Excellent,Immobilier,0
70,62.49,41.54,21,719,1,80.64,Chômeur,Licence,Propriétaire,Bon,Immobilier,1
24,117.83,29.01,21,412,10,46.07,CDI,Master,Locataire,Acceptable,Consommation,1
26,83.46,7.37,23,721,6,7.53,CDI,Master,Locataire,Excellent,Consommation,0
68,101.12,25.56,13,584,3,71.91,CDD,Master,Propriétaire,Mauvais,Immobilier,1
65,148.0,47.4,80,353,0,29.19,CDI,Bac,Locataire,Acceptable,Consommation,0
25,118.68,44.95,75,624,4,4.89,CDI,Bac,Locataire,Bon,Immobilier,1
67,73.64,9.6,6,757,1,90.28,CDI,Master,Locataire,Excellent,Consommation,0
76,75.27,38.49,67,564,6,48.31,CDD,Licence,Autre,Acceptable,Immobilier,1
40,98.53,41.26,81,681,8,28.1,Retraité,Master,Propriétaire,Acceptable,Immobilier,0
46,104.82,17.21,43,512,0,71.64,CDI,Licence,Locataire,Excellent,Consommation,0
35,82.6,26.22,50,632,1,88.59,CDI,Doctorat,Propriétaire,Mauvais,Automobile,1
48,102.06,36.99,63,309,10,0.03,CDI,Master,Autre,Mauvais,Automobile,1
47,18.18,24.76,6,657,5,68.79,CDD,Licence,Propriétaire,Bon,Automobile,1
69,73.0,10.08,37,502,7,76.7,Indépendant,Bac,Propriétaire,Acceptable,Immobilier,0
56,52.66,36.76,13,357,6,20.99,CDD,Licence,Propriétaire,Bon,Consommation,0
52,32.44,46.02,45,793,8,48.96,CDI,Master,Propriétaire,Bon,Consommation,0
35,28.44,34.36,61,809,1,8.93,CDD,Master,Locataire,Bon,Immobilier,1
76,96.43,39.82,68,522,8,74.67,CDD,Bac,Propriétaire,Excellent,Automobile,1
59,85.69,21.13,79,668,3,84.75,CDI,Licence,Locataire,Acceptable,Automobile,0
56,49.23,13.24,79,717,10,10.82,CDI,Master,Propriétaire,Excellent,Automobile,0
34,78.58,33.92,41,846,2,81.65,CDI,Licence,Locataire,Bon,Automobile,0
31,81.45,19.75,62,402,6,77.16,Retraité,Master,Locataire,Acceptable,Consommation,1
48,41.33,43.7,79,460,4,34.69,Indépendant,Master,Propriétaire,Excellent,Professionnel,1
41,103.03,10.52,50,499,4,69.03,Indépendant,Master,Propriétaire,Bon,Automobile,0
52,120.42,24.51,84,459,1,0.0,Chômeur,Bac,Propriétaire,Bon,Automobile,0
61,121.85,22.85,7,435,5,93.18,Indépendant,Bac,Propriétaire,Excellent,Consommation,0
77,96.33,47.21,73,697,5,55.04,Chômeur,Bac,Propriétaire,Acceptable,Automobile,1
62,84.07,11.89,55,691,3,62.03,CDI,Master,Propriétaire,Bon,Automobile,1
51,23.24,5.44,34,405,4,66.47,CDD,Licence,Propriétaire,Bon,Automobile,1
20,53.86,15.71,15,353,6,56.14,Indépendant,Bac,Locataire,Excellent,Consommation,1
54,27.59,41.91,32,576,7,85.68,CDD,Licence,Propriétaire,Excellent,Automobile,1
60,145.12,14.42,20,410,5,60.97,CDI,Licence,Locataire,Excellent,Immobilier,1
57,33.24,15.84,65,523,4,90.78,CDI,Master,Autre,Excellent,Automobile,0
43,35.49,10.85,36,374,2,58.23,CDI,Master,Propriétaire,Bon,Consommation,0
72,135.09,37.19,26,805,6,17.11,CDI,Licence,Propriétaire,Bon,Consommation,0
40,142.43,8.11,65,313,7,91.36,CDI,Bac,Propriétaire,Excellent,Consommation,1
61,118.39,19.9,63,781,2,68.16,CDD,Master,Propriétaire,Excellent,Consommation,1
56,15.73,17.71,46,488,4,69.92,Chômeur,Bac,Locataire,Bon,Immobilier,1
32,15.18,29.98,51,663,10,98.55,Indépendant,Licence,Propriétaire,Acceptable,Automobile,1
73,66.04,37.87,50,538,1,7.52,Indépendant,Bac,Propriétaire,Bon,Immobilier,0
66,34.36,28.98,31,700,9,42.86,Chômeur,Bac,Propriétaire,Excellent,Consommation,1
21,17.48,46.9,56,603,9,23.91,CDI,Bac,Locataire,Acceptable,Immobilier,1
46,77.65,47.81,41,390,3,63.04,CDI,Licence,Locataire,Mauvais,Consommation,1
39,142.31,21.27,57,691,3,80.68,CDI,Licence,Autre,Bon,Consommation,0
42,58.72,40.0,56,483,7,96.63,Chômeur,Bac,Locataire,Bon,Consommation,1
30,104.25,38.25,8,316,2,45.46,CDI,Bac,Propriétaire,Bon,Consommation,0
35,103.05,45.18,19,311,4,78.62,Indépendant,Master,Propriétaire,Mauvais,Automobile,1
50,48.9,25.16,54,465,10,91.71,CDI,Bac,Propriétaire,Bon,Automobile,0
33,102.81,28.87,82,445,4,68.33,Chômeur,Bac,Locataire,Mauvais,Immobilier,1
62,43.67,23.71,6,581,1,24.27,CDI,Licence,Locataire,Excellent,Immobilier,1
59,31.47,43.27,62,848,8,60.79,Indépendant,Master,Propriétaire,Bon,Immobilier,0
61,109.69,15.34,22,468,3,97.0,CDI,Bac,Propriétaire,Acceptable,Immobilier,1
79,30.31,15.79,55,469,8,98.76,CDI,Doctorat,Propriétaire,Acceptable,Professionnel,1
19,149.58,21.77,19,645,8,64.24,CDD,Licence,Locataire,Acceptable,Immobilier,0
72,39.77,15.37,64,798,1,88.7,Retraité,Licence,Locataire,Acceptable,Consommation,1
52,95.21,30.25,8,759,8,20.03,CDD,Bac,Propriétaire,Acceptable,Immobilier,0
59,70.54,11.05,45,596,8,24.61,Chômeur,Licence,Propriétaire,Bon,Professionnel,0
51,32.06,19.41,71,441,1,95.29,Indépendant,Bac,Propriétaire,Bon,Automobile,1
47,18.76,46.11,39,352,10,13.52,Indépendant,Licence,Locataire,Bon,Automobile,1
76,99.07,23.42,14,417,5,19.11,CDI,Bac,Autre,Bon,Automobile,0
72,123.91,38.67,26,664,8,42.05,CDI,Licence,Propriétaire,Bon,Consommation,0
30,128.67,10.11,30,435,3,58.96,CDI,Master,Propriétaire,Bon,Immobilier,0
30,80.17,16.14,49,713,1,60.38,Retraité,Master,Propriétaire,Excellent,Consommation,1
35,119.96,41.33,30,376,6,29.2,Retraité,Bac,Locataire,Excellent,Consommation,0
49,105.83,39.33,14,317,8,92.06,Indépendant,Licence,Locataire,Mauvais,Immobilier,1
49,112.77,22.38,67,702,5,91.51,CDI,Licence,Locataire,Excellent,Immobilier,1
52,81.5,47.95,31,504,10,39.21,CDI,Bac,Autre,Excellent,Consommation,0
76,100.51,45.98,62,798,10,43.43,Retraité,Licence,Propriétaire,Bon,Immobilier,0
56,123.75,48.3,42,623,3,70.25,CDI,Bac,Locataire,Bon,Consommation,1
63,68.71,24.26,21,580,0,66.3,Indépendant,Licence,Propriétaire,Bon,Immobilier,1
69,123.81,13.89,42,465,3,38.23,CDI,Master,Propriétaire,Excellent,Automobile,1
46,94.92,33.2,81,542,2,41.42,CDI,Bac,Locataire,Excellent,Consommation,0
79,37.4,35.81,29,778,6,34.8,Indépendant,Bac,Locataire,Acceptable,Consommation,0
66,18.33,10.64,31,463,10,23.54,CDI,Bac,Locataire,Acceptable,Immobilier,0
46,63.97,40.39,25,623,10,45.81,CDI,Doctorat,Locataire,Excellent,Consommation,1
79,88.8,5.81,14,850,9,68.64,Retraité,Master,Locataire,Acceptable,Consommation,0
70,128.38,26.72,34,507,4,74.2,CDD,Bac,Propriétaire,Bon,Automobile,1
61,32.21,19.9,36,614,2,77.89,Indépendant,Licence,Locataire,Acceptable,Automobile,0
74,123.03,38.31,24,603,1,37.47,Indépendant,Bac,Locataire,Bon,Automobile,0
33,131.51,19.07,25,538,1,76.46,CDI,Licence,Locataire,Bon,Professionnel,1
73,35.34,42.21,32,523,4,0.65,CDI,Licence,Locataire,Acceptable,Consommation,1
61,129.97,31.77,49,387,7,47.7,CDD,Doctorat,Locataire,Bon,Immobilier,1
64,148.85,40.73,40,836,7,79.39,CDI,Bac,Locataire,Excellent,Immobilier,0
74,113.12,49.52,76,728,4,63.0,CDI,Licence,Propriétaire,Bon,Professionnel,0
27,120.94,35.56,27,519,1,47.41,Indépendant,Master,Locataire,Acceptable,Immobilier,1
47,149.25,49.32,79,574,3,64.46,CDI,Master,Locataire,Bon,Professionnel,0
42,96.74,6.3,20,365,6,90.69,CDD,Licence,Propriétaire,Bon,Automobile,1
80,56.56,20.22,18,722,5,56.64,CDI,Licence,Locataire,Acceptable,Immobilier,0
56,128.07,9.85,9,554,9,79.98,CDI,Licence,Propriétaire,Acceptable,Immobilier,1
37,97.96,16.8,61,424,6,98.07,CDI,Licence,Propriétaire,Bon,Automobile,1
22,93.46,42.75,28,445,4,70.56,Indépendant,Master,Locataire,Bon,Consommation,0
18,49.24,6.45,39,684,1,57.33,CDI,Master,Locataire,Bon,Immobilier,0
47,117.11,28.41,22,746,7,3.75,CDD,Master,Propriétaire,Excellent,Immobilier,0
66,26.03,30.52,33,686,1,37.45,CDD,Licence,Locataire,Acceptable,Professionnel,1
20,139.78,30.25,19,682,7,56.54,CDI,Master,Locataire,Acceptable,Immobilier,0
62,58.99,26.39,39,576,6,79.72,CDD,Bac,Locataire,Bon,Automobile,1
31,32.25,40.58,80,681,2,43.81,Chômeur,Bac,Locataire,Excellent,Automobile,0
73,74.72,11.01,62,423,3,96.01,CDD,Licence,Locataire,Excellent,Immobilier,1
47,20.73,18.98,82,566,6,27.18,CDI,Bac,Locataire,Bon,Immobilier,1
67,107.42,32.71,60,410,3,74.46,CDD,Doctorat,Locataire,Bon,Automobile,1
21,136.87,36.09,71,680,8,41.9,CDD,Licence,Propriétaire,Bon,Immobilier,0
35,128.03,23.19,42,457,6,48.6,CDI,Licence,Propriétaire,Bon,Automobile,0
79,32.19,44.39,73,847,0,80.25,CDI,Licence,Propriétaire,Excellent,Automobile,0
54,32.05,23.7,81,417,0,29.62,CDI,Master,Locataire,Bon,Consommation,1
42,124.81,23.12,31,627,3,9.68,CDI,Licence,Propriétaire,Bon,Automobile,1
65,139.77,6.63,66,367,8,52.03,CDI,Bac,Propriétaire,Bon,Automobile,0
18,77.19,29.8,72,733,3,52.88,CDD,Master,Locataire,Bon,Immobilier,0
70,82.36,36.89,79,658,4,79.72,CDI,Licence,Locataire,Excellent,Immobilier,0
63,57.97,10.15,57,742,0,96.83,Chômeur,Bac,Locataire,Acceptable,Automobile,1
32,135.73,18.74,23,463,1,5.53,CDD,Licence,Propriétaire,Acceptable,Professionnel,0
26,102.06,40.16,58,660,10,59.17,Chômeur,Bac,Propriétaire,Acceptable,Immobilier,1
32,53.91,21.47,68,418,3,68.13,CDD,Doctorat,Propriétaire,Excellent,Automobile,1
66,55.34,15.87,58,494,3,98.58,CDI,Licence,Propriétaire,Excellent,Consommation,1
74,135.31,35.25,32,540,10,94.26,CDD,Doctorat,Propriétaire,Bon,Consommation,1
41,16.84,13.85,36,808,9,71.25,Indépendant,Licence,Propriétaire,Acceptable,Professionnel,1
21,58.57,45.3,6,441,5,52.18,CDI,Doctorat,Propriétaire,Acceptable,Immobilier,1
29,89.84,9.75,11,330,5,16.15,CDI,Bac,Locataire,Acceptable,Immobilier,0
76,35.01,36.79,16,522,7,38.42,CDI,Bac,Propriétaire,Excellent,Immobilier,0
75,27.43,27.48,39,565,8,58.51,CDI,Bac,Propriétaire,Acceptable,Immobilier,1
54,125.06,44.15,68,581,0,72.52,CDI,Licence,Locataire,Acceptable,Automobile,1
78,135.74,10.68,58,680,0,63.54,CDI,Bac,Locataire,Excellent,Consommation,0
54,126.19,35.51,23,361,5,71.41,CDI,Licence,Locataire,Bon,Consommation,1
60,136.34,30.74,26,820,3,42.92,CDD,Licence,Propriétaire,Bon,Immobilier,1
77,89.67,26.6,24,370,10,72.76,CDI,Licence,Autre,Excellent,Immobilier,1
23,124.65,27.11,9,835,3,14.37,CDD,Licence,Locataire,Bon,Professionnel,0
56,66.85,37.49,82,439,0,16.26,CDD,Bac,Locataire,Acceptable,Automobile,0
73,104.95,47.2,34,615,8,16.28,CDD,Master,Propriétaire,Acceptable,Professionnel,1
80,148.49,9.11,30,639,10,89.09,CDI,Licence,Propriétaire,Mauvais,Consommation,1
63,45.47,5.88,61,827,2,7.6,CDD,Master,Locataire,Bon,Professionnel,0
41,67.64,41.26,82,840,4,80.15,CDI,Licence,Locataire,Bon,Consommation,1
28,79.81,9.87,68,715,9,23.36,CDI,Doctorat,Locataire,Acceptable,Automobile,0
79,33.63,49.4,32,766,0,46.84,CDD,Licence,Locataire,Bon,Consommation,0
30,25.94,32.87,65,674,7,91.6,CDI,Doctorat,Autre,Excellent,Automobile,1
51,127.01,34.29,54,590,2,58.59,CDI,Bac,Locataire,Acceptable,Immobilier,0
42,146.87,13.95,70,342,0,21.01,CDI,Master,Autre,Bon,Immobilier,0
24,69.64,15.81,43,352,9,28.41,CDI,Master,Propriétaire,Excellent,Automobile,0
69,26.83,34.67,57,531,5,92.04,CDI,Bac,Propriétaire,Excellent,Immobilier,1
21,23.88,45.94,6,511,0,42.71,Retraité,Licence,Locataire,Mauvais,Immobilier,1
76,135.33,49.21,45,307,2,58.7,CDI,Master,Locataire,Bon,Automobile,1
25,77.61,13.91,26,782,4,45.99,CDD,Licence,Propriétaire,Bon,Professionnel,1
37,58.2,11.04,20,341,3,37.84,CDD,Bac,Locataire,Mauvais,Automobile,1
46,79.32,7.54,55,632,6,22.33,CDD,Licence,Locataire,Bon,Automobile,1
80,57.97,44.07,53,532,5,68.62,Chômeur,Bac,Propriétaire,Excellent,Immobilier,1
71,81.02,18.26,37,369,2,71.82,Chômeur,Master,Locataire,Bon,Immobilier,1
70,131.04,5.08,54,315,10,27.49,Indépendant,Bac,Locataire,Excellent,Consommation,0
68,94.96,15.07,73,368,7,78.9,Retraité,Bac,Locataire,Excellent,Consommation,1
62,108.78,20.32,50,352,7,85.45,CDI,Bac,Locataire,Acceptable,Automobile,0
63,64.23,49.59,37,678,1,92.07,CDD,Licence,Propriétaire,Bon,Automobile,1
27,114.7,28.56,9,762,6,16.12,Chômeur,Doctorat,Locataire,Acceptable,Consommation,1
60,104.99,14.21,70,826,0,30.39,CDD,Bac,Locataire,Bon,Immobilier,1
51,31.14,20.07,76,362,1,86.04,Retraité,Bac,Propriétaire,Excellent,Automobile,1
74,92.31,19.86,78,560,7,19.85,CDI,Licence,Propriétaire,Bon,Consommation,1
43,49.66,5.89,70,799,0,0.35,CDI,Master,Locataire,Excellent,Consommation,0
58,123.55,11.08,23,420,1,87.08,Retraité,Licence,Locataire,Bon,Immobilier,1
66,72.5,36.28,59,539,0,32.64,CDI,Licence,Propriétaire,Bon,Immobilier,1
75,149.28,10.41,52,764,4,41.45,Indépendant,Licence,Propriétaire,Excellent,Consommation,0
20,27.49,15.38,11,406,6,44.63,CDI,Bac,Propriétaire,Acceptable,Immobilier,1
73,120.35,20.78,71,479,5,84.83,CDD,Licence,Propriétaire,Excellent,Consommation,1
23,105.95,39.1,14,315,5,33.79,Chômeur,Licence,Locataire,Bon,Immobilier,1
22,118.61,31.21,73,654,5,89.23,CDI,Master,Locataire,Acceptable,Immobilier,0
22,56.52,36.0,28,608,7,61.69,CDI,Master,Propriétaire,Bon,Immobilier,1
71,81.43,30.52,48,480,4,52.73,CDI,Master,Locataire,Acceptable,Professionnel,1
64,122.53,35.76,56,473,9,32.56,Chômeur,Licence,Locataire,Bon,Consommation,0
40,46.39,5.13,77,653,6,24.37,Indépendant,Licence,Propriétaire,Mauvais,Consommation,0
66,45.51,46.89,30,653,2,62.41,CDI,Bac,Locataire,Bon,Automobile,1
26,89.39,9.99,40,518,8,44.69,CDI,Master,Locataire,Mauvais,Consommation,1
52,85.68,23.28,22,614,9,91.05,Indépendant,Licence,Propriétaire,Bon,Consommation,1
37,53.11,39.7,23,733,2,49.16,Indépendant,Master,Propriétaire,Acceptable,Automobile,1
75,55.24,24.59,32,581,5,51.18,CDI,Bac,Locataire,Mauvais,Professionnel,1
66,52.51,47.61,20,558,2,41.67,CDI,Master,Propriétaire,Bon,Consommation,0
78,119.15,26.04,74,304,0,78.93,Indépendant,Licence,Propriétaire,Acceptable,Professionnel,1
76,103.01,44.37,20,693,0,42.48,CDD,Bac,Autre,Bon,Consommation,1
59,127.38,41.49,47,635,2,26.93,Retraité,Licence,Locataire,Bon,Consommation,0
52,146.69,49.14,39,362,3,86.2,CDD,Master,Locataire,Bon,Professionnel,1
67,79.01,46.69,53,343,1,59.68,CDD,Master,Propriétaire,Excellent,Automobile,1
35,24.0,45.42,13,452,8,59.15,CDD,Master,Locataire,Bon,Consommation,1
79,21.49,37.92,15,455,10,61.08,Chômeur,Bac,Locataire,Mauvais,Immobilier,1
34,54.91,21.51,10,777,7,71.88,CDI,Master,Locataire,Acceptable,Consommation,0
41,140.89,9.78,53,574,2,31.31,CDI,Licence,Propriétaire,Acceptable,Consommation,0
20,85.63,35.99,31,657,6,3.38,CDI,Licence,Propriétaire,Bon,Consommation,1
49,51.69,49.04,28,725,3,81.06,Chômeur,Bac,Locataire,Bon,Consommation,1
52,68.89,37.7,67,831,4,12.89,CDD,Bac,Locataire,Excellent,Automobile,0
55,95.81,46.79,18,782,3,72.18,CDI,Bac,Locataire,Excellent,Automobile,1
30,103.15,41.19,14,513,8,8.23,CDD,Master,Propriétaire,Excellent,Immobilier,0
73,35.78,12.34,25,378,10,37.53,CDI,Bac,Locataire,Acceptable,Immobilier,1
78,146.9,16.21,62,438,6,6.3,CDI,Bac,Locataire,Acceptable,Automobile,0
64,88.54,20.38,29,397,3,52.22,CDI,Licence,Locataire,Bon,Automobile,1
42,33.32,12.57,38,497,7,65.31,CDD,Licence,Propriétaire,Excellent,Immobilier,1
26,135.64,31.17,25,455,1,17.14,Indépendant,Bac,Locataire,Bon,Immobilier,1
21,25.08,48.9,65,349,6,37.16,Indépendant,Bac,Locataire,Bon,Immobilier,1
31,137.54,39.27,53,778,10,93.02,Chômeur,Bac,Locataire,Bon,Consommation,1
54,149.54,24.05,69,527,0,44.24,CDI,Licence,Locataire,Bon,Automobile,1
51,109.56,5.2,35,756,7,80.25,Indépendant,Bac,Propriétaire,Bon,Immobilier,0
28,119.01,19.1,78,821,5,92.72,CDI,Licence,Locataire,Mauvais,Consommation,1
58,60.54,28.7,22,448,4,97.43,CDI,Bac,Propriétaire,Bon,Immobilier,1
73,142.11,19.59,19,357,8,89.83,CDI,Bac,Locataire,Acceptable,Consommation,1
20,86.51,10.0,24,461,8,31.74,CDI,Licence,Propriétaire,Bon,Immobilier,1
76,113.87,24.92,76,776,2,96.26,CDI,Bac,Propriétaire,Bon,Professionnel,1
45,139.75,16.4,64,406,8,81.24,CDI,Bac,Locataire,Acceptable,Immobilier,1
46,146.65,45.92,72,726,8,83.72,CDD,Licence,Propriétaire,Bon,Consommation,1
26,127.48,9.58,49,694,1,1.52,CDI,Licence,Locataire,Excellent,Automobile,0
20,55.91,7.21,37,485,4,95.42,CDD,Master,Propriétaire,Excellent,Immobilier,1
42,145.48,5.24,16,745,10,77.81,CDI,Bac,Locataire,Acceptable,Immobilier,1
51,99.8,19.76,7,747,1,76.8,CDI,Master,Locataire,Bon,Automobile,1
29,140.64,34.72,73,386,0,8.15,CDI,Master,Propriétaire,Bon,Consommation,1
59,106.27,37.87,22,548,6,23.26,CDI,Master,Autre,Excellent,Immobilier,0
26,56.48,25.4,45,739,3,96.23,CDI,Licence,Propriétaire,Excellent,Consommation,1
32,64.95,35.79,51,556,4,50.07,CDD,Master,Propriétaire,Acceptable,Consommation,1
57,89.31,21.2,9,576,3,39.79,Indépendant,Bac,Propriétaire,Acceptable,Immobilier,1
42,121.65,35.05,43,737,5,83.99,CDI,Bac,Locataire,Bon,Immobilier,0
22,57.93,6.83,68,815,10,8.73,CDI,Bac,Propriétaire,Bon,Professionnel,0
28,93.26,22.58,34,501,1,41.69,Indépendant,Master,Propriétaire,Mauvais,Immobilier,1
76,61.66,40.59,24,479,7,37.57,CDI,Licence,Locataire,Bon,Immobilier,0
51,125.13,41.14,34,624,3,34.99,CDI,Master,Propriétaire,Acceptable,Consommation,0
41,78.01,37.23,40,774,7,30.77,CDD,Bac,Propriétaire,Excellent,Immobilier,0
77,25.36,14.19,75,699,2,21.01,CDD,Master,Propriétaire,Bon,Automobile,1
32,37.42,16.12,28,516,10,17.29,CDD,Master,Propriétaire,Acceptable,Immobilier,0
55,23.25,49.82,51,752,4,64.04,Indépendant,Master,Propriétaire,Bon,Professionnel,0
25,82.41,9.65,49,703,2,91.94,CDI,Licence,Propriétaire,Acceptable,Automobile,1
76,29.36,13.13,53,539,6,50.89,CDI,Master,Propriétaire,Acceptable,Professionnel,1
22,30.41,10.85,57,485,2,29.8,CDI,Doctorat,Propriétaire,Excellent,Automobile,0
65,142.04,19.74,13,347,7,15.92,Indépendant,Licence,Propriétaire,Acceptable,Immobilier,0
43,132.81,14.46,60,685,8,83.01,Chômeur,Licence,Locataire,Excellent,Professionnel,1
35,76.03,27.4,71,507,1,97.15,CDI,Master,Locataire,Acceptable,Immobilier,0
23,148.08,26.42,82,456,2,34.92,CDI,Licence,Propriétaire,Mauvais,Automobile,0
54,15.03,45.57,45,524,6,29.1,CDI,Master,Locataire,Mauvais,Immobilier,1
77,97.89,6.56,36,443,4,60.15,CDI,Bac,Locataire,Acceptable,Professionnel,1
65,98.22,19.39,53,718,9,77.53,CDI,Licence,Autre,Bon,Immobilier,1
30,76.75,31.85,66,410,6,45.54,CDD,Bac,Propriétaire,Acceptable,Consommation,1
45,68.59,32.22,57,764,1,63.01,Retraité,Bac,Locataire,Acceptable,Automobile,0
22,76.48,26.61,43,431,3,71.65,CDI,Bac,Propriétaire,Excellent,Immobilier,1
30,71.02,41.7,41,633,0,96.06,CDI,Master,Locataire,Excellent,Immobilier,1
34,113.62,7.82,60,374,4,16.5,CDI,Bac,Propriétaire,Bon,Professionnel,0
67,33.27,41.7,18,711,7,99.74,CDI,Master,Propriétaire,Excellent,Consommation,1
57,41.68,27.26,42,818,0,39.22,CDI,Master,Propriétaire,Mauvais,Consommation,1
62,39.37,11.02,52,335,6,72.32,Indépendant,Licence,Locataire,Bon,Automobile,0
49,50.43,44.86,76,522,6,57.24,CDI,Bac,Locataire,Bon,Immobilier,0
79,85.91,34.22,27,829,6,48.67,Retraité,Bac,Propriétaire,Bon,Consommation,0
46,30.01,12.36,44,540,0,69.81,CDD,Licence,Propriétaire,Acceptable,Automobile,1
68,132.2,6.51,63,433,10,39.58,CDD,Bac,Locataire,Mauvais,Consommation,1
75,55.14,11.35,35,690,2,12.61,CDI,Licence,Locataire,Excellent,Automobile,1
20,36.94,32.4,23,401,10,48.89,CDD,Doctorat,Locataire,Acceptable,Professionnel,1
73,106.21,13.07,23,797,1,52.19,CDD,Bac,Locataire,Bon,Immobilier,1
57,20.14,15.16,79,810,4,20.19,CDI,Licence,Propriétaire,Bon,Immobilier,0
51,98.7,6.13,44,836,1,93.56,CDI,Doctorat,Propriétaire,Acceptable,Professionnel,0
57,109.26,37.53,31,844,4,22.75,Chômeur,Master,Propriétaire,Excellent,Automobile,0
44,44.01,41.47,76,642,4,40.92,CDI,Master,Propriétaire,Bon,Immobilier,0
30,20.67,40.86,12,305,3,15.49,CDI,Master,Locataire,Bon,Consommation,1
62,64.09,10.74,74,493,10,53.58,CDI,Licence,Propriétaire,Excellent,Automobile,1
50,28.31,45.65,70,436,6,30.76,CDI,Master,Propriétaire,Excellent,Immobilier,0
23,30.72,35.25,51,772,9,48.93,CDI,Master,Propriétaire,Excellent,Consommation,1
41,49.33,45.39,23,515,5,22.46,CDI,Licence,Propriétaire,Bon,Immobilier,1
36,54.89,25.12,18,648,1,5.38,CDD,Licence,Locataire,Excellent,Immobilier,1
33,86.55,24.66,30,482,3,77.92,CDI,Licence,Propriétaire,Bon,Immobilier,0
57,106.58,40.3,13,467,10,64.11,Indépendant,Licence,Propriétaire,Bon,Automobile,1
45,95.02,9.2,79,337,6,34.07,Indépendant,Bac,Locataire,Mauvais,Immobilier,1
50,35.03,28.44,37,770,8,4.75,CDI,Licence,Propriétaire,Bon,Consommation,1
76,38.23,42.64,22,751,8,86.56,CDD,Licence,Propriétaire,Mauvais,Automobile,0
76,133.63,42.36,84,789,2,16.98,Indépendant,Licence,Locataire,Excellent,Immobilier,0
65,90.38,48.03,84,441,0,93.07,CDD,Bac,Propriétaire,Acceptable,Consommation,1
58,132.44,36.42,53,402,8,47.86,CDD,Master,Locataire,Excellent,Consommation,0
30,65.16,14.35,68,341,7,34.04,Indépendant,Bac,Locataire,Acceptable,Automobile,1
60,97.94,5.91,45,446,6,74.18,CDI,Bac,Propriétaire,Bon,Immobilier,0
62,85.69,26.57,20,365,5,87.68,Indépendant,Licence,Propriétaire,Bon,Immobilier,1
42,58.08,28.12,11,492,9,37.07,CDI,Licence,Locataire,Bon,Consommation,1
70,78.44,15.81,68,597,6,40.73,CDD,Bac,Propriétaire,Excellent,Immobilier,0
59,82.84,10.61,13,337,10,43.32,CDI,Licence,Autre,Acceptable,Immobilier,1
53,42.1,31.38,37,801,8,92.23,Indépendant,Master,Propriétaire,Mauvais,Automobile,1
80,57.53,39.39,50,727,5,69.26,CDD,Licence,Locataire,Excellent,Immobilier,0
44,121.84,49.69,57,651,9,24.76,CDD,Licence,Locataire,Mauvais,Professionnel,0
55,138.63,39.12,84,625,2,18.5,Indépendant,Bac,Locataire,Excellent,Consommation,0
77,63.57,40.71,18,337,2,23.04,Chômeur,Licence,Propriétaire,Acceptable,Automobile,0
24,56.44,32.74,29,396,3,26.36,Indépendant,Master,Propriétaire,Mauvais,Consommation,1
22,41.35,49.37,45,407,9,23.02,CDI,Licence,Propriétaire,Excellent,Automobile,0
60,106.6,33.8,19,450,9,65.85,Chômeur,Master,Locataire,Bon,Consommation,1
62,58.62,43.71,80,373,7,11.59,CDD,Licence,Propriétaire,Bon,Automobile,1
75,148.35,47.56,75,356,9,38.74,CDD,Master,Locataire,Bon,Immobilier,1
74,58.97,46.84,67,634,8,62.51,Chômeur,Master,Propriétaire,Acceptable,Professionnel,1
68,68.21,22.16,66,551,7,29.09,CDI,Master,Propriétaire,Acceptable,Consommation,1
48,96.45,8.54,6,553,10,6.53,CDI,Master,Propriétaire,Mauvais,Professionnel,1
40,123.23,12.73,71,684,9,8.18,CDD,Licence,Locataire,Excellent,Consommation,0
59,78.39,7.67,37,755,1,12.6,Indépendant,Master,Locataire,Bon,Automobile,0
27,72.06,9.74,18,558,3,83.58,CDI,Licence,Propriétaire,Bon,Immobilier,1
49,149.41,13.31,38,764,3,65.79,CDD,Master,Locataire,Mauvais,Immobilier,0
60,16.42,20.35,37,333,1,6.45,CDD,Bac,Propriétaire,Excellent,Immobilier,0
70,135.83,29.46,61,794,7,39.11,CDD,Licence,Locataire,Mauvais,Immobilier,1
47,35.13,37.03,29,625,2,27.86,Indépendant,Master,Locataire,Bon,Automobile,0
56,121.1,14.49,9,537,1,57.8,CDI,Bac,Propriétaire,Bon,Consommation,0
48,98.42,35.26,28,840,6,52.28,CDD,Licence,Propriétaire,Bon,Immobilier,0
35,61.15,36.69,34,765,0,48.11,Indépendant,Master,Propriétaire,Acceptable,Automobile,0
53,132.97,30.14,26,603,5,31.45,CDI,Bac,Propriétaire,Bon,Immobilier,0
19,16.74,45.66,35,416,2,13.78,CDI,Licence,Locataire,Acceptable,Consommation,1
31,45.6,9.99,25,506,2,74.24,CDI,Licence,Autre,Bon,Professionnel,1
30,91.53,12.97,21,780,4,87.99,Indépendant,Licence,Locataire,Bon,Consommation,1
46,62.46,24.29,72,702,2,94.42,CDI,Bac,Locataire,Excellent,Immobilier,1
29,97.4,10.7,54,532,3,5.86,CDI,Bac,Propriétaire,Acceptable,Automobile,0
56,18.25,30.48,63,583,2,73.99,CDI,Bac,Propriétaire,Bon,Consommation,1
19,30.72,22.93,49,779,6,72.65,CDD,Bac,Locataire,Acceptable,Automobile,1
49,32.16,17.81,30,308,2,94.71,Indépendant,Bac,Locataire,Bon,Professionnel,1
30,40.55,12.65,28,678,9,25.29,Indépendant,Master,Locataire,Bon,Immobilier,1
63,77.01,20.09,64,680,3,74.22,CDI,Licence,Locataire,Bon,Immobilier,0
44,116.54,32.36,6,659,1,5.46,CDD,Master,Propriétaire,Bon,Immobilier,0
66,137.25,30.91,20,475,1,63.12,Indépendant,Bac,Propriétaire,Acceptable,Consommation,1
58,127.78,12.36,57,784,8,35.08,CDI,Licence,Locataire,Acceptable,Automobile,0
34,41.58,10.62,63,704,10,76.89,CDI,Licence,Propriétaire,Excellent,Immobilier,0
57,74.56,6.2,46,332,0,86.33,Chômeur,Master,Locataire,Mauvais,Immobilier,1
48,41.92,5.56,49,764,0,36.48,CDD,Master,Propriétaire,Bon,Automobile,1
51,50.7,44.59,9,456,9,52.56,CDD,Master,Propriétaire,Acceptable,Professionnel,1
77,82.98,7.03,82,501,0,11.74,CDI,Bac,Propriétaire,Excellent,Automobile,0
41,24.19,37.9,73,474,2,41.69,Indépendant,Master,Locataire,Excellent,Immobilier,1
62,44.45,44.24,12,543,1,36.08,CDD,Licence,Locataire,Bon,Automobile,0
52,141.28,9.41,51,568,2,18.31,Indépendant,Master,Propriétaire,Bon,Immobilier,0
65,77.93,24.63,14,745,4,89.45,Retraité,Licence,Propriétaire,Mauvais,Automobile,1
23,75.13,48.3,38,373,8,14.81,Retraité,Licence,Locataire,Excellent,Automobile,1
36,16.97,42.54,38,395,1,63.57,Chômeur,Bac,Propriétaire,Excellent,Consommation,1
47,48.4,27.04,9,472,10,89.01,CDI,Licence,Propriétaire,Excellent,Professionnel,1
24,131.95,39.32,70,705,0,91.2,Chômeur,Bac,Propriétaire,Excellent,Immobilier,0
27,37.22,42.5,39,454,10,79.32,CDI,Bac,Propriétaire,Bon,Consommation,0
58,71.04,20.66,84,482,5,17.61,Chômeur,Bac,Locataire,Bon,Professionnel,1
49,16.93,45.15,69,622,2,81.74,CDI,Doctorat,Propriétaire,Bon,Automobile,0
51,79.58,26.17,30,588,6,27.66,CDD,Licence,Propriétaire,Excellent,Immobilier,0
80,17.84,28.75,60,557,5,92.24,CDI,Master,Propriétaire,Excellent,Consommation,0
45,125.65,49.99,14,473,10,70.91,Indépendant,Doctorat,Propriétaire,Excellent,Consommation,1
77,126.36,42.95,22,629,6,78.53,CDI,Master,Autre,Acceptable,Immobilier,0
32,121.35,21.28,26,530,4,8.5,CDI,Master,Propriétaire,Acceptable,Automobile,0
47,53.25,5.47,65,460,0,58.28,Indépendant,Master,Locataire,Acceptable,Automobile,1
54,128.03,33.18,18,485,2,82.11,CDD,Bac,Propriétaire,Mauvais,Immobilier,1
46,88.3,36.68,8,442,2,86.16,CDI,Bac,Locataire,Acceptable,Consommation,1
39,65.46,34.29,73,581,6,2.86,CDI,Licence,Locataire,Bon,Consommation,1
21,99.42,48.55,9,326,2,93.92,CDI,Licence,Propriétaire,Bon,Consommation,0
37,16.67,43.83,12,545,10,4.33,CDD,Bac,Locataire,Mauvais,Automobile,1
49,34.3,25.2,31,786,4,61.45,Retraité,Licence,Propriétaire,Bon,Automobile,1
53,115.21,7.83,80,501,3,69.34,CDD,Licence,Propriétaire,Bon,Automobile,1
67,47.96,26.42,29,320,3,10.73,CDI,Master,Propriétaire,Bon,Immobilier,1
21,95.73,36.02,15,393,6,4.8,CDI,Licence,Propriétaire,Mauvais,Consommation,0
44,66.99,32.35,18,307,0,78.49,Retraité,Licence,Propriétaire,Acceptable,Consommation,1
34,130.4,29.22,49,771,6,38.47,CDI,Licence,Propriétaire,Bon,Consommation,0
29,143.58,26.1,44,638,7,10.71,CDD,Licence,Propriétaire,Mauvais,Consommation,1
39,134.28,18.22,24,558,2,76.27,CDI,Doctorat,Locataire,Mauvais,Automobile,1
34,51.53,17.48,56,354,2,84.92,Indépendant,Bac,Propriétaire,Excellent,Immobilier,1
27,41.21,27.51,24,847,3,58.74,Chômeur,Licence,Propriétaire,Acceptable,Professionnel,1
71,79.05,12.23,81,305,5,16.12,CDI,Licence,Propriétaire,Acceptable,Automobile,0
18,15.99,20.33,57,676,6,1.52,CDD,Licence,Propriétaire,Excellent,Professionnel,1
39,18.48,19.58,52,349,0,70.08,CDD,Bac,Propriétaire,Acceptable,Automobile,0
43,89.69,31.42,35,411,3,55.01,CDI,Bac,Propriétaire,Bon,Immobilier,0
73,85.26,8.0,51,445,6,65.08,CDI,Bac,Locataire,Acceptable,Consommation,1
76,149.27,42.34,81,529,10,81.32,CDD,Licence,Propriétaire,Mauvais,Consommation,1
35,42.25,30.31,26,796,1,43.42,CDI,Master,Locataire,Bon,Consommation,1
67,49.84,35.19,80,605,0,12.45,Indépendant,Licence,Propriétaire,Bon,Immobilier,0
31,30.33,36.64,53,841,0,94.0,CDI,Bac,Propriétaire,Mauvais,Consommation,1
64,138.87,18.12,67,760,9,54.53,CDI,Licence,Propriétaire,Mauvais,Automobile,0
46,120.0,26.17,63,525,5,61.53,CDI,Bac,Autre,Excellent,Automobile,0
29,126.02,48.03,23,358,4,93.34,CDI,Master,Locataire,Mauvais,Professionnel,1
53,136.87,39.5,64,375,0,93.16,CDD,Licence,Propriétaire,Excellent,Consommation,1
76,85.86,48.63,53,727,9,57.21,CDI,Doctorat,Propriétaire,Bon,Immobilier,1
52,75.91,38.58,68,431,2,29.76,Indépendant,Licence,Propriétaire,Acceptable,Automobile,1
69,59.6,12.9,17,797,10,99.71,Retraité,Master,Propriétaire,Acceptable,Automobile,0
78,94.54,7.9,39,604,6,68.08,Indépendant,Bac,Locataire,Acceptable,Consommation,1
29,76.33,30.99,66,366,8,40.84,CDI,Bac,Locataire,Excellent,Immobilier,0
24,75.96,21.1,58,529,8,55.98,Chômeur,Bac,Propriétaire,Excellent,Consommation,1
46,141.49,17.4,30,632,5,41.58,CDI,Licence,Propriétaire,Mauvais,Consommation,0
28,147.84,41.32,67,576,2,88.83,CDD,Licence,Locataire,Excellent,Immobilier,0
50,122.53,21.51,9,443,0,48.25,CDI,Licence,Locataire,Excellent,Immobilier,0
23,117.16,19.27,18,550,2,82.35,CDI,Master,Locataire,Acceptable,Automobile,1
64,106.88,43.25,47,379,9,84.02,Chômeur,Bac,Propriétaire,Bon,Consommation,0
32,37.42,43.08,54,356,1,82.43,CDI,Licence,Locataire,Bon,Automobile,1
49,22.98,21.04,83,665,10,72.22,CDD,Master,Propriétaire,Excellent,Consommation,0
68,108.25,42.46,61,607,4,85.49,CDI,Licence,Propriétaire,Acceptable,Automobile,0
28,113.39,43.29,52,473,7,38.72,Indépendant,Master,Locataire,Mauvais,Consommation,0
75,21.34,24.08,13,761,4,11.47,Indépendant,Licence,Locataire,Excellent,Immobilier,1
40,140.29,7.99,60,792,0,84.25,CDI,Licence,Propriétaire,Bon,Immobilier,1
43,27.3,5.07,23,673,2,49.82,CDD,Bac,Locataire,Bon,Consommation,1
51,53.6,28.55,40,648,4,12.74,Indépendant,Master,Locataire,Acceptable,Consommation,1
63,105.77,20.48,37,366,6,11.53,CDD,Master,Propriétaire,Bon,Automobile,1
51,37.93,49.87,29,629,4,15.92,CDD,Doctorat,Locataire,Acceptable,Automobile,1
46,22.48,39.76,12,493,9,75.1,CDD,Licence,Locataire,Bon,Automobile,0
21,59.7,39.26,18,454,4,71.09,CDI,Master,Locataire,Bon,Immobilier,1
34,118.41,47.99,74,459,6,20.38,CDD,Licence,Propriétaire,Acceptable,Consommation,1
52,70.85,44.95,47,565,7,84.69,CDD,Licence,Propriétaire,Bon,Automobile,0
30,103.15,19.32,36,467,7,28.13,CDI,Master,Locataire,Acceptable,Automobile,1
58,93.25,12.47,79,444,6,79.3,Chômeur,Bac,Propriétaire,Bon,Automobile,1
56,18.0,38.57,31,485,2,48.88,CDI,Bac,Propriétaire,Excellent,Consommation,1
32,148.45,22.02,81,722,10,73.15,CDI,Licence,Locataire,Bon,Immobilier,1
72,20.59,26.29,37,756,1,38.14,CDI,Master,Locataire,Bon,Automobile,0
46,145.65,33.37,57,644,0,34.71,CDI,Licence,Propriétaire,Bon,Automobile,0
46,89.23,45.85,25,815,5,84.14,CDI,Licence,Propriétaire,Acceptable,Consommation,0
28,145.03,23.86,45,403,8,3.53,Retraité,Doctorat,Locataire,Bon,Automobile,0
69,30.49,40.25,64,546,2,97.47,CDI,Licence,Propriétaire,Acceptable,Immobilier,1
49,81.21,17.08,82,322,4,64.82,CDD,Bac,Propriétaire,Bon,Professionnel,1
19,37.88,36.41,19,824,8,43.25,CDI,Licence,Propriétaire,Excellent,Automobile,1
64,21.88,5.07,49,443,8,62.81,CDD,Master,Locataire,Excellent,Immobilier,0
31,98.37,44.22,53,492,6,12.27,Retraité,Bac,Propriétaire,Acceptable,Consommation,0
37,43.05,6.37,48,764,3,51.41,CDI,Licence,Locataire,Excellent,Consommation,0
39,94.34,37.07,21,674,10,98.51,Indépendant,Bac,Locataire,Excellent,Automobile,1
28,30.17,7.08,40,565,1,23.53,Retraité,Licence,Propriétaire,Excellent,Automobile,0
44,59.82,16.98,58,677,1,72.23,CDD,Bac,Propriétaire,Bon,Immobilier,0
20,120.52,27.37,39,849,3,43.5,CDI,Licence,Propriétaire,Bon,Automobile,0
34,74.0,23.9,8,373,0,65.25,CDD,Licence,Propriétaire,Excellent,Immobilier,0
79,99.75,13.63,73,737,3,20.49,Indépendant,Master,Propriétaire,Bon,Automobile,0
61,102.41,20.02,10,525,10,47.05,CDI,Master,Locataire,Bon,Automobile,0
73,128.91,37.75,15,607,5,98.01,CDD,Master,Propriétaire,Acceptable,Automobile,0
45,58.86,35.12,57,647,5,19.53,CDI,Licence,Locataire,Acceptable,Automobile,1
46,107.78,8.23,34,775,6,63.64,CDI,Bac,Locataire,Acceptable,Automobile,0
38,144.82,38.63,36,614,4,57.56,Chômeur,Bac,Propriétaire,Bon,Immobilier,0
64,113.58,7.39,71,824,8,56.51,CDI,Master,Propriétaire,Excellent,Immobilier,0
33,81.13,29.43,81,724,1,61.51,CDI,Licence,Locataire,Acceptable,Immobilier,1
54,100.15,16.7,74,823,1,50.22,CDD,Doctorat,Locataire,Bon,Immobilier,1
76,114.86,31.45,42,548,3,1.69,CDI,Bac,Autre,Bon,Consommation,1
37,97.66,16.76,32,481,3,90.01,CDI,Bac,Propriétaire,Mauvais,Consommation,1
23,17.25,49.32,38,405,3,82.7,CDD,Licence,Locataire,Mauvais,Consommation,1
36,41.29,18.94,73,490,0,17.42,CDI,Licence,Propriétaire,Acceptable,Automobile,0
74,124.41,15.89,64,436,3,41.33,CDI,Bac,Propriétaire,Mauvais,Immobilier,0
22,51.81,17.53,69,419,4,77.05,CDI,Licence,Propriétaire,Acceptable,Consommation,1
20,113.76,45.34,49,371,8,98.01,CDD,Licence,Propriétaire,Acceptable,Automobile,1
76,65.24,33.63,54,430,2,95.11,Indépendant,Licence,Locataire,Bon,Immobilier,1
18,85.45,37.88,58,756,2,89.94,Chômeur,Bac,Propriétaire,Mauvais,Professionnel,1
75,24.18,46.31,79,778,4,15.84,CDI,Master,Locataire,Acceptable,Immobilier,0
77,39.47,46.03,54,351,9,91.45,CDD,Licence,Locataire,Excellent,Automobile,1
55,144.22,38.25,71,418,5,87.84,Chômeur,Licence,Locataire,Bon,Automobile,1
32,135.17,13.9,68,563,2,37.69,CDI,Licence,Propriétaire,Excellent,Consommation,1
51,103.06,42.95,30,538,0,39.45,Chômeur,Master,Locataire,Mauvais,Professionnel,1
78,77.05,14.17,9,650,9,45.99,Chômeur,Licence,Propriétaire,Bon,Professionnel,0
52,106.23,38.43,56,554,7,65.62,CDI,Master,Locataire,Excellent,Automobile,0
66,98.51,35.85,16,608,0,26.08,CDI,Licence,Locataire,Bon,Consommation,0
42,91.75,39.15,22,794,1,2.29,CDI,Bac,Propriétaire,Mauvais,Immobilier,1
41,22.99,28.97,71,356,2,14.12,CDI,Licence,Propriétaire,Bon,Automobile,1
29,100.43,33.74,75,702,5,44.01,Chômeur,Licence,Locataire,Bon,Consommation,1
35,118.8,47.9,78,366,3,28.2,Chômeur,Licence,Locataire,Bon,Automobile,1
32,149.2,9.55,74,345,3,76.45,CDI,Licence,Propriétaire,Excellent,Immobilier,0
61,16.5,18.9,34,668,8,10.67,CDD,Bac,Propriétaire,Excellent,Immobilier,1
33,113.57,32.51,78,531,5,91.75,CDD,Licence,Propriétaire,Bon,Automobile,0
44,92.19,48.38,77,701,1,89.53,CDI,Master,Locataire,Bon,Immobilier,1
25,73.6,9.3,25,322,6,90.88,CDD,Licence,Propriétaire,Bon,Automobile,1
77,32.22,6.01,32,566,2,73.96,Chômeur,Licence,Locataire,Bon,Immobilier,1
63,70.23,7.51,13,417,8,10.7,CDI,Doctorat,Locataire,Excellent,Immobilier,0
42,62.84,7.36,66,354,5,43.81,CDI,Licence,Locataire,Mauvais,Immobilier,1
34,55.88,45.85,33,452,7,13.14,CDI,Bac,Locataire,Bon,Consommation,0
46,113.67,37.46,75,538,0,98.77,CDI,Master,Propriétaire,Excellent,Consommation,1
70,109.6,35.47,8,564,1,33.3,CDI,Bac,Propriétaire,Excellent,Automobile,1
25,94.52,28.52,74,567,5,58.53,CDI,Master,Propriétaire,Excellent,Automobile,0
32,141.72,40.19,78,412,2,77.94,CDD,Bac,Propriétaire,Excellent,Automobile,1
44,62.23,12.0,12,465,0,92.06,Indépendant,Bac,Propriétaire,Bon,Consommation,1
63,47.91,22.64,65,307,5,75.55,CDI,Bac,Locataire,Acceptable,Professionnel,1
67,103.55,27.05,9,516,4,67.45,CDI,Licence,Locataire,Bon,Immobilier,0
69,41.84,9.97,10,730,8,46.6,Indépendant,Bac,Propriétaire,Bon,Immobilier,0
24,57.53,23.88,16,591,5,60.54,Indépendant,Bac,Propriétaire,Mauvais,Consommation,1
20,45.32,19.24,20,349,4,9.42,CDI,Master,Propriétaire,Bon,Immobilier,0
46,24.34,6.6,69,406,0,88.39,CDI,Master,Locataire,Acceptable,Professionnel,1
61,126.71,11.15,18,308,0,54.38,Indépendant,Master,Locataire,Excellent,Consommation,0
70,49.36,39.38,12,755,10,4.01,CDI,Master,Propriétaire,Excellent,Automobile,0
41,78.86,5.81,11,622,0,91.99,CDI,Licence,Locataire,Bon,Automobile,0
77,20.85,47.04,61,608,6,48.93,CDI,Master,Propriétaire,Excellent,Consommation,1
75,109.41,8.89,69,444,5,86.86,CDI,Licence,Propriétaire,Mauvais,Immobilier,0
20,59.63,40.97,55,711,4,85.69,CDI,Licence,Propriétaire,Excellent,Consommation,1
37,115.54,45.44,35,413,3,81.58,CDI,Master,Locataire,Bon,Immobilier,0
63,70.67,47.35,27,698,10,6.14,Indépendant,Bac,Propriétaire,Bon,Professionnel,1
32,41.43,44.04,30,574,10,24.71,Indépendant,Master,Propriétaire,Excellent,Immobilier,1
42,84.28,17.94,33,423,7,87.55,Retraité,Licence,Propriétaire,Acceptable,Consommation,0
47,32.62,19.99,44,385,10,89.9,CDI,Bac,Propriétaire,Bon,Immobilier,1
31,74.47,24.19,72,346,7,45.81,CDI,Bac,Locataire,Acceptable,Automobile,1
24,57.84,11.27,10,500,4,44.0,Indépendant,Bac,Propriétaire,Acceptable,Automobile,1
34,138.11,6.0,70,575,3,17.51,CDD,Master,Locataire,Bon,Immobilier,0
79,23.23,44.11,20,848,1,96.84,CDI,Doctorat,Propriétaire,Bon,Automobile,0
61,108.69,29.94,72,429,6,21.31,CDI,Licence,Propriétaire,Bon,Immobilier,0
37,39.67,32.39,45,747,4,19.09,CDI,Bac,Propriétaire,Excellent,Automobile,0
53,58.07,46.71,74,688,2,66.07,CDI,Bac,Propriétaire,Excellent,Automobile,1
26,71.09,34.93,82,562,8,24.28,CDI,Master,Propriétaire,Mauvais,Consommation,1
55,137.58,36.09,48,577,8,93.88,Retraité,Bac,Propriétaire,Bon,Immobilier,1
65,47.75,40.41,6,345,10,1.09,CDI,Master,Locataire,Excellent,Immobilier,1
74,27.33,10.24,27,467,10,0.58,Retraité,Licence,Locataire,Excellent,Automobile,0
77,58.02,21.21,67,744,9,50.49,Indépendant,Master,Locataire,Bon,Consommation,1
80,29.13,48.57,84,345,10,48.81,CDI,Licence,Propriétaire,Excellent,Consommation,1
39,32.36,46.53,31,839,7,16.34,Indépendant,Licence,Propriétaire,Bon,Automobile,1
71,92.47,44.78,23,386,0,49.45,CDD,Licence,Propriétaire,Excellent,Consommation,1
70,23.22,25.34,53,684,2,41.17,CDI,Master,Locataire,Excellent,Consommation,0
70,19.18,43.57,14,564,1,89.03,CDI,Master,Autre,Acceptable,Immobilier,0
19,111.45,7.18,6,321,3,0.93,CDD,Licence,Locataire,Mauvais,Immobilier,1
41,63.82,11.68,14,749,1,97.63,CDD,Licence,Propriétaire,Bon,Immobilier,1
25,31.93,23.63,28,531,10,62.44,CDD,Master,Propriétaire,Acceptable,Immobilier,1
28,49.24,26.75,50,485,7,15.18,CDD,Master,Propriétaire,Excellent,Automobile,0
30,101.68,16.86,7,625,0,4.68,CDI,Licence,Propriétaire,Acceptable,Automobile,0
34,52.2,21.04,19,482,3,53.81,CDD,Bac,Propriétaire,Excellent,Automobile,1
25,81.76,12.32,43,696,4,23.49,CDI,Bac,Propriétaire,Acceptable,Immobilier,1
38,31.43,27.01,45,780,9,30.12,CDD,Master,Propriétaire,Acceptable,Consommation,1
35,94.39,40.72,68,702,3,24.51,Chômeur,Bac,Propriétaire,Acceptable,Automobile,1
47,57.67,34.76,21,762,7,65.02,CDD,Bac,Propriétaire,Acceptable,Automobile,1
35,99.64,9.85,80,716,1,55.35,Indépendant,Bac,Locataire,Bon,Professionnel,0
63,124.13,26.94,11,501,8,7.8,CDD,Licence,Propriétaire,Bon,Immobilier,1
64,97.57,36.39,8,364,1,52.65,CDD,Licence,Propriétaire,Bon,Automobile,1
48,54.93,28.85,19,316,1,79.12,CDD,Bac,Locataire,Bon,Consommation,1
55,49.53,22.63,71,482,1,8.12,CDI,Bac,Locataire,Excellent,Consommation,1
49,59.2,32.99,80,690,9,88.97,Retraité,Master,Propriétaire,Bon,Immobilier,1
28,37.22,48.59,72,343,7,57.83,CDI,Master,Locataire,Acceptable,Consommation,1
62,39.46,9.27,36,781,2,95.06,CDI,Bac,Propriétaire,Excellent,Professionnel,1
42,121.74,22.55,38,562,9,14.81,CDI,Bac,Propriétaire,Bon,Automobile,0
50,66.94,23.3,6,473,10,99.36,CDI,Licence,Propriétaire,Acceptable,Immobilier,0
77,73.86,30.96,49,740,9,64.43,Indépendant,Master,Propriétaire,Excellent,Consommation,1
55,95.2,11.85,20,519,7,56.75,CDI,Master,Locataire,Bon,Immobilier,1
58,94.6,12.95,42,693,6,51.53,Indépendant,Master,Propriétaire,Mauvais,Automobile,1
25,24.1,17.84,32,494,9,2.37,CDI,Master,Propriétaire,Acceptable,Consommation,0
28,127.26,48.01,53,708,3,93.96,CDI,Bac,Locataire,Bon,Automobile,1
39,38.94,38.03,32,770,6,64.4,CDI,Bac,Propriétaire,Bon,Immobilier,0
68,112.61,34.78,17,646,10,9.16,CDD,Licence,Locataire,Excellent,Immobilier,1
41,119.31,41.76,72,761,7,2.1,Indépendant,Master,Propriétaire,Excellent,Automobile,1
58,111.51,10.74,35,360,5,5.08,CDD,Licence,Propriétaire,Bon,Automobile,1
34,93.16,43.67,71,465,5,60.94,CDI,Doctorat,Propriétaire,Mauvais,Consommation,1
29,16.97,31.77,12,450,2,61.4,Retraité,Master,Locataire,Mauvais,Consommation,1
74,63.65,20.09,39,410,4,49.97,CDI,Master,Locataire,Acceptable,Automobile,0
63,96.65,41.71,37,787,9,30.68,CDD,Bac,Propriétaire,Bon,Professionnel,1
49,67.31,41.12,44,848,1,53.17,CDI,Bac,Propriétaire,Excellent,Professionnel,0
32,131.57,43.06,48,302,4,51.63,CDI,Master,Locataire,Bon,Immobilier,1
33,56.69,10.2,48,782,4,1.94,CDI,Bac,Locataire,Bon,Immobilier,1
71,54.63,48.62,83,312,6,28.25,CDI,Bac,Locataire,Bon,Immobilier,1
39,50.91,48.18,8,461,3,5.32,Chômeur,Master,Propriétaire,Acceptable,Immobilier,0
45,59.93,21.09,51,643,10,90.02,CDD,Master,Locataire,Acceptable,Immobilier,0
37,90.25,7.97,37,748,5,72.52,Indépendant,Bac,Propriétaire,Acceptable,Automobile,0
50,110.45,12.52,48,631,8,99.61,CDD,Master,Locataire,Bon,Immobilier,1
27,104.45,49.68,8,563,3,30.22,CDD,Bac,Propriétaire,Acceptable,Immobilier,0
57,124.04,30.34,79,382,10,87.85,Indépendant,Bac,Locataire,Excellent,Immobilier,1
49,134.6,21.05,68,633,5,60.31,Chômeur,Licence,Propriétaire,Acceptable,Immobilier,0
67,125.17,17.97,45,679,8,45.31,CDI,Master,Locataire,Excellent,Automobile,1
77,17.56,16.56,23,518,9,22.26,CDI,Bac,Locataire,Bon,Immobilier,0
50,114.35,34.89,72,753,0,73.84,Indépendant,Licence,Locataire,Excellent,Professionnel,0
19,43.13,23.87,67,388,7,90.41,Retraité,Bac,Locataire,Excellent,Immobilier,1
50,32.95,48.44,15,632,0,23.53,Retraité,Doctorat,Locataire,Mauvais,Professionnel,1
50,101.2,35.77,57,609,3,17.54,CDD,Licence,Locataire,Bon,Immobilier,1
58,58.17,40.64,78,719,2,69.62,CDI,Licence,Propriétaire,Mauvais,Automobile,1
30,22.71,18.17,51,653,3,97.7,CDI,Bac,Propriétaire,Excellent,Immobilier,1
47,33.58,8.56,60,399,6,75.0,Chômeur,Licence,Locataire,Excellent,Consommation,1
50,15.13,26.95,51,444,8,28.46,CDI,Licence,Locataire,Bon,Immobilier,0
30,136.94,19.16,80,309,8,42.0,CDI,Master,Propriétaire,Bon,Professionnel,1
69,18.32,14.09,65,343,9,38.43,Chômeur,Bac,Locataire,Bon,Immobilier,1
43,43.28,47.87,31,685,0,85.21,CDI,Doctorat,Propriétaire,Bon,Immobilier,1
39,71.2,24.98,32,794,9,77.14,Indépendant,Licence,Propriétaire,Acceptable,Automobile,0
56,63.14,12.86,43,792,0,58.9,CDD,Bac,Locataire,Bon,Consommation,1
19,138.08,13.94,27,468,8,27.5,CDI,Licence,Locataire,Bon,Professionnel,1
55,20.44,17.63,31,830,3,93.8,CDI,Licence,Locataire,Bon,Automobile,1
56,84.15,49.97,74,635,2,65.33,CDI,Master,Locataire,Acceptable,Consommation,1
43,106.86,17.06,40,812,8,97.05,CDD,Master,Propriétaire,Acceptable,Consommation,1
63,140.78,19.8,71,429,4,58.01,CDD,Licence,Propriétaire,Bon,Automobile,1
75,98.75,34.67,78,838,5,82.12,CDI,Bac,Locataire,Bon,Consommation,0
67,123.51,18.23,56,813,0,81.31,Retraité,Bac,Locataire,Bon,Immobilier,0
32,26.3,14.71,23,549,0,33.73,CDI,Licence,Propriétaire,Mauvais,Automobile,1
51,67.1,12.14,48,437,6,96.4,CDI,Master,Locataire,Excellent,Consommation,1
59,65.48,19.07,17,574,9,2.19,CDI,Master,Locataire,Acceptable,Automobile,1
72,134.65,9.77,8,763,7,76.87,CDI,Bac,Locataire,Bon,Consommation,1
61,35.44,5.84,12,440,10,96.56,Retraité,Bac,Locataire,Bon,Consommation,1
66,35.5,41.21,11,555,7,33.89,CDI,Licence,Propriétaire,Mauvais,Consommation,1
57,59.36,11.21,50,755,6,64.81,CDI,Master,Propriétaire,Bon,Immobilier,0
28,22.35,39.92,44,733,10,56.22,Chômeur,Licence,Locataire,Acceptable,Immobilier,0
78,39.63,40.89,56,472,8,76.15,CDD,Licence,Locataire,Bon,Immobilier,1
20,145.3,29.21,14,772,0,86.62,CDI,Licence,Propriétaire,Excellent,Professionnel,1
76,72.8,18.94,28,722,1,60.3,Chômeur,Bac,Locataire,Acceptable,Immobilier,1
23,100.32,11.53,17,738,2,81.59,Indépendant,Licence,Locataire,Mauvais,Automobile,1
26,113.03,38.16,67,356,4,31.23,CDI,Master,Propriétaire,Acceptable,Immobilier,1
23,64.54,32.06,78,797,3,22.86,CDD,Doctorat,Locataire,Excellent,Immobilier,1
26,34.88,34.5,82,468,3,43.07,Chômeur,Licence,Propriétaire,Bon,Immobilier,1
56,42.89,5.39,45,727,7,67.77,CDD,Bac,Propriétaire,Bon,Immobilier,0
48,57.29,46.74,59,718,7,18.72,Indépendant,Licence,Locataire,Bon,Automobile,0
49,100.87,7.98,12,646,10,68.04,Retraité,Master,Propriétaire,Excellent,Professionnel,0
58,68.77,21.51,22,816,6,39.41,CDD,Bac,Propriétaire,Excellent,Consommation,0
67,15.92,23.12,55,754,0,79.56,CDI,Master,Locataire,Acceptable,Consommation,0
29,85.66,5.06,29,501,9,3.68,CDI,Master,Locataire,Acceptable,Automobile,0
25,139.4,27.37,7,478,3,66.8,CDD,Licence,Propriétaire,Acceptable,Consommation,1
25,124.63,38.88,38,356,0,64.98,CDI,Licence,Propriétaire,Mauvais,Professionnel,1
67,126.4,42.05,26,800,10,94.09,Retraité,Master,Propriétaire,Bon,Professionnel,1
45,122.33,44.57,79,411,4,71.34,CDI,Licence,Locataire,Acceptable,Immobilier,0
79,58.7,26.95,58,447,2,79.63,CDD,Bac,Propriétaire,Acceptable,Consommation,1
37,118.3,33.38,51,677,2,90.46,Indépendant,Bac,Propriétaire,Mauvais,Immobilier,1
79,34.33,8.58,50,647,3,67.51,CDD,Bac,Propriétaire,Bon,Automobile,0
64,103.79,26.96,14,657,1,29.02,CDI,Master,Propriétaire,Bon,Immobilier,0
76,101.61,11.97,11,355,6,86.98,CDI,Licence,Propriétaire,Acceptable,Consommation,0
80,18.45,21.63,56,615,3,74.76,CDD,Licence,Propriétaire,Mauvais,Automobile,1
24,121.38,19.82,40,484,4,42.44,Chômeur,Master,Autre,Acceptable,Immobilier,1
28,136.94,24.06,58,353,1,71.05,CDD,Licence,Autre,Acceptable,Consommation,0
37,51.1,30.72,24,336,5,86.77,CDI,Master,Propriétaire,Bon,Automobile,0
33,124.67,45.63,74,569,8,97.57,CDI,Licence,Locataire,Acceptable,Immobilier,1
21,26.12,22.75,30,807,7,95.24,Indépendant,Licence,Locataire,Acceptable,Automobile,1
23,96.0,49.15,16,527,7,32.53,Chômeur,Licence,Propriétaire,Acceptable,Automobile,1
75,80.56,39.16,79,727,1,42.17,CDI,Doctorat,Propriétaire,Acceptable,Immobilier,0
39,88.7,28.02,22,300,3,10.95,Indépendant,Master,Propriétaire,Excellent,Immobilier,1
43,140.04,33.98,41,322,7,24.75,CDI,Bac,Locataire,Acceptable,Professionnel,1
80,132.63,9.6,26,802,10,88.24,CDD,Doctorat,Locataire,Bon,Consommation,0
20,120.99,43.0,23,747,0,36.08,Indépendant,Master,Locataire,Mauvais,Immobilier,1
80,51.95,31.21,65,795,7,62.06,CDI,Bac,Locataire,Bon,Automobile,1
58,138.1,49.37,23,724,2,66.6,CDD,Bac,Locataire,Bon,Automobile,1
77,28.16,33.64,6,317,7,78.18,CDI,Licence,Locataire,Mauvais,Automobile,1
59,130.2,42.54,19,744,5,18.28,CDI,Licence,Locataire,Excellent,Automobile,0
31,59.3,40.99,13,338,6,30.48,CDD,Licence,Propriétaire,Bon,Immobilier,1
28,22.26,20.55,71,509,1,44.83,CDI,Bac,Propriétaire,Acceptable,Immobilier,0
35,105.36,16.68,56,510,0,36.48,CDD,Licence,Locataire,Bon,Immobilier,0
71,46.22,24.37,84,580,5,98.29,CDI,Bac,Locataire,Bon,Automobile,1
29,47.88,26.03,65,432,2,83.49,CDD,Bac,Propriétaire,Acceptable,Professionnel,0
40,56.32,15.8,39,748,3,47.97,CDI,Licence,Locataire,Bon,Professionnel,0
29,23.6,45.26,41,563,8,87.93,Indépendant,Licence,Autre,Excellent,Professionnel,0
30,38.91,29.41,67,410,2,34.77,CDD,Licence,Locataire,Bon,Professionnel,1
42,15.69,49.03,6,537,1,78.58,Retraité,Master,Propriétaire,Excellent,Immobilier,0
62,75.13,41.45,47,756,1,22.37,Chômeur,Bac,Locataire,Bon,Consommation,1
68,26.37,30.01,6,815,1,77.23,CDI,Bac,Propriétaire,Excellent,Immobilier,0
75,107.16,47.62,59,472,5,45.65,CDI,Bac,Propriétaire,Acceptable,Consommation,0
36,46.81,27.72,52,492,1,10.75,CDD,Licence,Locataire,Bon,Consommation,1
72,142.38,44.92,44,814,10,27.33,CDD,Master,Locataire,Excellent,Automobile,0
63,132.62,21.12,35,708,6,40.23,CDI,Licence,Propriétaire,Bon,Automobile,0
53,54.07,22.04,12,383,6,74.93,CDI,Licence,Locataire,Bon,Immobilier,1
62,120.73,23.82,27,379,6,7.3,CDD,Licence,Propriétaire,Bon,Immobilier,0
25,123.44,29.6,55,508,1,65.95,Chômeur,Licence,Locataire,Bon,Professionnel,1
46,148.19,29.91,50,821,6,71.6,Chômeur,Licence,Locataire,Mauvais,Consommation,1
72,95.71,27.34,79,498,9,65.39,CDI,Licence,Propriétaire,Bon,Immobilier,0
70,26.07,18.77,77,533,7,76.07,CDI,Bac,Propriétaire,Bon,Immobilier,1
72,102.32,46.72,15,543,7,17.82,CDI,Master,Locataire,Acceptable,Immobilier,0
49,99.37,31.49,19,692,1,58.71,CDD,Licence,Propriétaire,Bon,Professionnel,0
68,101.18,23.35,51,745,4,94.11,Indépendant,Bac,Propriétaire,Excellent,Professionnel,0
61,56.46,34.3,80,692,5,61.08,Indépendant,Licence,Propriétaire,Excellent,Automobile,0
35,131.06,39.56,11,308,8,61.13,CDD,Doctorat,Propriétaire,Mauvais,Consommation,1
23,144.53,48.23,26,452,5,73.64,CDI,Bac,Locataire,Mauvais,Consommation,1
35,44.39,27.48,67,409,9,33.32,CDI,Bac,Propriétaire,Excellent,Immobilier,0
36,26.9,10.04,24,565,5,70.05,Chômeur,Licence,Locataire,Bon,Professionnel,1
39,41.26,24.83,67,672,9,91.62,CDI,Licence,Propriétaire,Excellent,Automobile,0
54,125.77,26.55,58,451,9,1.09,CDI,Bac,Locataire,Acceptable,Immobilier,1
49,106.35,45.36,29,714,5,87.01,Indépendant,Master,Locataire,Excellent,Automobile,1
73,100.87,22.77,61,625,8,21.86,Indépendant,Licence,Propriétaire,Excellent,Automobile,0
58,69.24,47.9,67,850,9,45.59,Chômeur,Master,Autre,Acceptable,Automobile,1
76,93.01,26.83,39,475,6,85.23,CDI,Licence,Propriétaire,Bon,Consommation,0
20,56.56,48.82,27,824,0,82.39,CDD,Master,Locataire,Excellent,Consommation,1
45,79.42,5.37,73,614,0,89.19,CDD,Licence,Autre,Acceptable,Consommation,1
27,122.06,45.45,62,366,3,94.04,Chômeur,Bac,Locataire,Acceptable,Automobile,1
68,147.47,46.9,15,483,1,44.72,Indépendant,Master,Locataire,Acceptable,Automobile,0
52,140.89,48.25,71,334,2,65.64,Indépendant,Bac,Propriétaire,Mauvais,Immobilier,1
78,141.07,5.59,13,804,6,39.05,CDI,Master,Propriétaire,Bon,Automobile,0
46,69.3,12.73,43,375,6,35.07,Indépendant,Licence,Propriétaire,Excellent,Immobilier,1
71,78.29,34.42,67,771,2,43.16,CDI,Doctorat,Autre,Excellent,Professionnel,1
80,110.26,6.15,33,822,1,74.31,CDI,Licence,Autre,Bon,Professionnel,0
32,139.5,7.86,15,582,0,50.14,CDI,Master,Propriétaire,Excellent,Immobilier,0
50,34.17,14.95,50,835,8,81.41,CDD,Bac,Propriétaire,Bon,Consommation,0
24,56.07,28.06,70,573,9,74.52,CDI,Licence,Propriétaire,Excellent,Consommation,0
29,33.8,29.57,72,838,2,2.05,Chômeur,Master,Propriétaire,Bon,Professionnel,1
66,97.62,6.54,14,353,8,63.02,Indépendant,Master,Propriétaire,Excellent,Automobile,1
47,56.35,12.67,10,354,3,43.66,CDI,Bac,Locataire,Bon,Consommation,0
38,59.02,27.49,15,576,9,45.66,CDD,Licence,Locataire,Acceptable,Automobile,1
48,24.57,31.73,17,742,5,81.84,CDI,Licence,Locataire,Bon,Immobilier,0
75,62.22,11.68,63,717,6,54.76,CDI,Bac,Locataire,Bon,Immobilier,0
78,131.44,22.95,26,524,9,88.56,CDD,Licence,Locataire,Mauvais,Immobilier,1
41,46.46,45.7,26,554,5,71.28,Chômeur,Master,Locataire,Acceptable,Immobilier,1
37,108.85,49.95,70,475,0,55.28,CDD,Licence,Propriétaire,Bon,Immobilier,0
54,100.0,49.42,8,445,5,75.45,Indépendant,Licence,Propriétaire,Bon,Consommation,1
21,131.57,44.68,74,684,10,3.83,Indépendant,Doctorat,Propriétaire,Bon,Consommation,1
45,32.86,22.76,69,561,5,2.71,CDI,Bac,Locataire,Excellent,Professionnel,1
61,146.97,35.9,54,830,4,8.33,CDD,Licence,Autre,Excellent,Immobilier,0
79,93.65,23.75,77,670,2,43.76,Indépendant,Master,Locataire,Bon,Professionnel,0
37,149.39,34.18,22,496,9,23.55,CDI,Master,Locataire,Bon,Automobile,1
77,138.05,18.92,78,583,2,98.43,Chômeur,Master,Propriétaire,Excellent,Automobile,1
41,44.9,32.28,37,601,10,54.23,Indépendant,Master,Locataire,Bon,Consommation,1
67,22.58,28.57,75,431,9,66.24,CDI,Bac,Locataire,Excellent,Consommation,0
66,49.51,6.1,26,419,6,27.88,Retraité,Licence,Locataire,Mauvais,Immobilier,1
68,86.22,40.58,12,435,7,32.18,CDI,Master,Locataire,Excellent,Consommation,1
49,38.17,5.54,12,828,2,33.55,Chômeur,Bac,Locataire,Excellent,Consommation,1
58,37.61,18.19,32,333,2,69.87,CDI,Bac,Propriétaire,Bon,Professionnel,1
53,77.45,5.27,13,831,6,47.37,Indépendant,Master,Propriétaire,Bon,Professionnel,1
75,19.49,21.93,78,507,9,51.77,CDD,Master,Locataire,Bon,Consommation,1
70,31.45,7.84,33,598,6,59.2,Indépendant,Licence,Locataire,Bon,Consommation,1
51,71.14,46.11,84,821,10,76.88,CDI,Master,Propriétaire,Bon,Professionnel,0
53,23.52,23.71,71,393,8,9.04,CDI,Master,Locataire,Acceptable,Professionnel,1
19,68.56,25.68,76,713,5,77.69,CDI,Doctorat,Locataire,Excellent,Consommation,0
32,78.99,20.74,52,670,6,56.32,Chômeur,Master,Propriétaire,Bon,Consommation,1
51,75.92,33.24,15,708,10,66.91,CDI,Licence,Propriétaire,Mauvais,Immobilier,0
53,132.34,40.3,38,682,9,32.76,CDD,Master,Propriétaire,Excellent,Consommation,0
23,86.56,34.17,12,740,0,40.94,Indépendant,Licence,Propriétaire,Bon,Immobilier,1
56,78.18,38.67,8,746,6,23.12,Chômeur,Master,Propriétaire,Excellent,Automobile,0
59,70.45,45.77,19,370,1,97.93,CDI,Master,Propriétaire,Excellent,Automobile,1
68,125.38,43.86,49,383,6,49.7,Chômeur,Bac,Propriétaire,Bon,Immobilier,1
68,135.83,35.33,51,508,2,99.61,CDI,Bac,Locataire,Excellent,Immobilier,0
75,130.19,14.66,66,558,8,48.98,Indépendant,Bac,Locataire,Excellent,Consommation,1
71,105.93,33.7,41,538,4,21.98,Indépendant,Master,Locataire,Bon,Consommation,0
78,33.54,27.77,18,601,6,50.75,CDI,Master,Locataire,Excellent,Automobile,1
29,52.38,37.27,21,531,7,3.96,CDI,Licence,Autre,Acceptable,Consommation,0
20,21.22,42.48,10,581,1,90.48,CDD,Licence,Locataire,Acceptable,Professionnel,1
62,140.66,38.42,43,693,10,81.86,CDI,Master,Autre,Bon,Automobile,0
35,104.21,43.1,55,717,0,72.58,Chômeur,Licence,Propriétaire,Mauvais,Automobile,0
57,115.76,7.87,43,505,6,60.98,CDI,Bac,Locataire,Acceptable,Automobile,1
38,57.06,6.42,61,563,5,57.98,Chômeur,Licence,Locataire,Acceptable,Professionnel,1
32,129.16,16.63,68,610,5,99.67,CDD,Master,Propriétaire,Excellent,Automobile,0
50,50.05,45.53,53,378,1,27.8,Retraité,Master,Propriétaire,Acceptable,Professionnel,1
52,15.22,42.06,64,641,2,77.97,Indépendant,Licence,Locataire,Mauvais,Immobilier,1
43,65.82,35.72,82,394,3,58.14,Indépendant,Bac,Propriétaire,Excellent,Immobilier,1
25,92.05,36.53,49,650,2,97.59,CDI,Licence,Propriétaire,Acceptable,Immobilier,0
53,79.63,37.7,60,361,1,82.78,CDD,Master,Locataire,Acceptable,Automobile,1
65,131.38,47.42,60,441,2,99.85,CDI,Licence,Locataire,Bon,Automobile,0
47,29.23,42.45,6,410,5,58.83,CDI,Licence,Locataire,Bon,Automobile,0
40,89.77,33.05,13,826,8,20.45,CDD,Bac,Locataire,Excellent,Automobile,1
59,84.25,34.96,9,456,3,50.37,Indépendant,Master,Locataire,Excellent,Automobile,0
61,52.99,14.62,58,838,5,71.11,CDI,Bac,Propriétaire,Excellent,Consommation,1
31,126.0,34.58,63,308,0,77.44,CDD,Bac,Locataire,Bon,Consommation,1
31,116.63,24.11,42,575,5,0.05,CDD,Master,Propriétaire,Bon,Consommation,0
19,113.94,11.88,54,526,2,50.5,CDI,Doctorat,Locataire,Mauvais,Professionnel,1
72,133.29,41.29,72,485,8,23.52,CDD,Licence,Propriétaire,Bon,Automobile,0
54,112.58,27.96,24,515,3,87.49,Indépendant,Licence,Propriétaire,Bon,Immobilier,1
22,46.3,48.98,6,732,6,15.29,CDI,Licence,Propriétaire,Excellent,Immobilier,0
55,110.25,17.68,34,655,3,66.65,Indépendant,Bac,Locataire,Acceptable,Immobilier,1
62,56.54,26.63,38,691,10,26.61,CDD,Bac,Autre,Bon,Automobile,0
58,47.69,25.16,57,574,5,35.65,Indépendant,Licence,Propriétaire,Acceptable,Professionnel,1
79,24.86,10.44,46,793,6,94.06,CDI,Bac,Propriétaire,Excellent,Consommation,0
71,115.44,24.18,28,750,1,24.04,Indépendant,Master,Locataire,Bon,Immobilier,0
77,110.99,17.94,10,719,9,9.5,CDI,Bac,Locataire,Bon,Automobile,0
78,46.66,12.21,76,463,5,6.93,CDI,Licence,Propriétaire,Excellent,Consommation,0
64,116.17,17.7,62,482,7,50.46,CDI,Licence,Propriétaire,Acceptable,Professionnel,1
31,138.91,15.5,11,609,5,64.17,Chômeur,Licence,Propriétaire,Bon,Immobilier,0
73,29.58,38.03,54,316,1,32.73,Indépendant,Licence,Locataire,Bon,Automobile,1
56,46.41,6.38,27,745,3,69.03,CDI,Master,Propriétaire,Acceptable,Professionnel,1
42,116.29,32.79,82,469,0,6.1,CDI,Licence,Propriétaire,Bon,Professionnel,1
37,52.06,39.23,81,579,6,85.73,CDI,Master,Propriétaire,Excellent,Immobilier,0
19,99.33,26.63,9,639,7,81.66,CDI,Licence,Locataire,Mauvais,Immobilier,1
56,25.96,46.92,77,818,9,98.55,CDD,Bac,Autre,Bon,Automobile,0
23,76.05,36.85,69,310,1,93.65,CDD,Licence,Locataire,Acceptable,Consommation,1
34,114.78,38.66,42,823,9,35.62,Chômeur,Licence,Locataire,Acceptable,Immobilier,0
76,107.68,13.86,36,432,4,39.93,Retraité,Master,Locataire,Excellent,Professionnel,0
42,125.03,39.98,42,447,10,74.6,CDD,Master,Propriétaire,Bon,Immobilier,1
74,133.46,42.44,50,378,7,13.41,CDI,Bac,Locataire,Excellent,Automobile,0
45,119.38,21.26,13,645,10,31.4,CDI,Bac,Propriétaire,Bon,Consommation,0
19,105.66,14.6,45,548,7,11.85,CDD,Bac,Locataire,Acceptable,Immobilier,1
52,19.28,22.33,10,841,4,45.49,CDD,Doctorat,Autre,Excellent,Automobile,1
54,87.22,38.28,33,323,7,55.2,CDD,Bac,Locataire,Excellent,Automobile,1
22,20.09,23.79,14,770,5,21.12,Retraité,Licence,Locataire,Bon,Consommation,1
80,124.09,38.15,7,500,4,2.66,Chômeur,Licence,Locataire,Bon,Immobilier,1
18,58.3,10.11,68,430,10,71.94,CDI,Licence,Locataire,Acceptable,Automobile,1
57,90.93,41.27,56,655,3,2.0,CDI,Bac,Propriétaire,Acceptable,Consommation,1
29,52.73,16.39,36,449,4,97.34,Indépendant,Bac,Locataire,Acceptable,Automobile,1
73,120.64,16.2,12,825,3,22.16,Indépendant,Licence,Propriétaire,Acceptable,Professionnel,1
53,134.68,31.57,35,603,0,66.39,CDI,Bac,Locataire,Excellent,Automobile,0
62,68.82,8.16,63,840,2,43.48,Indépendant,Bac,Propriétaire,Bon,Automobile,1
40,131.49,6.18,8,349,7,5.97,CDD,Bac,Propriétaire,Bon,Automobile,1
64,51.06,16.75,56,763,6,47.22,CDD,Licence,Locataire,Mauvais,Consommation,0
48,87.18,29.21,61,539,6,51.68,CDI,Licence,Propriétaire,Bon,Immobilier,0
28,130.93,45.84,78,781,10,85.47,Chômeur,Bac,Propriétaire,Mauvais,Consommation,1
27,58.99,43.09,15,754,2,73.23,CDD,Licence,Locataire,Acceptable,Immobilier,1
20,143.8,27.07,66,582,8,7.93,CDI,Bac,Locataire,Acceptable,Automobile,1
71,31.45,6.67,55,634,5,20.92,Indépendant,Licence,Propriétaire,Bon,Automobile,0
31,17.47,29.09,52,651,7,31.19,Indépendant,Bac,Locataire,Bon,Immobilier,0
33,137.06,36.72,6,626,7,11.64,Chômeur,Licence,Locataire,Bon,Immobilier,1
27,24.27,20.26,62,635,2,45.69,CDI,Bac,Locataire,Bon,Immobilier,1
46,148.91,10.0,43,380,3,98.43,Retraité,Master,Locataire,Mauvais,Immobilier,1
27,143.44,17.54,67,386,5,51.46,CDI,Bac,Propriétaire,Acceptable,Consommation,1
29,33.5,39.72,84,557,1,74.19,CDD,Master,Propriétaire,Acceptable,Consommation,1
47,87.57,20.81,75,484,10,68.29,CDD,Master,Propriétaire,Bon,Immobilier,1
58,39.96,41.54,70,422,6,84.99,CDI,Licence,Propriétaire,Excellent,Immobilier,1
18,72.8,19.38,67,395,1,21.57,CDD,Master,Propriétaire,Acceptable,Consommation,1
22,23.29,12.36,61,814,10,75.38,Chômeur,Bac,Propriétaire,Bon,Immobilier,1
37,45.23,24.61,72,742,4,88.14,CDD,Bac,Locataire,Acceptable,Professionnel,1
25,64.04,25.35,22,813,3,17.15,CDD,Bac,Locataire,Acceptable,Immobilier,1
60,74.22,5.72,13,670,8,34.68,CDI,Bac,Locataire,Excellent,Consommation,0
29,146.96,10.27,65,604,1,97.01,CDI,Licence,Propriétaire,Bon,Automobile,1
18,124.06,13.32,45,656,6,78.08,CDI,Licence,Propriétaire,Acceptable,Immobilier,1
74,114.55,10.11,67,447,6,28.26,Retraité,Bac,Locataire,Bon,Immobilier,0
71,87.5,20.37,46,584,6,56.39,Indépendant,Licence,Propriétaire,Bon,Consommation,1
37,128.4,48.41,17,561,0,40.43,Retraité,Bac,Locataire,Excellent,Immobilier,0
45,60.81,27.92,59,790,7,49.0,CDI,Licence,Locataire,Excellent,Automobile,0
74,110.7,33.24,16,330,1,35.52,CDD,Doctorat,Propriétaire,Acceptable,Immobilier,0
60,149.16,21.04,65,567,4,27.93,CDI,Licence,Propriétaire,Excellent,Automobile,0
54,57.47,19.56,73,311,1,67.48,Indépendant,Licence,Propriétaire,Acceptable,Automobile,1
64,105.99,6.04,83,490,4,77.85,CDI,Licence,Propriétaire,Bon,Automobile,0
54,128.98,27.52,51,699,6,87.4,CDI,Master,Propriétaire,Mauvais,Immobilier,0
29,138.63,26.76,43,836,5,15.53,CDD,Bac,Propriétaire,Mauvais,Automobile,1
54,111.92,12.1,66,390,4,82.29,CDI,Doctorat,Locataire,Acceptable,Consommation,0
66,53.29,39.39,22,800,3,25.48,CDD,Licence,Propriétaire,Bon,Professionnel,1
66,59.05,27.17,71,600,7,42.73,CDD,Licence,Locataire,Bon,Consommation,1
73,17.8,20.25,77,410,10,90.14,Indépendant,Doctorat,Propriétaire,Excellent,Immobilier,1
61,117.72,11.61,41,379,7,45.45,Retraité,Master,Propriétaire,Excellent,Immobilier,0
73,20.77,29.85,79,732,0,19.71,CDI,Licence,Propriétaire,Bon,Immobilier,0
45,131.73,38.88,12,716,9,15.99,CDD,Bac,Propriétaire,Acceptable,Immobilier,0
64,31.02,17.69,21,513,1,47.3,Indépendant,Master,Propriétaire,Bon,Immobilier,1
32,38.2,14.85,19,746,2,76.27,CDD,Licence,Propriétaire,Bon,Immobilier,0
23,79.33,28.49,30,317,0,99.72,CDI,Licence,Propriétaire,Bon,Immobilier,1
61,114.61,11.99,9,353,10,78.74,Indépendant,Bac,Propriétaire,Mauvais,Immobilier,1
76,33.77,35.0,34,539,2,87.7,CDI,Licence,Locataire,Excellent,Immobilier,1
78,74.41,32.24,61,717,9,74.78,CDI,Master,Locataire,Excellent,Immobilier,1
37,80.18,8.92,11,785,7,89.54,CDI,Bac,Propriétaire,Mauvais,Immobilier,0
67,43.66,6.64,6,743,3,7.63,CDI,Master,Propriétaire,Excellent,Consommation,0
31,30.6,32.91,44,422,6,92.99,CDI,Bac,Locataire,Acceptable,Immobilier,0
19,127.92,18.24,6,719,6,39.64,CDI,Bac,Locataire,Bon,Immobilier,1
26,82.83,8.89,68,515,10,92.16,CDI,Licence,Autre,Bon,Immobilier,1
80,16.94,39.17,62,719,4,7.57,CDI,Master,Propriétaire,Bon,Automobile,0
54,123.4,19.13,72,850,0,71.52,CDI,Doctorat,Propriétaire,Acceptable,Consommation,0
37,147.41,25.68,70,527,9,73.57,CDD,Master,Locataire,Excellent,Immobilier,0
43,96.8,15.66,70,536,3,99.69,CDI,Bac,Locataire,Excellent,Automobile,1
46,83.0,33.23,26,629,6,76.89,CDI,Doctorat,Propriétaire,Bon,Consommation,0
18,133.59,18.57,35,768,4,38.26,CDI,Master,Locataire,Bon,Automobile,0
72,143.59,48.56,38,786,1,55.72,CDI,Bac,Propriétaire,Bon,Consommation,0
52,116.86,36.63,53,848,7,36.66,CDI,Licence,Propriétaire,Mauvais,Consommation,0
23,75.14,11.15,27,714,1,19.6,CDI,Licence,Propriétaire,Mauvais,Immobilier,1
54,94.95,23.75,59,518,10,24.85,CDD,Licence,Propriétaire,Excellent,Automobile,0
70,109.63,22.34,9,680,7,22.2,CDD,Doctorat,Locataire,Bon,Consommation,1
76,41.23,29.04,60,386,10,54.88,Chômeur,Bac,Locataire,Excellent,Professionnel,1
22,75.37,42.89,49,760,1,90.62,CDD,Licence,Locataire,Mauvais,Consommation,0
50,127.03,31.25,17,710,10,91.27,CDD,Bac,Propriétaire,Bon,Immobilier,1
66,103.39,7.77,84,824,4,5.48,CDI,Licence,Propriétaire,Bon,Immobilier,0
68,70.51,34.49,79,746,3,7.99,Indépendant,Master,Propriétaire,Acceptable,Consommation,0
31,104.55,5.37,57,599,0,24.51,CDI,Bac,Propriétaire,Bon,Automobile,0
29,30.96,40.1,81,707,7,25.51,CDD,Licence,Locataire,Excellent,Automobile,0
59,69.2,35.0,70,674,9,9.49,CDI,Doctorat,Propriétaire,Bon,Automobile,0
37,122.07,18.9,70,532,2,38.85,CDD,Master,Locataire,Bon,Immobilier,1
70,44.77,18.16,15,348,3,58.77,Chômeur,Licence,Locataire,Acceptable,Consommation,1
67,40.1,40.92,23,485,3,57.82,Chômeur,Bac,Propriétaire,Bon,Consommation,1
41,143.36,40.25,52,504,4,54.34,CDI,Licence,Locataire,Excellent,Automobile,0
76,43.34,20.85,71,377,2,33.87,CDI,Master,Propriétaire,Bon,Automobile,0
60,50.22,18.45,54,780,8,70.65,Indépendant,Master,Locataire,Acceptable,Consommation,1
79,145.9,30.19,77,685,3,82.65,CDD,Bac,Locataire,Acceptable,Immobilier,1
51,114.19,5.38,27,493,9,34.63,CDD,Licence,Propriétaire,Excellent,Immobilier,1
42,109.45,8.72,31,402,10,8.55,Indépendant,Bac,Propriétaire,Excellent,Immobilier,0
67,130.15,10.68,14,675,10,29.63,CDD,Bac,Locataire,Bon,Professionnel,1
46,30.64,13.34,26,586,3,13.74,Retraité,Licence,Propriétaire,Bon,Immobilier,0
74,110.3,28.04,68,781,5,46.74,CDD,Bac,Locataire,Excellent,Immobilier,0
56,83.0,49.65,11,549,7,15.59,CDD,Bac,Propriétaire,Bon,Automobile,1
48,126.94,34.37,19,500,6,46.28,CDD,Master,Locataire,Mauvais,Immobilier,1
73,83.6,7.76,38,835,3,22.1,Indépendant,Licence,Locataire,Bon,Immobilier,1
64,98.73,28.65,76,760,3,73.87,CDD,Master,Locataire,Bon,Automobile,1
60,79.5,27.35,29,599,4,2.76,CDD,Licence,Propriétaire,Acceptable,Automobile,1
67,79.55,11.49,78,777,9,55.47,Retraité,Master,Propriétaire,Excellent,Automobile,1
40,118.68,46.41,80,382,4,16.95,CDD,Licence,Propriétaire,Bon,Consommation,1
61,99.86,24.83,56,757,0,0.1,CDI,Bac,Locataire,Bon,Consommation,0
55,100.49,49.76,7,597,7,86.92,CDD,Licence,Propriétaire,Bon,Automobile,0
37,75.79,23.9,20,663,9,67.15,CDD,Bac,Propriétaire,Mauvais,Automobile,1
40,86.7,32.36,40,339,4,9.89,CDI,Master,Locataire,Bon,Immobilier,0
79,115.67,9.71,41,639,2,66.41,CDD,Licence,Propriétaire,Excellent,Automobile,1
62,126.5,25.44,44,815,2,61.16,Indépendant,Bac,Locataire,Mauvais,Automobile,0
69,109.04,15.74,9,407,3,47.34,CDD,Licence,Locataire,Excellent,Immobilier,1
33,139.75,42.6,69,615,6,41.93,Indépendant,Master,Locataire,Bon,Immobilier,0
67,125.74,40.28,79,413,4,88.71,CDD,Bac,Propriétaire,Bon,Immobilier,1
59,90.85,42.09,11,466,0,24.51,Retraité,Bac,Propriétaire,Mauvais,Automobile,1
77,105.64,37.56,62,560,4,39.83,CDI,Master,Locataire,Bon,Automobile,1
72,140.05,42.47,35,523,4,32.91,CDI,Bac,Propriétaire,Bon,Immobilier,0
25,98.59,14.04,79,561,5,77.12,CDI,Bac,Locataire,Bon,Professionnel,1
67,126.35,25.34,72,550,6,91.65,CDD,Licence,Locataire,Mauvais,Automobile,1
38,107.99,36.13,20,825,4,84.98,CDI,Licence,Propriétaire,Acceptable,Consommation,1
18,89.51,33.68,22,425,10,79.77,CDI,Licence,Locataire,Excellent,Automobile,0
72,47.65,37.24,23,505,1,98.68,CDD,Licence,Locataire,Acceptable,Immobilier,1
25,72.51,15.09,24,439,1,69.71,CDI,Master,Locataire,Acceptable,Professionnel,0
46,145.65,9.43,81,361,3,75.11,CDD,Master,Locataire,Acceptable,Consommation,1
49,103.8,46.26,74,582,0,98.28,Indépendant,Doctorat,Locataire,Acceptable,Automobile,1
55,91.19,30.21,29,353,6,0.7,Indépendant,Licence,Propriétaire,Bon,Immobilier,1
22,140.95,11.92,53,645,0,63.4,CDI,Bac,Locataire,Bon,Immobilier,1
64,94.18,40.7,35,823,2,73.9,CDD,Doctorat,Propriétaire,Acceptable,Consommation,0
39,86.02,46.17,20,435,9,91.78,CDI,Bac,Locataire,Excellent,Immobilier,0
64,117.51,12.63,52,629,6,88.38,Chômeur,Master,Propriétaire,Bon,Automobile,0
51,111.21,41.78,49,443,10,84.2,Chômeur,Bac,Propriétaire,Excellent,Automobile,1
18,41.08,47.0,32,735,5,94.58,CDI,Master,Propriétaire,Acceptable,Immobilier,0
72,78.63,47.23,69,581,6,53.74,CDI,Master,Propriétaire,Acceptable,Consommation,1
72,78.79,46.14,46,435,4,0.69,CDI,Licence,Propriétaire,Bon,Consommation,1
43,66.06,29.59,73,788,7,1.11,CDI,Bac,Locataire,Acceptable,Automobile,0
60,84.83,21.03,10,700,5,54.46,CDD,Bac,Propriétaire,Acceptable,Automobile,0
27,70.77,5.33,58,748,3,43.53,CDD,Licence,Locataire,Mauvais,Consommation,1
47,41.91,7.74,13,569,10,45.12,CDI,Bac,Propriétaire,Excellent,Automobile,0
67,70.67,24.3,27,316,0,40.04,CDD,Licence,Propriétaire,Bon,Automobile,1
35,24.76,22.97,12,568,1,91.77,Chômeur,Licence,Propriétaire,Acceptable,Automobile,1
34,92.73,13.31,27,781,5,35.92,CDD,Licence,Propriétaire,Excellent,Immobilier,0
43,130.24,22.8,51,518,3,85.62,CDI,Licence,Propriétaire,Bon,Professionnel,0
25,112.91,12.86,35,618,2,90.29,CDD,Licence,Autre,Bon,Automobile,1
64,63.65,43.2,21,537,6,49.95,CDD,Bac,Propriétaire,Acceptable,Immobilier,0
57,26.75,18.42,84,844,6,44.69,Chômeur,Master,Locataire,Bon,Consommation,1
66,42.29,31.94,10,584,1,76.1,CDI,Master,Propriétaire,Bon,Automobile,0
29,88.64,27.63,72,336,7,70.8,CDI,Bac,Locataire,Bon,Immobilier,0
44,42.95,7.33,28,402,10,32.85,CDD,Bac,Propriétaire,Excellent,Consommation,0
25,88.44,47.4,66,729,0,10.25,CDD,Master,Locataire,Mauvais,Immobilier,1
42,46.27,28.73,79,538,10,26.49,Indépendant,Bac,Propriétaire,Bon,Automobile,1
63,129.6,19.63,10,424,9,13.1,CDI,Bac,Propriétaire,Bon,Automobile,1
21,68.63,12.12,28,487,6,29.47,CDD,Licence,Locataire,Excellent,Immobilier,1
50,48.15,20.23,84,555,9,26.18,CDI,Bac,Locataire,Bon,Consommation,1
18,124.66,5.92,30,829,0,63.77,CDI,Bac,Propriétaire,Mauvais,Consommation,1
36,61.28,21.36,13,691,2,95.45,CDD,Doctorat,Propriétaire,Mauvais,Consommation,1
48,30.05,28.92,26,767,2,68.57,CDI,Bac,Locataire,Bon,Automobile,1
33,92.01,44.23,7,552,9,92.66,CDI,Master,Propriétaire,Excellent,Professionnel,1
31,93.51,35.93,27,475,1,78.41,Indépendant,Bac,Propriétaire,Bon,Immobilier,0
70,111.48,10.02,77,765,9,72.79,CDD,Master,Locataire,Bon,Automobile,0
65,47.43,11.65,77,588,4,41.41,CDI,Licence,Locataire,Bon,Professionnel,1
22,74.91,24.27,73,349,3,32.48,CDD,Bac,Propriétaire,Bon,Immobilier,0
58,53.12,13.81,69,303,5,84.63,CDI,Master,Locataire,Acceptable,Immobilier,1
43,25.93,6.25,24,799,1,90.54,CDI,Master,Propriétaire,Acceptable,Professionnel,1
79,133.34,41.23,58,522,3,45.19,CDD,Bac,Propriétaire,Bon,Professionnel,1
45,113.4,5.88,57,561,6,0.91,CDI,Master,Propriétaire,Acceptable,Consommation,0
19,55.7,42.38,52,834,0,79.25,Retraité,Licence,Locataire,Acceptable,Automobile,1
67,95.92,11.48,59,675,10,28.51,CDI,Master,Propriétaire,Bon,Automobile,0
23,42.17,48.86,49,360,2,0.99,Indépendant,Master,Propriétaire,Mauvais,Immobilier,0
80,135.18,32.17,12,655,0,80.5,Indépendant,Bac,Locataire,Acceptable,Automobile,0
26,30.51,38.07,6,323,1,51.74,Retraité,Bac,Propriétaire,Bon,Automobile,1
50,15.52,9.97,68,592,8,68.52,CDI,Licence,Locataire,Mauvais,Immobilier,1
58,82.77,43.79,44,655,9,91.47,Chômeur,Master,Autre,Bon,Automobile,1
42,93.72,42.76,24,328,4,54.12,Retraité,Licence,Autre,Bon,Automobile,0
65,93.16,34.38,36,656,3,50.32,CDI,Licence,Propriétaire,Bon,Consommation,1
30,22.36,27.6,82,664,3,29.07,CDD,Bac,Locataire,Acceptable,Automobile,1
26,57.4,37.47,29,708,7,30.52,CDI,Master,Locataire,Excellent,Consommation,1
70,82.39,5.27,74,565,2,79.65,CDD,Licence,Propriétaire,Bon,Automobile,1
30,44.24,31.66,70,590,3,44.9,CDD,Master,Propriétaire,Bon,Automobile,0
48,132.8,43.13,38,452,1,16.35,CDI,Master,Propriétaire,Bon,Automobile,0
58,26.76,21.06,64,518,5,9.45,Indépendant,Bac,Propriétaire,Acceptable,Immobilier,0
28,80.8,9.87,38,472,8,47.29,CDI,Bac,Autre,Bon,Automobile,0
21,108.34,23.94,37,311,3,46.5,Indépendant,Doctorat,Locataire,Bon,Consommation,1
51,50.34,37.72,64,815,10,65.35,CDI,Bac,Propriétaire,Acceptable,Automobile,1
78,99.27,9.83,46,661,5,47.11,CDD,Master,Locataire,Acceptable,Professionnel,1
55,126.97,14.27,17,776,3,14.35,CDI,Master,Propriétaire,Acceptable,Automobile,0
63,40.7,11.64,78,381,1,50.78,CDI,Licence,Locataire,Bon,Immobilier,0
21,138.82,40.86,16,639,5,90.68,Indépendant,Bac,Propriétaire,Bon,Automobile,0
55,89.73,7.83,24,740,6,15.94,CDI,Bac,Propriétaire,Acceptable,Consommation,1
36,55.4,35.9,59,525,3,68.98,CDD,Licence,Propriétaire,Bon,Automobile,0
23,73.17,21.49,62,670,10,59.39,Chômeur,Bac,Locataire,Acceptable,Consommation,1
51,57.15,39.01,47,327,6,74.86,CDI,Licence,Propriétaire,Excellent,Consommation,1
35,112.89,48.4,76,315,10,15.06,Indépendant,Licence,Propriétaire,Bon,Immobilier,0
30,122.5,10.15,36,576,7,94.16,CDI,Licence,Autre,Bon,Immobilier,0
58,127.45,19.15,57,632,10,62.1,CDI,Licence,Locataire,Bon,Automobile,1
40,148.08,41.46,7,782,2,84.71,CDI,Master,Locataire,Bon,Immobilier,0
36,121.82,16.98,43,587,1,24.66,Retraité,Licence,Locataire,Excellent,Automobile,1
62,96.19,14.68,37,413,4,73.94,CDI,Licence,Locataire,Acceptable,Consommation,1
28,60.79,42.14,15,337,1,78.1,Chômeur,Master,Locataire,Bon,Automobile,1
18,88.52,49.42,13,753,9,39.74,Retraité,Licence,Locataire,Bon,Automobile,0
41,20.54,30.06,80,465,4,38.4,CDI,Doctorat,Locataire,Bon,Automobile,0
79,115.55,17.51,25,504,9,65.78,CDD,Bac,Locataire,Bon,Immobilier,0
71,75.2,22.94,25,544,5,9.34,Indépendant,Master,Propriétaire,Bon,Consommation,1
24,17.7,12.66,14,632,7,73.56,CDI,Licence,Propriétaire,Acceptable,Consommation,1
42,23.44,39.28,77,695,5,4.29,CDI,Master,Propriétaire,Bon,Automobile,0
38,67.31,39.81,20,806,3,19.06,CDI,Master,Locataire,Bon,Immobilier,0
32,93.76,44.38,68,420,2,66.41,Indépendant,Bac,Locataire,Bon,Consommation,1
18,77.67,6.2,26,558,1,9.83,Indépendant,Licence,Locataire,Acceptable,Automobile,1
29,98.59,30.29,10,709,0,97.18,CDI,Master,Locataire,Bon,Immobilier,0
75,79.84,14.64,40,609,1,86.84,CDI,Bac,Propriétaire,Bon,Professionnel,1
24,104.33,20.34,73,367,1,62.63,Chômeur,Master,Locataire,Bon,Consommation,1
32,44.58,40.32,53,413,4,81.91,CDI,Bac,Propriétaire,Bon,Automobile,1
38,30.23,13.64,67,519,8,88.76,Indépendant,Master,Propriétaire,Excellent,Automobile,1
36,95.52,33.73,40,519,0,25.95,CDI,Bac,Locataire,Excellent,Professionnel,1
77,80.43,34.46,75,772,3,84.94,Indépendant,Licence,Locataire,Bon,Consommation,1
46,18.63,47.93,26,685,9,19.48,Chômeur,Bac,Locataire,Excellent,Automobile,0
42,66.37,39.88,44,597,6,41.33,CDI,Bac,Propriétaire,Bon,Consommation,1
50,29.33,41.16,39,552,10,55.83,CDI,Licence,Locataire,Excellent,Immobilier,0
66,86.73,28.92,20,704,9,71.39,CDD,Licence,Propriétaire,Bon,Immobilier,0
49,68.43,13.41,11,791,2,3.01,CDI,Bac,Locataire,Bon,Immobilier,1
66,97.78,24.15,71,656,7,29.05,CDI,Master,Propriétaire,Bon,Immobilier,0
52,123.76,29.73,61,727,2,60.85,CDD,Bac,Locataire,Acceptable,Consommation,0
61,55.46,35.53,54,514,7,35.74,CDI,Master,Propriétaire,Bon,Immobilier,1
55,144.88,32.35,6,679,1,77.5,CDI,Licence,Propriétaire,Bon,Consommation,0
43,87.31,22.73,70,513,4,65.17,Indépendant,Licence,Locataire,Acceptable,Automobile,1
28,98.47,16.94,33,397,3,23.44,CDD,Bac,Locataire,Excellent,Automobile,1
52,106.89,12.57,25,827,10,14.59,CDI,Licence,Locataire,Excellent,Immobilier,0
25,105.01,36.22,53,827,8,62.9,CDD,Licence,Locataire,Excellent,Automobile,0
63,83.98,34.04,77,834,2,45.05,Indépendant,Bac,Locataire,Excellent,Immobilier,0
31,72.88,35.93,70,848,10,16.9,CDD,Bac,Locataire,Bon,Automobile,0
27,22.26,21.76,56,627,4,32.64,CDI,Bac,Propriétaire,Bon,Consommation,1
19,17.98,16.81,48,464,9,30.3,CDI,Bac,Propriétaire,Excellent,Automobile,1
63,63.32,39.19,54,415,8,10.81,Indépendant,Bac,Locataire,Mauvais,Consommation,0
26,60.04,39.81,30,449,5,54.69,Indépendant,Bac,Propriétaire,Acceptable,Consommation,0
20,67.34,25.5,79,817,1,76.36,CDD,Licence,Propriétaire,Mauvais,Consommation,1
38,33.68,32.54,81,331,0,57.55,CDI,Licence,Propriétaire,Excellent,Immobilier,1
43,114.65,21.81,46,592,10,82.63,CDD,Licence,Propriétaire,Acceptable,Professionnel,1
25,130.69,36.59,76,476,0,12.76,Indépendant,Bac,Locataire,Acceptable,Automobile,0
65,141.73,42.61,69,360,6,43.56,CDI,Licence,Propriétaire,Mauvais,Consommation,1
19,81.47,35.97,66,715,1,60.94,CDI,Licence,Propriétaire,Bon,Consommation,1
23,109.62,28.07,17,682,6,67.6,CDD,Licence,Locataire,Acceptable,Automobile,0
45,130.5,25.64,74,306,0,69.58,Indépendant,Master,Locataire,Excellent,Professionnel,0
70,71.47,33.9,19,384,3,72.9,CDI,Licence,Locataire,Excellent,Immobilier,1
46,56.77,35.59,39,697,9,65.14,CDD,Bac,Propriétaire,Excellent,Automobile,0
43,141.46,30.14,53,692,10,9.42,CDD,Licence,Propriétaire,Mauvais,Immobilier,0
42,84.62,33.12,66,346,3,69.53,CDD,Bac,Propriétaire,Excellent,Immobilier,1
29,82.13,9.35,40,640,4,72.48,CDD,Master,Propriétaire,Excellent,Consommation,0
22,39.09,47.83,70,797,9,99.35,CDD,Master,Propriétaire,Mauvais,Immobilier,1
51,29.6,40.58,64,777,0,69.34,CDI,Licence,Locataire,Excellent,Consommation,0
65,128.68,21.83,41,725,6,68.68,CDI,Doctorat,Autre,Acceptable,Automobile,1
54,97.91,30.33,84,725,10,51.48,CDD,Licence,Locataire,Acceptable,Automobile,1
32,58.99,7.13,24,814,1,86.79,CDI,Licence,Locataire,Excellent,Immobilier,0
61,40.88,6.86,47,428,10,99.68,CDD,Bac,Locataire,Excellent,Immobilier,1
53,89.99,16.29,74,548,10,77.9,CDD,Licence,Locataire,Bon,Professionnel,1
32,93.83,36.04,24,430,1,61.25,CDI,Master,Locataire,Mauvais,Consommation,1
60,42.94,43.35,44,622,7,7.9,CDD,Master,Locataire,Acceptable,Immobilier,0
65,129.94,30.16,74,842,8,72.67,CDD,Licence,Propriétaire,Bon,Immobilier,0
40,26.38,28.95,57,365,5,70.86,CDI,Licence,Propriétaire,Bon,Immobilier,0
23,63.07,23.1,17,400,10,77.56,CDD,Licence,Locataire,Bon,Immobilier,1
63,106.85,12.27,52,330,0,12.46,Chômeur,Master,Propriétaire,Acceptable,Consommation,1
67,52.01,10.33,81,490,0,65.37,CDI,Licence,Locataire,Bon,Consommation,1
61,126.74,39.23,41,714,10,29.57,CDD,Licence,Locataire,Excellent,Automobile,0
76,114.88,46.74,68,799,6,76.03,CDI,Licence,Locataire,Acceptable,Consommation,1
60,121.52,25.62,81,345,7,24.04,CDI,Master,Propriétaire,Bon,Immobilier,0
62,31.08,34.68,56,388,2,68.4,CDI,Master,Propriétaire,Excellent,Automobile,1
38,33.97,46.15,48,674,8,29.5,Indépendant,Bac,Propriétaire,Acceptable,Consommation,1
40,53.67,9.06,39,545,3,0.9,CDI,Bac,Locataire,Bon,Immobilier,0
60,84.94,39.67,54,556,3,63.34,CDI,Master,Propriétaire,Bon,Automobile,0
72,115.98,32.76,23,651,2,11.33,Indépendant,Master,Autre,Acceptable,Automobile,0
33,127.93,31.94,66,404,7,65.93,CDI,Licence,Locataire,Bon,Automobile,0
64,110.09,18.16,62,636,8,92.56,CDI,Licence,Locataire,Bon,Automobile,1
70,140.36,35.78,10,825,0,96.92,CDI,Master,Locataire,Acceptable,Automobile,1
77,114.73,40.77,29,600,1,23.59,CDI,Master,Autre,Bon,Automobile,0
32,56.35,10.08,69,376,0,80.93,CDD,Master,Propriétaire,Acceptable,Immobilier,1
42,50.79,29.01,64,810,3,35.36,CDI,Bac,Locataire,Bon,Immobilier,0
53,108.99,9.56,43,529,9,90.05,CDI,Master,Propriétaire,Bon,Automobile,0
28,41.04,44.27,38,331,6,78.75,Chômeur,Bac,Propriétaire,Excellent,Immobilier,1
68,27.52,27.84,15,357,6,7.39,Chômeur,Master,Propriétaire,Bon,Consommation,1
32,86.85,41.36,42,403,5,40.71,Indépendant,Bac,Locataire,Acceptable,Consommation,0
21,125.92,21.56,16,611,10,33.73,Chômeur,Licence,Propriétaire,Bon,Immobilier,0
38,28.69,10.63,29,366,4,78.52,CDD,Licence,Locataire,Bon,Consommation,1
30,121.91,6.87,76,673,10,41.03,CDD,Master,Locataire,Acceptable,Automobile,0
39,124.56,17.67,26,534,3,68.46,CDD,Licence,Locataire,Excellent,Immobilier,0
36,80.11,15.99,25,411,7,60.24,Indépendant,Bac,Propriétaire,Acceptable,Automobile,1
51,22.74,30.22,15,688,6,97.56,CDD,Master,Locataire,Bon,Consommation,1
31,38.57,5.98,52,707,10,93.78,CDI,Licence,Locataire,Bon,Immobilier,0
78,110.5,28.43,52,353,10,42.77,Indépendant,Licence,Propriétaire,Bon,Immobilier,1
21,111.09,22.63,20,538,9,72.36,Indépendant,Doctorat,Autre,Excellent,Immobilier,0
65,136.28,30.97,49,594,0,82.95,Indépendant,Licence,Propriétaire,Bon,Immobilier,1
70,93.66,36.61,67,411,5,89.89,CDI,Master,Locataire,Bon,Immobilier,0
69,31.75,33.53,11,387,1,6.81,CDI,Licence,Locataire,Bon,Automobile,1
63,31.39,49.31,71,775,3,30.21,CDI,Master,Propriétaire,Acceptable,Immobilier,0
44,112.35,11.22,81,603,4,32.02,CDD,Master,Propriétaire,Bon,Immobilier,1
46,39.81,24.34,9,604,7,43.44,CDI,Licence,Locataire,Acceptable,Immobilier,1
64,59.33,24.12,28,589,5,16.93,CDI,Doctorat,Propriétaire,Bon,Consommation,0
45,80.77,23.77,18,507,10,49.62,CDI,Licence,Propriétaire,Excellent,Automobile,1
52,18.34,34.87,36,669,1,66.32,CDI,Master,Locataire,Bon,Automobile,0
25,48.59,27.04,21,519,4,49.74,Indépendant,Master,Locataire,Excellent,Automobile,1
33,70.07,28.28,46,530,4,66.58,Chômeur,Licence,Locataire,Mauvais,Consommation,1
59,52.75,24.46,6,648,5,6.64,CDI,Licence,Locataire,Acceptable,Automobile,0
53,33.41,49.63,17,554,0,87.6,CDD,Doctorat,Propriétaire,Excellent,Immobilier,1
47,113.28,46.74,61,751,7,93.91,CDI,Bac,Locataire,Bon,Immobilier,1
35,124.77,18.85,55,441,2,61.79,CDI,Licence,Locataire,Mauvais,Immobilier,1
19,49.76,10.02,25,368,4,88.14,Indépendant,Licence,Propriétaire,Acceptable,Automobile,1
66,119.55,42.79,71,388,6,13.14,Indépendant,Bac,Autre,Bon,Immobilier,1
30,67.05,49.87,41,435,2,79.74,Indépendant,Master,Locataire,Excellent,Immobilier,1
21,83.4,18.17,84,822,9,11.91,CDD,Bac,Propriétaire,Bon,Automobile,0
43,130.56,21.1,43,741,5,40.8,Chômeur,Bac,Locataire,Acceptable,Automobile,1
42,116.24,47.37,27,337,4,32.38,CDI,Master,Locataire,Acceptable,Consommation,1
47,123.69,37.0,66,507,6,58.56,CDI,Bac,Propriétaire,Bon,Automobile,0
28,33.47,18.3,55,509,9,30.15,CDI,Licence,Locataire,Excellent,Professionnel,1
24,24.41,31.15,64,812,10,63.73,Indépendant,Master,Locataire,Mauvais,Professionnel,1
48,135.61,47.49,25,659,2,36.74,CDI,Master,Locataire,Acceptable,Consommation,1
61,67.36,41.53,41,300,1,86.08,CDI,Master,Propriétaire,Excellent,Professionnel,1
27,53.86,38.38,20,680,3,63.39,CDD,Bac,Propriétaire,Excellent,Immobilier,0
56,112.83,38.16,67,836,2,21.53,CDI,Bac,Propriétaire,Bon,Consommation,0
30,127.92,13.01,8,693,3,33.61,CDI,Licence,Locataire,Bon,Immobilier,0
48,131.44,42.11,10,349,6,84.74,CDI,Bac,Locataire,Bon,Consommation,1
24,57.66,17.43,61,695,4,38.65,CDI,Licence,Propriétaire,Excellent,Automobile,0
80,130.05,46.87,36,331,3,53.58,CDD,Licence,Propriétaire,Mauvais,Immobilier,1
73,20.53,21.41,40,844,5,64.89,CDD,Licence,Propriétaire,Acceptable,Professionnel,1
66,21.7,43.59,76,533,6,34.78,CDI,Bac,Locataire,Excellent,Immobilier,0
59,99.18,16.98,75,325,10,29.4,CDI,Licence,Locataire,Acceptable,Consommation,1
78,23.52,28.15,31,733,4,47.53,Indépendant,Licence,Propriétaire,Acceptable,Consommation,0
59,58.82,9.81,6,360,6,21.49,CDD,Bac,Propriétaire,Bon,Immobilier,0
73,105.82,34.71,12,740,2,28.42,CDD,Licence,Propriétaire,Acceptable,Automobile,0
53,60.53,42.62,41,429,6,6.21,CDD,Licence,Propriétaire,Bon,Immobilier,0
37,39.25,37.33,81,653,2,30.4,CDI,Master,Locataire,Acceptable,Professionnel,0
21,52.98,28.55,30,497,5,32.07,Retraité,Master,Propriétaire,Bon,Professionnel,0
71,76.77,7.03,64,670,7,96.18,CDD,Master,Propriétaire,Bon,Consommation,1
24,79.18,47.0,66,446,5,58.97,CDI,Licence,Locataire,Bon,Consommation,1
71,120.71,36.75,34,797,9,78.74,CDI,Bac,Autre,Bon,Immobilier,1
18,116.27,38.56,23,347,10,4.54,CDI,Bac,Autre,Bon,Automobile,1
61,76.67,40.76,46,471,2,10.65,CDI,Master,Autre,Mauvais,Immobilier,0
73,129.17,38.65,24,614,4,81.45,Chômeur,Bac,Locataire,Bon,Automobile,1
62,30.42,24.85,9,675,8,62.35,Chômeur,Licence,Locataire,Excellent,Immobilier,1
59,49.47,38.01,70,832,7,19.1,CDI,Bac,Locataire,Excellent,Automobile,0
64,126.78,33.13,46,719,5,40.48,CDI,Bac,Locataire,Acceptable,Consommation,1
76,66.03,43.43,20,695,8,53.87,Indépendant,Master,Autre,Bon,Immobilier,0
30,147.46,41.11,59,821,1,84.36,CDI,Bac,Propriétaire,Bon,Immobilier,1
72,77.94,6.86,69,486,10,6.04,CDD,Licence,Propriétaire,Acceptable,Immobilier,1
39,121.91,22.05,77,332,8,59.67,CDD,Bac,Propriétaire,Mauvais,Consommation,1
71,69.31,6.56,20,368,9,71.7,CDD,Licence,Locataire,Acceptable,Immobilier,1
38,72.37,9.59,84,490,9,97.79,Indépendant,Master,Locataire,Excellent,Immobilier,1
39,66.69,32.06,55,400,5,80.72,Indépendant,Licence,Locataire,Bon,Consommation,1
45,112.08,44.32,27,784,8,27.62,Retraité,Master,Propriétaire,Acceptable,Immobilier,0
26,88.91,10.39,23,584,3,70.96,CDI,Bac,Propriétaire,Mauvais,Automobile,0
43,142.41,25.3,7,689,4,76.33,Chômeur,Licence,Autre,Mauvais,Consommation,1
26,48.87,45.99,41,459,1,72.97,CDI,Master,Propriétaire,Bon,Automobile,0
32,28.58,41.64,25,346,2,82.01,CDI,Doctorat,Propriétaire,Acceptable,Automobile,0
27,68.09,28.39,21,458,0,90.37,CDI,Bac,Locataire,Excellent,Immobilier,0
41,98.26,39.72,72,745,3,9.84,CDD,Bac,Propriétaire,Bon,Immobilier,1
75,131.21,28.52,35,822,1,10.48,CDI,Bac,Propriétaire,Bon,Automobile,0
74,61.74,12.11,60,454,1,79.64,Indépendant,Bac,Propriétaire,Mauvais,Immobilier,1
78,103.26,10.61,71,638,0,25.24,CDD,Bac,Propriétaire,Excellent,Consommation,1
59,62.28,13.48,31,664,9,5.85,CDI,Licence,Locataire,Bon,Automobile,0
25,98.32,20.79,62,447,1,40.12,Indépendant,Licence,Propriétaire,Mauvais,Automobile,1
41,134.45,46.87,74,443,3,81.99,Chômeur,Master,Propriétaire,Bon,Immobilier,0
33,46.23,40.99,7,402,5,12.66,CDD,Bac,Propriétaire,Excellent,Consommation,0
66,69.57,24.48,61,392,6,67.18,CDI,Doctorat,Locataire,Acceptable,Automobile,1
43,149.09,27.19,67,585,6,0.36,Chômeur,Master,Propriétaire,Acceptable,Automobile,0
44,132.26,16.95,39,723,6,10.97,Indépendant,Master,Propriétaire,Bon,Automobile,1
54,91.23,36.7,61,418,3,35.09,CDI,Master,Propriétaire,Mauvais,Automobile,0
21,84.74,41.12,60,328,4,8.36,CDI,Master,Propriétaire,Excellent,Automobile,0
67,53.42,15.75,25,810,10,84.59,CDD,Master,Propriétaire,Mauvais,Automobile,1
41,84.82,6.88,55,329,2,86.41,Chômeur,Licence,Locataire,Acceptable,Automobile,1
36,129.5,33.08,30,665,0,75.56,CDI,Licence,Autre,Bon,Immobilier,1
53,107.5,30.31,30,437,7,24.25,CDI,Master,Locataire,Acceptable,Immobilier,0
77,54.16,23.1,58,774,9,52.32,Chômeur,Licence,Locataire,Excellent,Immobilier,1
56,42.2,33.98,19,691,10,18.42,CDI,Bac,Propriétaire,Excellent,Immobilier,1
27,50.8,29.78,65,734,6,28.13,Chômeur,Master,Locataire,Mauvais,Immobilier,1
42,37.92,16.28,48,533,8,51.6,CDI,Licence,Propriétaire,Excellent,Consommation,1
35,27.91,22.9,67,354,9,73.5,CDD,Master,Locataire,Excellent,Automobile,1
36,71.58,24.27,81,591,3,9.47,CDI,Bac,Propriétaire,Bon,Professionnel,1
53,30.3,44.61,74,611,4,29.67,Chômeur,Licence,Locataire,Excellent,Immobilier,1
27,38.21,48.24,68,847,4,92.66,Indépendant,Bac,Locataire,Acceptable,Automobile,1
50,88.89,45.19,7,388,6,42.91,Chômeur,Master,Propriétaire,Mauvais,Consommation,1
72,37.22,37.36,59,511,8,93.89,CDD,Bac,Propriétaire,Bon,Automobile,1
67,23.62,31.32,21,617,7,99.14,CDI,Master,Locataire,Bon,Automobile,1
22,57.85,36.02,60,764,6,52.67,CDI,Bac,Propriétaire,Bon,Automobile,0
64,44.74,47.26,48,386,0,28.8,CDD,Bac,Locataire,Excellent,Automobile,1
66,84.57,16.25,66,708,9,79.08,CDD,Bac,Propriétaire,Bon,Consommation,0
52,28.82,29.08,43,539,5,15.93,Chômeur,Licence,Propriétaire,Excellent,Consommation,1
61,116.49,36.03,50,356,9,25.2,CDI,Licence,Locataire,Bon,Professionnel,0
51,137.34,35.57,56,412,8,78.49,Indépendant,Bac,Propriétaire,Bon,Professionnel,0
50,115.36,16.35,47,369,6,43.36,Retraité,Licence,Propriétaire,Mauvais,Automobile,1
72,86.93,31.4,29,483,0,20.15,CDI,Bac,Locataire,Acceptable,Immobilier,1
38,131.19,40.82,35,575,8,65.11,Chômeur,Master,Locataire,Acceptable,Immobilier,1
34,108.81,26.38,42,532,2,73.28,CDI,Bac,Locataire,Bon,Immobilier,0
39,16.42,40.7,58,353,8,12.51,Indépendant,Licence,Locataire,Acceptable,Immobilier,1
65,68.2,21.19,68,556,3,27.7,CDI,Licence,Propriétaire,Mauvais,Automobile,1
54,129.88,47.24,16,389,8,22.13,CDI,Master,Propriétaire,Mauvais,Immobilier,1
32,61.69,29.03,83,734,7,37.99,CDI,Master,Propriétaire,Excellent,Automobile,0
52,19.75,31.82,28,707,6,76.34,Retraité,Master,Autre,Bon,Immobilier,1
45,115.73,6.41,55,568,3,71.37,Indépendant,Bac,Propriétaire,Bon,Automobile,1
24,123.28,12.66,60,665,8,66.25,CDI,Master,Propriétaire,Bon,Immobilier,0
49,36.68,33.48,60,650,3,0.63,Retraité,Master,Locataire,Mauvais,Consommation,1
28,87.54,23.89,9,598,0,14.21,CDD,Master,Autre,Bon,Consommation,0
27,40.91,27.87,59,458,5,22.33,Chômeur,Licence,Locataire,Excellent,Automobile,1
26,112.1,7.83,66,786,3,27.2,CDI,Master,Propriétaire,Bon,Professionnel,0
31,51.66,42.54,83,825,9,14.64,CDI,Licence,Locataire,Bon,Immobilier,1
30,57.69,40.3,10,654,2,41.03,CDD,Licence,Propriétaire,Mauvais,Consommation,0
78,129.07,13.34,23,700,4,7.52,CDI,Licence,Locataire,Bon,Automobile,1
74,79.3,33.54,49,704,2,75.0,CDD,Licence,Propriétaire,Bon,Immobilier,0
79,105.42,41.82,36,395,10,78.77,CDI,Licence,Propriétaire,Bon,Immobilier,0
42,69.32,33.84,26,691,8,57.43,CDI,Licence,Propriétaire,Excellent,Immobilier,0
19,55.23,18.97,52,651,5,8.97,CDI,Master,Propriétaire,Acceptable,Consommation,0
52,99.44,34.53,35,587,2,89.01,Retraité,Licence,Locataire,Acceptable,Automobile,1
24,35.91,14.47,60,822,4,96.56,CDI,Licence,Locataire,Bon,Immobilier,1
38,65.35,19.32,73,461,7,20.24,CDI,Bac,Locataire,Mauvais,Automobile,1
35,43.22,15.8,74,481,7,70.46,CDD,Doctorat,Propriétaire,Bon,Immobilier,0
20,108.93,30.06,46,848,5,84.19,CDD,Licence,Locataire,Acceptable,Immobilier,1
59,142.47,9.87,50,381,4,53.98,Indépendant,Bac,Propriétaire,Mauvais,Professionnel,1
71,149.39,47.0,79,823,4,32.33,Indépendant,Master,Propriétaire,Acceptable,Automobile,1
78,75.79,20.01,35,303,0,47.86,CDI,Bac,Propriétaire,Bon,Automobile,0
56,49.09,14.85,82,794,1,51.23,CDI,Bac,Propriétaire,Excellent,Professionnel,0
58,74.78,27.34,50,350,10,40.06,Indépendant,Licence,Propriétaire,Acceptable,Automobile,0
66,129.38,17.46,50,560,3,92.98,Chômeur,Licence,Propriétaire,Mauvais,Immobilier,1
28,42.81,29.07,84,433,5,74.39,CDD,Bac,Locataire,Bon,Immobilier,1
56,143.53,20.68,50,661,10,24.13,CDI,Licence,Locataire,Bon,Automobile,0
41,61.15,10.94,60,516,6,58.56,CDI,Master,Propriétaire,Bon,Automobile,1
77,148.08,16.97,64,367,0,68.87,CDI,Bac,Propriétaire,Acceptable,Immobilier,1
63,128.21,24.73,10,442,7,14.02,Indépendant,Bac,Propriétaire,Excellent,Consommation,1
36,124.16,6.36,37,645,0,35.84,CDI,Doctorat,Propriétaire,Acceptable,Consommation,0
21,57.92,39.68,11,493,8,90.55,CDI,Licence,Propriétaire,Acceptable,Automobile,1
43,16.18,32.98,31,545,3,56.72,CDI,Licence,Propriétaire,Bon,Consommation,1
55,66.59,32.06,42,613,6,21.7,CDD,Bac,Locataire,Excellent,Immobilier,0
59,55.74,29.57,18,683,10,12.28,CDI,Licence,Locataire,Acceptable,Immobilier,0
49,20.05,31.56,74,576,5,51.82,CDD,Licence,Propriétaire,Excellent,Consommation,0
56,83.22,47.06,30,371,8,54.77,Indépendant,Doctorat,Locataire,Bon,Immobilier,1
62,69.41,5.39,18,428,1,33.44,CDI,Licence,Locataire,Excellent,Immobilier,0
63,100.67,7.15,25,657,10,63.04,CDD,Licence,Propriétaire,Bon,Immobilier,0
53,98.86,13.62,77,824,6,6.87,CDI,Master,Propriétaire,Bon,Consommation,0
57,31.3,12.53,65,519,10,14.51,CDI,Doctorat,Locataire,Acceptable,Immobilier,0
54,146.89,13.15,78,305,4,54.63,CDD,Bac,Locataire,Acceptable,Immobilier,1
50,40.24,35.24,26,527,6,6.18,CDD,Master,Propriétaire,Mauvais,Immobilier,0
53,75.11,25.68,66,316,0,88.09,Indépendant,Licence,Locataire,Bon,Consommation,1
20,80.9,49.63,84,311,10,14.21,CDD,Licence,Propriétaire,Excellent,Automobile,1
26,124.76,15.21,31,798,10,67.39,Indépendant,Licence,Locataire,Bon,Immobilier,0
25,28.4,18.99,59,801,9,39.12,CDI,Licence,Propriétaire,Excellent,Consommation,0
50,72.87,49.29,47,369,8,39.98,CDD,Bac,Propriétaire,Excellent,Consommation,1
76,99.85,42.43,16,407,0,76.49,CDD,Licence,Locataire,Bon,Automobile,0
23,44.05,26.14,42,500,4,49.95,CDI,Licence,Locataire,Bon,Immobilier,0
58,99.71,29.96,16,351,7,72.57,CDI,Bac,Propriétaire,Excellent,Automobile,1
56,139.69,42.94,32,848,0,50.52,CDD,Licence,Propriétaire,Bon,Professionnel,1
21,149.66,26.64,39,558,6,59.29,CDI,Doctorat,Propriétaire,Bon,Immobilier,0
30,19.38,14.27,43,781,1,76.07,CDI,Master,Propriétaire,Bon,Immobilier,1
66,46.8,42.28,66,563,6,60.73,CDD,Licence,Propriétaire,Acceptable,Immobilier,1
77,56.89,29.2,58,602,6,61.56,Retraité,Master,Locataire,Excellent,Automobile,0
19,68.88,11.89,70,424,8,78.92,Chômeur,Licence,Propriétaire,Bon,Consommation,1
77,47.7,27.75,8,569,5,94.91,CDI,Bac,Locataire,Excellent,Immobilier,1
22,42.47,23.59,72,779,3,37.67,CDD,Licence,Locataire,Excellent,Immobilier,1
61,143.86,44.46,33,431,6,57.71,CDI,Bac,Propriétaire,Acceptable,Professionnel,1
44,139.0,10.67,19,301,6,8.63,CDI,Master,Locataire,Bon,Consommation,1
49,21.34,44.38,57,414,3,35.88,Indépendant,Doctorat,Autre,Acceptable,Professionnel,1
38,60.74,28.05,35,780,1,41.2,CDI,Licence,Propriétaire,Bon,Consommation,0
25,69.7,23.2,63,300,10,83.52,CDI,Licence,Locataire,Bon,Automobile,0
55,47.27,12.29,59,630,8,51.34,Chômeur,Licence,Locataire,Mauvais,Immobilier,1
25,99.9,36.54,74,690,7,73.11,Indépendant,Bac,Locataire,Acceptable,Automobile,1
67,101.45,46.71,20,442,4,1.9,Indépendant,Master,Propriétaire,Excellent,Automobile,0
20,129.82,21.89,43,627,4,46.45,Chômeur,Licence,Locataire,Acceptable,Automobile,1
71,115.02,15.87,83,676,0,90.13,Indépendant,Bac,Propriétaire,Bon,Automobile,0
61,88.25,29.97,19,389,10,22.43,CDI,Master,Locataire,Bon,Professionnel,0
78,103.23,40.83,62,341,8,3.15,CDD,Bac,Locataire,Acceptable,Immobilier,1
75,51.99,5.17,64,334,10,43.34,CDI,Doctorat,Locataire,Mauvais,Immobilier,0
20,95.06,33.41,13,793,9,70.44,CDI,Licence,Propriétaire,Excellent,Automobile,0
39,81.05,31.84,77,423,10,45.45,Indépendant,Licence,Propriétaire,Acceptable,Consommation,0
23,33.0,19.32,24,356,7,46.0,CDD,Bac,Propriétaire,Excellent,Professionnel,1
19,47.74,25.31,37,755,4,66.98,CDI,Licence,Locataire,Bon,Automobile,1
40,54.38,16.11,34,534,9,25.44,CDI,Master,Propriétaire,Acceptable,Immobilier,1
61,139.78,40.54,46,691,5,75.19,CDI,Licence,Propriétaire,Bon,Automobile,1
19,46.1,33.55,80,791,9,15.31,Chômeur,Master,Propriétaire,Excellent,Professionnel,0
55,54.05,28.97,50,642,10,39.58,CDD,Licence,Locataire,Bon,Automobile,1
34,64.86,22.66,18,475,9,65.6,CDD,Master,Propriétaire,Acceptable,Consommation,0
52,104.61,18.11,32,351,7,82.84,CDD,Doctorat,Autre,Bon,Immobilier,1
51,30.96,42.02,24,849,5,79.15,CDD,Licence,Locataire,Excellent,Immobilier,1
40,143.78,25.31,31,777,9,72.17,Indépendant,Licence,Locataire,Bon,Automobile,0
47,131.85,27.57,58,788,3,35.91,CDD,Master,Propriétaire,Mauvais,Consommation,1
69,92.92,28.44,56,304,2,12.23,Chômeur,Bac,Propriétaire,Acceptable,Professionnel,1
25,106.0,25.18,42,508,6,21.68,Retraité,Master,Propriétaire,Acceptable,Consommation,1
39,17.25,16.52,14,516,1,86.48,Retraité,Licence,Propriétaire,Acceptable,Automobile,1
61,60.76,10.42,57,835,6,85.73,CDD,Master,Locataire,Excellent,Automobile,1
75,122.41,9.43,59,641,0,95.16,Chômeur,Bac,Propriétaire,Bon,Consommation,1
53,25.46,39.09,8,700,9,7.6,CDI,Master,Propriétaire,Bon,Immobilier,0
22,53.11,15.06,74,761,4,53.68,Chômeur,Licence,Locataire,Excellent,Professionnel,1
30,94.02,7.51,13,510,8,64.87,Chômeur,Master,Propriétaire,Excellent,Automobile,1
46,49.62,40.89,19,325,0,71.07,Chômeur,Licence,Propriétaire,Acceptable,Professionnel,1
48,141.09,11.93,8,551,7,64.39,Indépendant,Bac,Propriétaire,Excellent,Consommation,0
64,32.69,33.13,29,302,8,77.0,CDI,Doctorat,Locataire,Bon,Immobilier,1
74,122.65,20.24,18,301,8,35.95,CDI,Master,Locataire,Bon,Immobilier,0
72,83.57,10.69,48,301,7,17.94,CDI,Doctorat,Locataire,Excellent,Automobile,1
33,116.29,23.65,34,449,3,20.46,Indépendant,Licence,Propriétaire,Bon,Immobilier,1
59,56.95,5.67,77,303,6,1.2,CDI,Licence,Propriétaire,Acceptable,Automobile,0
79,84.46,42.85,56,796,0,35.03,CDD,Licence,Locataire,Excellent,Automobile,1
47,130.67,28.11,47,849,6,9.17,CDD,Licence,Locataire,Excellent,Automobile,0
74,78.03,11.26,36,767,5,32.15,CDD,Bac,Locataire,Acceptable,Immobilier,1
72,63.56,15.66,68,369,4,62.82,Chômeur,Bac,Locataire,Bon,Professionnel,1
33,87.38,25.16,31,500,0,89.45,CDD,Master,Propriétaire,Acceptable,Automobile,1
29,111.84,13.5,23,607,7,83.96,Indépendant,Licence,Locataire,Excellent,Consommation,1
34,74.88,17.09,62,551,9,25.27,CDD,Doctorat,Locataire,Acceptable,Immobilier,1
33,141.75,29.05,12,586,0,13.41,Indépendant,Bac,Locataire,Bon,Consommation,1
29,54.82,42.47,53,591,0,19.31,CDI,Doctorat,Locataire,Bon,Immobilier,1
25,79.19,23.08,65,453,2,97.1,CDI,Licence,Propriétaire,Excellent,Consommation,1
37,117.19,37.26,38,432,7,54.95,Chômeur,Master,Locataire,Excellent,Consommation,1
20,108.03,44.45,8,573,7,18.25,CDD,Licence,Autre,Acceptable,Professionnel,1
33,131.59,14.73,9,808,6,84.07,CDD,Master,Propriétaire,Excellent,Immobilier,0
47,149.57,41.32,9,652,4,39.52,CDD,Licence,Propriétaire,Excellent,Immobilier,0
62,72.63,39.08,47,304,7,89.92,CDI,Licence,Locataire,Bon,Consommation,1
40,30.01,21.06,14,592,1,26.07,CDD,Bac,Propriétaire,Bon,Immobilier,0
45,19.11,49.53,56,659,7,39.32,CDI,Licence,Locataire,Bon,Immobilier,1
68,113.13,16.82,22,513,10,50.49,CDD,Master,Propriétaire,Bon,Automobile,0
57,132.99,16.47,22,705,1,89.26,CDD,Bac,Locataire,Bon,Immobilier,1
71,44.8,39.75,25,735,9,86.88,CDD,Master,Propriétaire,Bon,Immobilier,1
22,36.39,24.56,19,314,4,57.44,CDD,Bac,Propriétaire,Mauvais,Automobile,1
37,23.4,19.89,27,572,10,22.18,Retraité,Master,Locataire,Bon,Immobilier,0
57,126.06,13.04,57,344,3,40.34,CDD,Doctorat,Locataire,Bon,Automobile,0
73,57.04,39.44,32,711,0,97.56,Chômeur,Licence,Propriétaire,Bon,Automobile,1
61,69.23,40.38,48,486,4,60.78,CDD,Bac,Propriétaire,Acceptable,Consommation,0
18,82.87,30.5,8,469,6,78.11,CDD,Licence,Locataire,Excellent,Professionnel,1
74,128.33,48.08,13,700,0,44.99,CDI,Bac,Locataire,Bon,Immobilier,0
47,102.86,19.32,15,545,1,53.2,CDI,Licence,Locataire,Bon,Consommation,0
38,98.03,14.88,34,342,8,42.9,CDD,Bac,Locataire,Bon,Professionnel,1
37,38.72,35.49,45,478,4,70.29,CDI,Licence,Propriétaire,Bon,Consommation,0
23,84.28,39.13,70,756,6,85.15,Indépendant,Bac,Locataire,Acceptable,Professionnel,1
39,111.58,15.12,26,834,1,50.74,CDD,Bac,Locataire,Excellent,Immobilier,0
35,146.39,8.45,29,543,6,48.09,Chômeur,Bac,Locataire,Bon,Consommation,1
25,42.19,41.47,78,316,6,34.03,Retraité,Licence,Locataire,Acceptable,Consommation,1
56,16.29,48.94,65,411,6,17.71,CDI,Licence,Locataire,Bon,Immobilier,1
49,25.17,34.01,31,846,4,93.92,CDI,Bac,Locataire,Excellent,Consommation,1
50,65.74,17.5,14,329,8,31.61,CDD,Licence,Locataire,Bon,Automobile,0
70,125.77,49.85,25,491,1,80.07,CDI,Master,Locataire,Mauvais,Immobilier,1
33,15.96,45.2,61,736,3,71.53,CDI,Bac,Locataire,Excellent,Immobilier,1
29,76.66,28.1,41,478,1,79.09,Indépendant,Master,Locataire,Excellent,Consommation,1
55,59.45,42.14,41,773,7,93.68,Retraité,Licence,Locataire,Bon,Consommation,1
69,22.09,41.71,78,433,10,62.34,Indépendant,Bac,Propriétaire,Bon,Automobile,1
51,75.78,47.07,27,611,0,89.8,CDD,Licence,Propriétaire,Bon,Automobile,0
78,49.39,42.84,6,324,8,16.77,CDI,Licence,Locataire,Acceptable,Immobilier,0
31,62.5,33.97,74,670,4,62.67,CDD,Master,Locataire,Excellent,Automobile,1
53,110.26,32.42,78,824,10,77.23,CDD,Bac,Propriétaire,Acceptable,Consommation,0
50,85.41,26.03,42,618,2,27.16,CDD,Doctorat,Propriétaire,Bon,Consommation,1
40,31.83,33.19,77,529,10,74.08,CDI,Licence,Propriétaire,Mauvais,Consommation,1
67,144.79,40.78,18,401,3,77.85,Chômeur,Licence,Propriétaire,Mauvais,Professionnel,1
62,100.85,48.61,48,749,0,83.12,Indépendant,Bac,Propriétaire,Bon,Consommation,1
19,118.39,26.03,42,677,2,31.29,CDD,Bac,Locataire,Bon,Immobilier,0
58,25.69,30.81,79,502,10,68.16,Chômeur,Licence,Locataire,Acceptable,Automobile,1
38,21.35,25.02,30,566,7,30.43,CDI,Licence,Locataire,Bon,Immobilier,0
19,17.63,35.08,26,761,1,73.9,CDI,Master,Propriétaire,Excellent,Automobile,1
44,40.49,33.35,46,664,1,46.3,Indépendant,Master,Locataire,Mauvais,Consommation,1
74,70.95,5.8,78,403,8,59.75,Retraité,Bac,Locataire,Bon,Immobilier,1
26,141.34,29.35,47,410,4,41.58,CDD,Licence,Propriétaire,Excellent,Consommation,1
18,76.7,8.98,47,727,4,16.2,CDI,Bac,Propriétaire,Acceptable,Automobile,1
28,54.18,6.19,7,768,0,17.8,Indépendant,Licence,Locataire,Bon,Consommation,1
20,90.86,40.6,73,549,5,7.76,CDI,Master,Locataire,Excellent,Immobilier,0
69,30.11,16.64,13,781,7,61.81,CDD,Licence,Locataire,Excellent,Immobilier,0
79,97.28,20.33,66,630,5,84.86,CDI,Master,Propriétaire,Bon,Automobile,1
40,91.74,7.88,19,500,6,2.08,Chômeur,Doctorat,Locataire,Mauvais,Consommation,1
43,121.92,13.08,82,753,3,6.62,CDD,Licence,Propriétaire,Mauvais,Consommation,1
21,148.2,39.45,26,803,1,45.75,Chômeur,Bac,Locataire,Bon,Consommation,1
35,48.87,27.21,29,845,0,73.77,CDI,Licence,Locataire,Acceptable,Immobilier,1
72,83.8,44.63,55,410,5,15.77,CDI,Bac,Propriétaire,Bon,Immobilier,0
23,137.7,22.88,50,843,8,27.17,Chômeur,Licence,Propriétaire,Acceptable,Consommation,1
52,121.0,17.09,69,508,9,23.2,CDI,Master,Propriétaire,Bon,Immobilier,0
39,80.8,20.64,69,332,4,39.91,CDD,Licence,Propriétaire,Bon,Consommation,0
60,142.63,37.07,31,406,1,22.5,CDI,Master,Propriétaire,Bon,Automobile,1
32,22.73,29.98,37,564,0,35.26,Indépendant,Master,Locataire,Excellent,Automobile,1
39,140.68,45.69,62,525,2,72.85,CDI,Master,Locataire,Excellent,Automobile,0
77,21.82,32.1,58,786,3,61.1,CDI,Bac,Locataire,Bon,Professionnel,1
54,88.89,27.19,38,478,6,8.12,CDD,Master,Locataire,Mauvais,Consommation,1
69,135.21,40.36,57,521,8,63.77,CDI,Licence,Locataire,Mauvais,Consommation,1
59,50.47,47.64,23,669,7,47.71,CDI,Bac,Locataire,Acceptable,Automobile,1
29,78.75,21.01,40,466,8,93.46,Indépendant,Doctorat,Propriétaire,Excellent,Immobilier,1
64,58.78,16.24,17,599,6,28.93,CDD,Doctorat,Locataire,Bon,Professionnel,0
66,143.54,32.73,56,680,9,72.62,CDI,Licence,Propriétaire,Bon,Immobilier,0
59,126.19,27.45,15,334,7,73.09,CDD,Master,Propriétaire,Bon,Automobile,0
55,110.72,49.51,57,706,7,22.15,Chômeur,Bac,Locataire,Excellent,Immobilier,1
35,94.33,25.81,39,801,0,90.32,CDI,Licence,Propriétaire,Bon,Automobile,0
62,125.78,8.34,72,613,8,49.12,CDD,Bac,Locataire,Excellent,Immobilier,0
52,67.96,48.98,44,400,1,67.89,Indépendant,Licence,Propriétaire,Acceptable,Consommation,1
47,75.42,42.96,13,514,10,14.59,CDI,Licence,Propriétaire,Acceptable,Professionnel,0
41,113.55,13.02,34,361,6,25.78,CDI,Bac,Locataire,Bon,Automobile,0
59,63.3,45.71,27,668,9,58.61,CDD,Licence,Propriétaire,Bon,Immobilier,0
47,23.63,20.33,75,667,9,31.9,Indépendant,Bac,Propriétaire,Excellent,Consommation,0
31,25.04,21.97,66,393,4,49.97,CDI,Bac,Propriétaire,Bon,Automobile,1
23,30.57,45.79,48,768,3,37.4,Indépendant,Licence,Autre,Bon,Professionnel,1
20,132.41,28.86,54,325,0,64.06,CDD,Licence,Propriétaire,Acceptable,Immobilier,1
33,78.75,11.2,34,734,0,48.71,CDI,Licence,Locataire,Excellent,Immobilier,0
24,111.24,21.61,36,420,2,0.46,CDD,Bac,Locataire,Bon,Consommation,1
69,68.04,37.49,58,349,0,64.97,Retraité,Licence,Locataire,Excellent,Consommation,1
31,49.93,12.84,39,335,7,42.21,CDI,Bac,Locataire,Bon,Automobile,1
26,61.87,31.56,43,709,2,34.17,CDD,Licence,Propriétaire,Excellent,Immobilier,0
32,122.21,36.29,62,588,10,9.41,CDD,Master,Autre,Bon,Immobilier,0
38,99.4,20.47,9,678,9,22.04,CDI,Bac,Locataire,Bon,Immobilier,0
52,141.58,36.22,7,399,1,22.38,CDI,Licence,Propriétaire,Acceptable,Immobilier,0
19,106.76,44.79,17,623,5,93.54,CDI,Bac,Propriétaire,Excellent,Consommation,0
44,91.97,26.25,40,628,3,43.25,CDI,Licence,Locataire,Excellent,Immobilier,0
19,97.38,22.23,75,520,10,4.21,CDI,Licence,Locataire,Acceptable,Automobile,1
52,142.22,16.3,77,409,10,13.88,Indépendant,Master,Locataire,Excellent,Consommation,1
35,121.41,32.19,26,448,3,7.9,Retraité,Licence,Locataire,Excellent,Immobilier,0
31,18.25,44.59,66,705,1,58.89,CDI,Licence,Locataire,Bon,Consommation,0
37,87.11,19.61,40,709,1,18.66,CDI,Licence,Propriétaire,Acceptable,Consommation,0
35,107.93,22.83,53,428,10,49.86,CDI,Bac,Propriétaire,Bon,Immobilier,0
27,116.07,23.3,20,783,5,37.01,CDI,Master,Locataire,Excellent,Consommation,1
42,43.77,30.24,76,407,4,80.39,CDI,Licence,Propriétaire,Bon,Automobile,1
19,132.07,15.28,20,688,8,32.05,CDI,Bac,Propriétaire,Acceptable,Consommation,0
42,144.04,42.0,11,724,3,45.83,Chômeur,Licence,Locataire,Bon,Consommation,1
78,46.96,18.3,73,746,4,72.13,CDI,Licence,Propriétaire,Excellent,Consommation,1
71,134.15,36.74,27,367,0,43.34,CDD,Bac,Propriétaire,Acceptable,Automobile,1
50,28.09,28.09,37,365,1,79.32,CDI,Licence,Locataire,Bon,Immobilier,0
53,22.52,31.37,27,803,2,66.17,CDI,Licence,Locataire,Excellent,Immobilier,0
48,32.45,13.08,32,803,4,41.05,Chômeur,Licence,Propriétaire,Acceptable,Consommation,1
31,22.8,38.08,20,620,4,50.4,CDI,Bac,Locataire,Bon,Professionnel,1
18,129.08,13.49,49,746,3,96.72,Retraité,Doctorat,Locataire,Acceptable,Immobilier,1
63,22.97,10.11,14,509,9,66.16,CDI,Bac,Propriétaire,Excellent,Immobilier,0
33,51.67,29.6,39,669,2,90.5,CDD,Licence,Propriétaire,Bon,Consommation,1
71,29.01,36.92,78,757,8,17.88,Retraité,Master,Propriétaire,Bon,Automobile,1
63,54.88,7.25,20,462,0,48.32,CDI,Bac,Locataire,Bon,Immobilier,0
78,27.23,8.12,67,631,5,90.87,CDI,Bac,Locataire,Bon,Immobilier,1
69,105.18,41.12,50,649,6,32.26,Indépendant,Bac,Locataire,Acceptable,Immobilier,0
20,33.0,41.41,77,767,9,96.77,CDI,Bac,Locataire,Bon,Professionnel,0
52,130.0,16.04,63,725,3,9.71,CDD,Bac,Propriétaire,Acceptable,Professionnel,0
58,125.32,32.69,24,626,9,90.27,CDI,Licence,Propriétaire,Excellent,Immobilier,0
23,16.84,24.94,21,405,2,44.52,CDI,Licence,Propriétaire,Acceptable,Professionnel,1
42,135.92,33.47,80,554,7,7.37,CDI,Licence,Propriétaire,Bon,Immobilier,0
30,18.91,43.83,13,657,8,87.95,Chômeur,Bac,Locataire,Excellent,Consommation,1
70,47.35,8.59,38,743,0,25.19,CDI,Master,Locataire,Excellent,Immobilier,0
51,19.37,40.01,79,412,10,2.23,CDI,Bac,Propriétaire,Excellent,Consommation,0
25,60.34,27.19,23,329,9,13.58,CDD,Licence,Propriétaire,Bon,Automobile,1
38,84.37,30.39,40,823,8,65.91,CDI,Bac,Propriétaire,Bon,Immobilier,0
51,122.55,34.43,48,345,6,97.78,CDI,Bac,Autre,Mauvais,Professionnel,1
21,60.63,46.52,55,470,0,11.15,CDI,Licence,Locataire,Acceptable,Immobilier,1
42,110.24,7.55,8,429,6,46.19,Indépendant,Licence,Locataire,Acceptable,Professionnel,1
32,40.31,6.33,64,652,4,18.06,CDD,Licence,Propriétaire,Bon,Immobilier,1
21,116.33,13.02,33,502,9,74.5,CDI,Licence,Propriétaire,Acceptable,Immobilier,0
62,46.86,49.39,51,525,6,11.81,CDI,Doctorat,Propriétaire,Bon,Consommation,0
77,34.38,37.18,69,379,8,23.98,CDD,Licence,Autre,Bon,Automobile,0
29,40.03,32.66,75,609,7,19.64,Indépendant,Licence,Locataire,Bon,Automobile,0
49,39.58,7.12,52,334,5,55.25,CDI,Bac,Locataire,Excellent,Immobilier,0
49,84.24,44.56,19,460,1,87.32,CDI,Bac,Locataire,Excellent,Automobile,0
45,129.05,41.57,12,734,7,51.11,CDI,Licence,Locataire,Bon,Automobile,0
30,25.75,34.92,79,837,3,5.82,CDD,Licence,Propriétaire,Excellent,Automobile,1
48,110.44,20.26,84,524,7,56.34,Retraité,Licence,Propriétaire,Acceptable,Automobile,0
31,103.34,8.17,36,745,6,79.75,CDI,Bac,Locataire,Mauvais,Automobile,0
37,132.79,31.1,56,616,3,13.22,CDI,Master,Propriétaire,Excellent,Professionnel,0
35,47.96,37.39,34,713,7,7.27,CDI,Doctorat,Propriétaire,Bon,Consommation,0
46,75.76,9.24,20,394,10,18.78,CDI,Licence,Locataire,Acceptable,Immobilier,1
77,139.99,33.52,81,524,10,74.61,CDI,Master,Locataire,Bon,Immobilier,1
80,104.1,17.89,30,365,10,59.17,Chômeur,Master,Locataire,Mauvais,Automobile,1
23,67.48,39.39,66,696,1,54.06,CDI,Doctorat,Propriétaire,Acceptable,Immobilier,0
49,32.74,29.28,46,509,8,24.95,Indépendant,Licence,Propriétaire,Excellent,Automobile,1
46,50.44,10.81,74,773,5,33.22,CDI,Master,Locataire,Excellent,Consommation,0
60,93.46,28.69,9,789,6,96.59,Indépendant,Bac,Locataire,Mauvais,Consommation,1
79,111.95,22.81,62,479,9,24.06,CDD,Licence,Autre,Mauvais,Automobile,1
19,31.8,13.12,36,823,0,90.16,CDI,Master,Locataire,Bon,Automobile,0
77,95.95,42.87,8,758,2,58.05,Chômeur,Master,Locataire,Excellent,Automobile,0
40,89.3,5.5,72,367,9,12.33,CDI,Bac,Propriétaire,Bon,Automobile,0
36,84.38,19.05,55,628,4,46.73,CDD,Master,Propriétaire,Bon,Consommation,1
48,108.17,5.57,22,501,6,94.85,Chômeur,Licence,Propriétaire,Mauvais,Consommation,1
68,128.06,9.32,65,774,0,41.86,CDI,Bac,Locataire,Acceptable,Immobilier,1
22,58.6,18.37,79,817,8,86.34,CDD,Licence,Propriétaire,Bon,Consommation,0
36,135.02,7.44,71,314,4,25.64,Indépendant,Master,Locataire,Bon,Consommation,1
51,36.69,31.85,80,341,2,57.09,Retraité,Doctorat,Locataire,Acceptable,Immobilier,0
27,38.36,8.91,29,842,6,84.39,Indépendant,Master,Propriétaire,Bon,Immobilier,1
42,51.01,36.58,37,588,9,92.07,CDI,Bac,Locataire,Excellent,Consommation,1
19,31.14,7.37,24,832,7,48.58,CDD,Bac,Locataire,Bon,Automobile,0
79,46.09,7.67,71,543,9,63.97,Indépendant,Bac,Locataire,Bon,Consommation,1
28,29.37,18.74,65,473,9,0.3,CDD,Bac,Locataire,Acceptable,Immobilier,1
67,125.94,45.35,71,833,2,25.32,Chômeur,Licence,Propriétaire,Acceptable,Immobilier,0
78,33.76,33.86,20,808,6,27.87,CDI,Licence,Propriétaire,Bon,Immobilier,1
48,115.89,39.66,40,543,6,9.35,CDI,Bac,Propriétaire,Bon,Automobile,1
73,21.47,11.37,74,359,3,27.97,CDD,Master,Locataire,Bon,Automobile,1
32,143.05,42.54,32,403,9,32.11,Retraité,Licence,Locataire,Bon,Consommation,1
26,111.01,5.37,12,602,8,96.88,CDD,Master,Locataire,Acceptable,Consommation,1
40,15.92,14.59,11,376,0,66.86,Retraité,Licence,Propriétaire,Bon,Professionnel,0
36,118.12,32.72,38,317,0,42.6,Chômeur,Licence,Locataire,Mauvais,Immobilier,1
26,84.4,21.89,63,833,4,98.81,Chômeur,Licence,Autre,Acceptable,Immobilier,1
52,120.21,49.29,54,483,2,15.32,Chômeur,Licence,Locataire,Excellent,Immobilier,0
38,85.54,6.37,22,849,9,47.61,Chômeur,Licence,Propriétaire,Excellent,Automobile,0
26,101.54,49.94,47,580,8,64.71,Indépendant,Licence,Locataire,Bon,Immobilier,0
45,121.15,33.06,77,587,4,5.56,CDD,Master,Propriétaire,Bon,Consommation,1
79,69.69,30.14,45,824,6,71.7,CDI,Master,Propriétaire,Bon,Immobilier,0
63,15.37,7.68,51,773,0,9.99,CDI,Licence,Propriétaire,Excellent,Immobilier,0
68,129.74,17.3,76,566,1,14.03,CDI,Bac,Propriétaire,Mauvais,Automobile,1
24,66.42,46.61,75,656,10,15.97,CDI,Master,Locataire,Excellent,Automobile,0
33,81.97,20.94,73,300,3,92.89,CDI,Master,Propriétaire,Acceptable,Consommation,0
33,16.05,34.77,6,326,8,68.32,Chômeur,Licence,Locataire,Excellent,Consommation,1
77,81.43,49.98,84,847,4,65.54,CDD,Master,Propriétaire,Bon,Immobilier,0
50,148.18,16.84,57,459,4,55.55,CDI,Bac,Propriétaire,Bon,Consommation,0
21,52.57,30.92,40,698,8,29.28,Indépendant,Bac,Propriétaire,Bon,Automobile,0
21,68.38,36.34,74,842,7,62.09,CDD,Bac,Propriétaire,Bon,Automobile,1
56,107.77,12.41,10,426,1,41.01,CDI,Bac,Propriétaire,Bon,Immobilier,0
57,125.0,11.69,22,509,6,14.54,Chômeur,Licence,Locataire,Bon,Consommation,1
34,71.35,25.53,58,449,0,68.96,CDI,Bac,Autre,Bon,Immobilier,1
54,56.81,22.36,57,330,9,12.96,CDD,Master,Propriétaire,Acceptable,Immobilier,0
56,141.61,37.14,19,601,10,19.07,CDI,Licence,Propriétaire,Acceptable,Immobilier,0
77,106.41,8.13,34,556,10,81.77,CDD,Licence,Propriétaire,Acceptable,Automobile,1
69,31.07,48.75,13,356,8,66.01,Indépendant,Bac,Locataire,Excellent,Automobile,0
46,24.31,5.64,6,308,2,63.1,CDI,Licence,Locataire,Mauvais,Consommation,1
69,80.28,32.06,34,304,1,41.82,Retraité,Bac,Locataire,Mauvais,Consommation,1
53,44.71,30.32,41,413,3,39.63,CDI,Master,Propriétaire,Acceptable,Professionnel,1
77,49.29,11.06,56,504,3,69.03,CDD,Master,Propriétaire,Bon,Consommation,1
55,133.49,11.79,42,323,2,74.0,Chômeur,Licence,Propriétaire,Bon,Immobilier,0
56,27.09,40.67,74,792,1,51.02,Chômeur,Bac,Locataire,Acceptable,Automobile,0
67,111.57,44.94,58,705,4,96.93,CDI,Master,Propriétaire,Acceptable,Automobile,0
80,51.6,17.74,57,402,3,95.57,CDI,Licence,Locataire,Acceptable,Automobile,1
54,117.64,24.71,17,359,4,41.24,Indépendant,Bac,Locataire,Bon,Automobile,0
69,112.53,20.97,57,385,7,82.06,CDI,Licence,Locataire,Excellent,Consommation,0
80,16.0,8.26,6,671,10,54.33,CDD,Master,Propriétaire,Bon,Immobilier,0
79,83.73,35.29,12,501,1,51.18,Indépendant,Bac,Locataire,Acceptable,Consommation,1
78,33.81,42.13,22,388,8,5.5,CDD,Master,Propriétaire,Excellent,Immobilier,0
52,131.94,18.72,48,736,9,57.4,CDI,Bac,Autre,Bon,Immobilier,1
24,132.66,49.56,76,419,0,90.06,CDD,Bac,Propriétaire,Acceptable,Automobile,1
44,71.48,8.41,22,455,7,78.01,Chômeur,Licence,Propriétaire,Bon,Automobile,1
45,74.99,34.78,64,698,4,78.63,CDD,Bac,Propriétaire,Excellent,Immobilier,1
39,55.94,25.17,8,487,1,15.99,Indépendant,Licence,Locataire,Acceptable,Automobile,1
31,111.74,25.1,34,351,7,35.84,CDI,Bac,Propriétaire,Excellent,Automobile,1
24,63.42,25.59,27,830,4,23.32,CDI,Licence,Propriétaire,Bon,Immobilier,1
54,51.15,16.64,43,779,9,31.59,CDI,Bac,Propriétaire,Acceptable,Consommation,1
78,73.35,37.2,59,529,9,57.95,CDD,Master,Propriétaire,Acceptable,Immobilier,1
39,27.35,37.47,55,780,2,36.48,CDI,Master,Locataire,Acceptable,Consommation,1
22,115.79,17.71,74,429,6,56.07,CDD,Doctorat,Propriétaire,Bon,Immobilier,0
79,16.7,42.59,35,354,3,43.85,Indépendant,Master,Locataire,Bon,Automobile,1
72,102.01,19.26,28,570,10,28.66,Indépendant,Licence,Locataire,Acceptable,Consommation,1
19,39.69,37.63,52,399,10,9.54,CDI,Licence,Locataire,Bon,Consommation,0
79,46.37,10.44,26,368,9,89.18,Indépendant,Master,Propriétaire,Bon,Consommation,0
44,100.81,12.59,25,598,5,1.14,CDD,Bac,Propriétaire,Bon,Immobilier,0
38,149.05,19.21,28,828,9,0.17,CDI,Licence,Locataire,Bon,Immobilier,0
71,119.99,31.72,73,653,7,82.68,CDI,Master,Locataire,Bon,Automobile,0
55,45.49,34.05,26,451,0,99.68,CDD,Bac,Propriétaire,Bon,Automobile,1
32,38.76,22.84,26,629,1,72.71,CDI,Master,Locataire,Bon,Professionnel,0
38,131.94,8.5,6,415,7,1.53,CDI,Licence,Locataire,Mauvais,Immobilier,0
27,74.96,21.81,20,841,6,22.67,CDI,Licence,Propriétaire,Bon,Automobile,1
40,33.5,35.99,22,622,9,97.18,CDI,Master,Locataire,Bon,Automobile,1
75,131.4,35.19,56,528,8,80.86,Retraité,Licence,Propriétaire,Bon,Consommation,1
73,125.17,12.21,68,659,1,56.68,Indépendant,Doctorat,Propriétaire,Bon,Immobilier,1
56,147.83,5.35,19,304,7,23.69,CDD,Doctorat,Propriétaire,Mauvais,Professionnel,1
22,137.82,38.88,64,327,5,1.44,Chômeur,Licence,Propriétaire,Acceptable,Automobile,1
18,129.99,9.79,55,663,0,2.09,CDD,Bac,Propriétaire,Acceptable,Consommation,1
30,22.1,8.71,39,761,3,61.2,Indépendant,Bac,Locataire,Acceptable,Automobile,1
38,29.1,5.12,11,530,1,2.18,CDI,Licence,Locataire,Mauvais,Consommation,1
43,91.81,24.47,54,694,6,99.36,CDD,Master,Locataire,Excellent,Immobilier,1
67,86.75,27.65,11,570,8,18.34,CDI,Bac,Locataire,Bon,Consommation,1
62,76.83,33.69,74,603,5,71.07,CDI,Bac,Propriétaire,Bon,Automobile,1
38,68.57,18.32,12,682,3,15.51,CDI,Bac,Propriétaire,Bon,Automobile,1
70,73.21,36.97,82,327,4,54.01,CDI,Licence,Locataire,Acceptable,Immobilier,1
35,91.86,12.62,56,818,10,8.06,CDI,Master,Locataire,Bon,Consommation,0
54,15.28,42.44,6,498,0,76.68,CDI,Bac,Propriétaire,Bon,Immobilier,0
62,50.2,30.73,18,381,3,58.49,Indépendant,Bac,Autre,Bon,Immobilier,1
49,84.97,31.28,48,387,9,8.62,CDI,Licence,Propriétaire,Bon,Immobilier,1
53,112.5,14.44,32,689,2,84.86,Indépendant,Master,Locataire,Bon,Immobilier,1
34,38.51,8.33,76,750,8,54.7,CDD,Master,Locataire,Acceptable,Consommation,0
52,88.83,25.91,8,732,5,92.16,CDD,Master,Propriétaire,Bon,Immobilier,1
66,111.45,32.7,63,673,3,91.66,CDI,Bac,Propriétaire,Mauvais,Immobilier,1
77,75.02,9.28,22,734,2,92.05,Chômeur,Licence,Autre,Acceptable,Immobilier,1
28,18.66,47.77,50,486,3,7.78,CDI,Doctorat,Propriétaire,Bon,Automobile,0
80,75.65,49.12,83,689,7,12.1,CDD,Doctorat,Propriétaire,Excellent,Automobile,1
38,55.02,29.55,63,517,4,98.77,CDD,Licence,Propriétaire,Acceptable,Automobile,1
69,140.5,47.75,61,407,10,48.76,CDI,Master,Locataire,Acceptable,Automobile,0
72,31.82,13.08,59,849,0,23.82,CDI,Doctorat,Locataire,Bon,Automobile,1
70,103.08,6.14,34,648,4,76.97,CDI,Licence,Locataire,Excellent,Consommation,0
43,22.12,6.77,59,821,7,26.43,Chômeur,Bac,Locataire,Bon,Immobilier,0
79,75.23,31.44,32,325,10,72.72,Indépendant,Licence,Locataire,Bon,Consommation,0
21,89.79,7.77,50,347,3,83.73,Chômeur,Doctorat,Propriétaire,Mauvais,Immobilier,1
51,55.22,48.13,36,669,1,78.43,CDI,Licence,Locataire,Bon,Consommation,1
69,76.44,11.39,41,313,2,27.4,CDI,Master,Propriétaire,Bon,Automobile,1
65,37.08,18.71,66,486,10,40.16,CDI,Licence,Propriétaire,Excellent,Immobilier,0
77,56.06,42.01,42,823,8,41.33,Chômeur,Bac,Locataire,Acceptable,Automobile,1
35,98.85,14.84,72,578,6,49.13,CDI,Bac,Propriétaire,Acceptable,Consommation,1
57,55.74,15.93,41,640,2,16.74,CDI,Doctorat,Locataire,Bon,Automobile,1
52,136.47,33.9,10,627,4,45.25,Chômeur,Licence,Propriétaire,Bon,Automobile,1
58,99.83,17.42,51,324,2,51.08,CDD,Bac,Locataire,Bon,Immobilier,1
46,74.22,14.79,84,828,9,53.17,CDD,Doctorat,Propriétaire,Bon,Professionnel,1
69,20.23,16.44,57,725,3,81.99,CDI,Licence,Propriétaire,Mauvais,Consommation,0
46,82.44,27.08,54,328,7,51.73,CDD,Master,Propriétaire,Bon,Automobile,1
55,118.24,48.47,11,622,2,23.08,Chômeur,Licence,Propriétaire,Excellent,Consommation,0
59,50.85,42.45,15,612,2,66.31,CDD,Bac,Propriétaire,Bon,Immobilier,0
38,123.91,17.81,28,569,10,79.73,CDI,Licence,Locataire,Excellent,Consommation,0
59,48.99,21.35,22,594,10,31.94,CDI,Doctorat,Locataire,Bon,Automobile,0
30,126.21,25.9,49,522,7,64.53,CDI,Bac,Propriétaire,Bon,Automobile,0
66,26.51,49.05,46,374,9,14.69,CDD,Master,Propriétaire,Excellent,Immobilier,0
58,131.93,12.76,20,401,9,34.19,CDI,Bac,Propriétaire,Acceptable,Professionnel,1
34,82.39,21.09,49,831,6,90.92,CDD,Licence,Propriétaire,Bon,Consommation,1
73,55.03,37.82,63,472,6,91.13,CDD,Licence,Locataire,Bon,Consommation,0
26,50.79,48.38,55,303,9,57.53,Indépendant,Master,Propriétaire,Bon,Immobilier,1
58,73.32,12.01,57,778,1,70.24,CDI,Licence,Locataire,Bon,Immobilier,0
18,149.87,15.23,75,694,6,85.4,Indépendant,Licence,Propriétaire,Excellent,Automobile,1
19,44.74,15.16,73,466,9,95.86,CDD,Master,Locataire,Excellent,Consommation,1
77,28.93,5.94,68,599,10,48.99,CDI,Bac,Locataire,Excellent,Professionnel,0
65,93.98,32.19,63,417,9,56.16,Retraité,Bac,Propriétaire,Bon,Immobilier,1
46,80.95,35.18,28,811,2,41.56,CDI,Bac,Locataire,Excellent,Automobile,0
50,85.77,32.11,49,474,6,7.2,CDD,Licence,Locataire,Excellent,Consommation,1
27,105.04,8.21,49,458,3,42.28,CDI,Licence,Locataire,Acceptable,Immobilier,1
67,51.06,8.12,57,683,7,79.06,CDD,Master,Propriétaire,Bon,Automobile,1
75,137.94,14.47,72,526,7,80.49,CDD,Licence,Locataire,Bon,Immobilier,1
77,73.82,18.06,33,337,5,89.24,CDI,Bac,Locataire,Excellent,Consommation,1
57,32.43,40.39,72,762,2,5.15,CDD,Master,Propriétaire,Excellent,Consommation,0
38,115.21,12.17,83,730,5,52.72,CDD,Bac,Propriétaire,Acceptable,Consommation,1
45,101.82,6.98,23,403,5,10.74,Indépendant,Master,Propriétaire,Excellent,Consommation,1
28,57.63,22.73,32,492,2,20.07,CDI,Bac,Propriétaire,Excellent,Immobilier,0
72,98.91,23.74,56,549,10,90.02,CDI,Bac,Autre,Bon,Consommation,0
51,44.68,25.29,65,312,3,49.68,CDD,Licence,Propriétaire,Excellent,Consommation,1
25,75.05,42.21,79,687,1,75.85,CDI,Bac,Locataire,Bon,Automobile,1
76,136.42,9.41,54,370,0,6.44,CDD,Bac,Propriétaire,Bon,Automobile,0
39,33.03,36.68,20,737,1,41.68,CDI,Licence,Propriétaire,Bon,Professionnel,0
25,67.2,20.21,78,343,6,67.42,CDI,Bac,Autre,Excellent,Consommation,1
66,125.85,18.95,73,571,9,13.34,Indépendant,Bac,Propriétaire,Mauvais,Consommation,0
32,145.88,46.96,20,313,4,32.58,Indépendant,Bac,Locataire,Bon,Professionnel,1
34,76.28,16.18,56,670,8,6.45,CDD,Licence,Locataire,Bon,Automobile,0
77,83.44,33.91,53,411,2,65.13,Chômeur,Licence,Locataire,Acceptable,Consommation,1
40,92.24,17.38,77,678,1,97.09,Indépendant,Bac,Locataire,Acceptable,Automobile,1
41,140.87,27.82,6,613,3,82.7,CDD,Licence,Locataire,Bon,Immobilier,0
62,130.86,40.38,12,714,1,97.46,Retraité,Master,Locataire,Acceptable,Automobile,0
36,38.03,44.68,58,784,10,84.56,CDD,Licence,Propriétaire,Bon,Automobile,0
22,73.96,42.74,36,468,6,85.52,CDD,Licence,Locataire,Bon,Immobilier,1
49,77.64,31.2,23,545,9,57.72,CDI,Bac,Autre,Acceptable,Professionnel,0
61,121.53,16.2,17,565,5,51.83,Chômeur,Licence,Locataire,Acceptable,Immobilier,1
18,96.39,34.76,53,542,7,40.63,CDI,Master,Propriétaire,Excellent,Professionnel,0
40,103.32,36.95,35,599,4,81.81,CDI,Licence,Locataire,Bon,Immobilier,1
54,149.76,5.48,12,626,1,18.21,CDI,Bac,Locataire,Acceptable,Automobile,1
25,25.12,24.76,8,829,3,5.62,CDI,Bac,Propriétaire,Excellent,Automobile,0
30,45.11,42.95,68,641,0,94.79,CDI,Master,Locataire,Mauvais,Consommation,1
25,70.07,27.03,11,548,1,0.38,Indépendant,Master,Locataire,Bon,Immobilier,0
74,61.95,19.01,20,679,3,97.68,CDD,Licence,Locataire,Bon,Professionnel,1
40,17.92,44.23,76,831,5,72.89,CDI,Bac,Propriétaire,Excellent,Consommation,1
60,27.39,12.01,48,680,3,32.85,Indépendant,Master,Propriétaire,Bon,Consommation,0
18,106.93,14.29,23,341,3,69.78,CDD,Bac,Locataire,Excellent,Immobilier,1
62,133.71,35.93,27,644,10,81.79,CDD,Licence,Locataire,Bon,Automobile,0
68,84.42,20.86,66,560,9,24.54,CDI,Master,Propriétaire,Bon,Professionnel,1
41,87.79,37.09,66,605,9,77.09,Chômeur,Licence,Propriétaire,Acceptable,Immobilier,1
52,49.44,12.1,58,539,1,80.44,CDI,Bac,Propriétaire,Bon,Immobilier,0
41,118.66,16.35,31,612,8,24.94,CDI,Bac,Propriétaire,Excellent,Automobile,0
34,116.49,12.05,45,740,9,4.19,CDI,Master,Autre,Excellent,Professionnel,0
22,94.43,47.88,13,432,7,20.41,Indépendant,Licence,Locataire,Bon,Automobile,1
37,43.71,23.24,26,350,7,20.06,CDD,Master,Locataire,Bon,Automobile,1
38,28.1,20.17,48,691,4,6.52,CDI,Licence,Locataire,Mauvais,Consommation,1
57,23.67,5.64,26,822,2,72.6,CDI,Master,Locataire,Acceptable,Professionnel,1
75,95.01,11.9,8,807,5,38.0,CDD,Master,Propriétaire,Acceptable,Immobilier,1
48,126.38,23.95,36,653,8,88.44,CDD,Licence,Locataire,Excellent,Immobilier,0
63,130.87,8.08,32,694,7,25.22,CDI,Licence,Propriétaire,Acceptable,Immobilier,0
53,77.59,27.98,32,395,6,45.32,Indépendant,Licence,Locataire,Excellent,Immobilier,1
28,120.88,25.48,78,405,10,63.9,Retraité,Licence,Propriétaire,Bon,Immobilier,0
69,142.83,39.52,62,812,7,87.75,CDI,Licence,Propriétaire,Bon,Immobilier,0
32,52.15,34.69,38,541,3,52.46,CDD,Master,Propriétaire,Bon,Automobile,0
36,68.72,25.07,49,787,5,37.35,CDI,Bac,Locataire,Excellent,Immobilier,0
24,140.75,15.11,48,814,4,86.7,Indépendant,Licence,Propriétaire,Bon,Automobile,0
68,60.66,37.71,36,360,1,31.02,CDI,Licence,Propriétaire,Excellent,Professionnel,1
45,138.37,36.85,70,715,7,7.94,CDI,Bac,Locataire,Excellent,Immobilier,1
68,147.44,11.9,81,593,2,44.5,Indépendant,Licence,Locataire,Acceptable,Automobile,1
60,104.34,46.16,22,601,4,78.51,Indépendant,Doctorat,Propriétaire,Mauvais,Immobilier,1
75,125.28,7.9,20,469,7,3.08,CDI,Licence,Propriétaire,Acceptable,Automobile,0
22,116.19,7.48,39,340,10,58.59,CDI,Master,Propriétaire,Bon,Consommation,1
22,109.44,13.43,9,530,8,59.45,CDI,Master,Locataire,Excellent,Consommation,1
47,56.44,45.93,77,708,8,92.85,CDD,Master,Locataire,Excellent,Automobile,1
71,22.71,28.4,84,596,4,28.65,Indépendant,Licence,Propriétaire,Excellent,Consommation,1
49,61.31,40.46,33,754,1,27.88,CDD,Bac,Locataire,Mauvais,Consommation,1
25,105.04,15.25,78,356,6,44.05,CDD,Licence,Propriétaire,Bon,Immobilier,0
27,28.84,27.06,7,539,10,35.69,Indépendant,Bac,Propriétaire,Acceptable,Immobilier,0
55,16.61,21.12,22,475,10,73.63,CDD,Doctorat,Autre,Acceptable,Consommation,1
64,33.86,42.25,63,362,6,64.18,CDD,Bac,Propriétaire,Bon,Professionnel,1
49,111.62,6.02,79,850,7,75.89,CDD,Bac,Locataire,Mauvais,Automobile,1
65,146.33,15.97,14,437,7,82.0,Chômeur,Licence,Locataire,Excellent,Immobilier,1
45,147.71,11.87,36,753,4,92.3,CDI,Licence,Propriétaire,Bon,Consommation,0
34,81.69,43.66,71,748,0,43.09,CDI,Bac,Propriétaire,Acceptable,Immobilier,0
48,132.36,26.04,67,525,10,98.47,CDI,Bac,Locataire,Bon,Consommation,1
25,114.47,23.19,24,742,3,21.57,Indépendant,Master,Locataire,Excellent,Immobilier,0
57,82.64,25.23,79,505,3,71.44,CDI,Licence,Propriétaire,Excellent,Immobilier,0
42,92.32,48.74,60,326,10,53.4,CDI,Bac,Propriétaire,Acceptable,Automobile,0
26,33.53,43.26,33,756,2,81.69,Retraité,Licence,Propriétaire,Excellent,Consommation,0
19,141.58,36.79,55,406,7,47.68,Chômeur,Bac,Locataire,Mauvais,Immobilier,1
32,62.51,18.07,70,743,2,78.39,Retraité,Bac,Propriétaire,Excellent,Consommation,0
67,75.23,12.43,8,335,4,93.02,CDI,Doctorat,Propriétaire,Bon,Immobilier,1
20,105.67,46.46,84,454,1,73.23,Chômeur,Licence,Autre,Bon,Automobile,1
66,60.08,24.04,57,468,5,77.61,CDI,Bac,Propriétaire,Bon,Immobilier,1
53,49.32,17.54,15,571,5,6.72,CDI,Doctorat,Propriétaire,Bon,Consommation,0
79,100.19,26.19,26,846,7,20.5,CDI,Master,Locataire,Acceptable,Consommation,0
21,18.37,46.3,42,719,7,97.43,CDD,Bac,Locataire,Acceptable,Immobilier,1
31,112.3,22.42,20,483,0,69.32,CDI,Licence,Propriétaire,Acceptable,Immobilier,0
58,84.39,30.32,83,536,4,56.14,CDD,Master,Propriétaire,Excellent,Consommation,1
58,96.78,41.13,84,808,1,36.7,Indépendant,Licence,Propriétaire,Excellent,Automobile,0
42,100.3,24.22,79,740,9,4.44,CDI,Licence,Propriétaire,Excellent,Automobile,0
75,86.15,15.51,14,421,4,36.91,CDI,Licence,Locataire,Excellent,Immobilier,0
72,93.64,49.75,49,716,9,49.89,CDI,Licence,Locataire,Acceptable,Professionnel,0
79,107.31,48.05,44,834,8,21.15,Chômeur,Licence,Locataire,Bon,Professionnel,1
80,116.67,42.96,10,674,3,17.31,CDI,Licence,Locataire,Acceptable,Immobilier,0
67,113.21,35.98,30,625,7,50.84,CDI,Bac,Locataire,Excellent,Automobile,0
27,132.4,18.27,61,779,0,58.59,CDI,Master,Locataire,Bon,Consommation,1
38,40.57,46.1,69,449,7,23.99,Chômeur,Bac,Locataire,Acceptable,Automobile,1
53,69.15,17.4,77,789,5,58.74,CDI,Licence,Propriétaire,Mauvais,Automobile,0
29,142.95,41.04,57,452,7,90.03,CDI,Licence,Locataire,Mauvais,Automobile,0
44,68.54,46.32,81,316,5,47.32,CDI,Master,Propriétaire,Acceptable,Immobilier,1
57,31.86,32.14,14,850,10,85.74,Chômeur,Licence,Propriétaire,Acceptable,Consommation,0
19,85.94,41.14,15,647,2,92.73,CDI,Master,Locataire,Mauvais,Automobile,0
71,29.78,40.63,15,758,10,9.24,CDD,Bac,Propriétaire,Acceptable,Automobile,0
30,42.39,13.69,78,501,7,9.58,CDI,Licence,Locataire,Mauvais,Immobilier,0
70,149.77,35.06,67,722,4,47.6,Retraité,Master,Locataire,Excellent,Consommation,0
49,88.08,9.21,65,579,9,58.81,CDD,Master,Locataire,Mauvais,Consommation,1
48,53.35,27.85,24,721,4,42.59,CDD,Licence,Locataire,Bon,Automobile,1
33,149.29,12.3,43,764,6,32.65,CDI,Licence,Propriétaire,Excellent,Professionnel,0
49,145.49,23.74,11,654,5,64.1,CDI,Bac,Propriétaire,Excellent,Immobilier,1
49,74.5,42.48,20,677,8,0.21,CDI,Licence,Locataire,Acceptable,Consommation,1
77,50.15,49.42,52,423,6,96.81,CDD,Licence,Propriétaire,Bon,Automobile,1
51,128.18,19.31,50,379,2,23.21,Retraité,Bac,Locataire,Mauvais,Immobilier,1
28,111.61,28.94,10,532,10,91.71,CDI,Doctorat,Propriétaire,Excellent,Immobilier,0
27,107.74,28.01,83,779,10,10.9,Chômeur,Master,Propriétaire,Bon,Immobilier,0
32,135.57,47.95,58,453,4,23.81,CDI,Bac,Propriétaire,Bon,Consommation,0
34,108.07,26.54,71,708,8,23.49,Chômeur,Licence,Locataire,Bon,Consommation,1
57,53.31,36.46,67,330,10,99.62,CDI,Master,Propriétaire,Bon,Automobile,1
35,108.67,46.48,28,802,9,0.46,CDI,Bac,Propriétaire,Acceptable,Immobilier,1
72,56.28,21.8,49,670,1,63.96,CDD,Licence,Propriétaire,Excellent,Professionnel,1
26,117.5,45.6,57,622,0,86.97,Indépendant,Licence,Propriétaire,Excellent,Immobilier,0
42,98.67,46.29,51,631,10,67.23,Indépendant,Bac,Propriétaire,Excellent,Automobile,0
57,25.45,46.88,24,542,7,36.27,CDD,Licence,Propriétaire,Acceptable,Consommation,1
76,84.23,17.17,52,729,7,95.83,CDD,Doctorat,Locataire,Bon,Immobilier,0
31,61.35,23.02,57,481,1,89.35,CDI,Licence,Propriétaire,Bon,Consommation,0
77,59.36,44.17,29,772,7,43.4,CDI,Licence,Propriétaire,Bon,Immobilier,1
75,96.3,21.16,22,675,4,57.33,CDI,Licence,Autre,Acceptable,Immobilier,1
42,58.51,32.01,51,380,1,96.75,CDD,Master,Propriétaire,Excellent,Consommation,1
67,119.88,10.31,69,849,6,98.26,CDD,Master,Locataire,Excellent,Immobilier,1
39,24.56,7.53,33,719,6,44.98,Indépendant,Bac,Propriétaire,Acceptable,Automobile,1
69,104.15,23.54,55,766,2,84.74,Indépendant,Master,Propriétaire,Mauvais,Immobilier,0
47,124.24,31.05,69,727,0,30.2,CDI,Bac,Propriétaire,Bon,Automobile,0
37,105.83,22.67,33,356,10,37.18,Indépendant,Bac,Locataire,Bon,Immobilier,1
38,82.13,31.0,61,621,3,16.48,CDI,Licence,Locataire,Bon,Consommation,1
61,143.29,28.18,64,841,1,20.92,Indépendant,Licence,Propriétaire,Mauvais,Immobilier,0
49,55.49,35.86,10,794,3,65.69,CDI,Licence,Locataire,Bon,Consommation,0
68,17.59,34.23,59,565,7,51.08,Indépendant,Licence,Propriétaire,Bon,Consommation,1
63,73.32,24.09,49,526,1,23.11,CDD,Bac,Propriétaire,Bon,Automobile,1
66,19.46,24.12,47,353,0,40.29,CDI,Bac,Locataire,Mauvais,Consommation,1
73,143.78,11.34,77,303,10,37.32,CDD,Licence,Locataire,Acceptable,Immobilier,1
38,43.34,28.1,62,738,2,98.74,CDI,Bac,Propriétaire,Acceptable,Immobilier,1
52,121.51,31.42,52,609,9,85.36,CDI,Bac,Propriétaire,Excellent,Immobilier,0
75,119.57,26.44,81,388,6,38.8,CDD,Bac,Locataire,Bon,Automobile,0
49,44.39,19.66,30,619,5,91.39,Indépendant,Master,Autre,Bon,Professionnel,1
47,98.87,37.47,49,674,5,34.26,CDI,Master,Propriétaire,Excellent,Immobilier,1
72,21.49,8.36,20,800,6,66.79,CDI,Bac,Locataire,Acceptable,Consommation,0
56,80.28,46.15,56,533,7,96.66,CDD,Bac,Propriétaire,Bon,Consommation,1
66,16.98,5.93,58,636,2,39.03,CDD,Licence,Locataire,Bon,Immobilier,1
29,139.35,48.31,39,484,2,67.99,CDI,Doctorat,Locataire,Mauvais,Professionnel,1
58,146.77,25.81,82,737,9,29.59,Chômeur,Bac,Locataire,Excellent,Professionnel,1
64,45.01,23.57,13,479,7,26.63,CDD,Master,Locataire,Acceptable,Professionnel,1
35,43.09,16.54,82,375,6,57.42,CDI,Licence,Propriétaire,Acceptable,Automobile,1
38,116.75,5.45,75,571,9,97.93,CDI,Doctorat,Propriétaire,Mauvais,Immobilier,1
30,49.21,17.37,26,354,4,45.31,CDD,Bac,Locataire,Acceptable,Automobile,1
79,135.84,9.92,12,376,3,93.76,CDD,Doctorat,Propriétaire,Acceptable,Automobile,1
38,92.48,34.69,84,595,5,91.44,CDI,Licence,Propriétaire,Bon,Automobile,0
79,62.35,19.36,61,518,8,25.38,Retraité,Doctorat,Autre,Bon,Consommation,1
25,127.41,39.52,54,576,5,40.18,CDI,Licence,Propriétaire,Mauvais,Consommation,0
63,81.61,14.31,47,565,7,64.33,CDD,Licence,Propriétaire,Excellent,Immobilier,1
57,138.07,45.51,28,342,0,51.8,CDI,Master,Propriétaire,Acceptable,Automobile,0
63,140.28,28.53,57,660,5,9.6,Chômeur,Master,Locataire,Bon,Professionnel,0
24,37.33,10.15,84,527,1,99.37,Indépendant,Licence,Propriétaire,Excellent,Immobilier,1
40,15.31,23.04,58,526,2,75.27,CDI,Licence,Propriétaire,Excellent,Immobilier,1
61,147.83,14.3,21,362,5,43.77,Chômeur,Master,Locataire,Excellent,Immobilier,1
49,137.33,13.99,42,470,1,61.82,CDI,Master,Locataire,Mauvais,Immobilier,1
28,22.49,27.79,23,606,3,8.76,CDD,Bac,Locataire,Acceptable,Automobile,1
39,127.46,35.24,25,333,5,49.53,Indépendant,Licence,Locataire,Bon,Immobilier,0
39,76.8,46.02,51,429,4,93.08,Indépendant,Master,Propriétaire,Acceptable,Immobilier,0
60,49.96,27.6,7,693,5,89.66,Chômeur,Licence,Locataire,Bon,Automobile,0
42,133.63,48.46,68,450,5,33.74,Chômeur,Master,Propriétaire,Acceptable,Immobilier,1
39,41.55,47.37,8,683,7,53.14,Retraité,Master,Propriétaire,Acceptable,Immobilier,0
45,142.89,43.93,51,316,8,69.74,CDI,Master,Propriétaire,Excellent,Consommation,0
46,42.76,27.5,54,313,4,34.0,CDI,Master,Propriétaire,Bon,Automobile,0
30,97.85,11.34,6,380,5,6.49,CDD,Doctorat,Propriétaire,Bon,Immobilier,1
35,45.12,14.81,27,506,5,50.54,Indépendant,Master,Propriétaire,Mauvais,Consommation,1
19,88.67,34.15,19,503,5,60.16,CDD,Master,Locataire,Acceptable,Immobilier,1
46,107.34,23.98,50,678,1,0.58,CDI,Bac,Propriétaire,Acceptable,Immobilier,1
38,40.68,11.61,11,843,3,9.56,Indépendant,Bac,Locataire,Acceptable,Consommation,1
32,85.32,26.55,70,322,0,20.73,Retraité,Licence,Locataire,Bon,Immobilier,1
69,78.32,5.78,26,461,0,34.81,CDI,Master,Locataire,Acceptable,Consommation,1
44,24.59,38.03,9,443,0,54.11,CDI,Licence,Propriétaire,Bon,Consommation,0
67,125.47,8.31,8,403,6,29.38,CDI,Bac,Locataire,Bon,Immobilier,1
48,60.32,33.31,35,681,0,27.62,CDI,Licence,Locataire,Acceptable,Immobilier,0
32,92.57,40.69,36,754,5,86.93,CDD,Master,Autre,Excellent,Immobilier,0
68,84.5,10.97,39,716,1,14.51,Chômeur,Master,Propriétaire,Bon,Immobilier,1
40,84.29,28.34,25,623,5,49.55,CDI,Master,Propriétaire,Bon,Consommation,0
41,29.48,40.06,59,470,5,95.28,CDD,Licence,Propriétaire,Bon,Automobile,1
61,72.17,16.73,30,573,10,62.5,CDD,Licence,Propriétaire,Mauvais,Immobilier,1
30,76.07,12.33,20,751,2,71.72,CDI,Licence,Locataire,Mauvais,Automobile,1
39,114.04,20.16,43,424,7,43.12,CDD,Licence,Locataire,Bon,Immobilier,0
60,128.4,29.96,28,682,10,1.99,Indépendant,Licence,Propriétaire,Bon,Immobilier,1
54,88.57,30.89,57,616,3,64.61,Indépendant,Licence,Propriétaire,Acceptable,Immobilier,1
78,26.72,10.89,71,406,6,63.19,CDD,Bac,Propriétaire,Bon,Consommation,0
50,46.97,25.59,62,762,3,11.04,Indépendant,Licence,Propriétaire,Excellent,Immobilier,0
73,37.27,17.07,62,729,0,46.22,CDI,Bac,Locataire,Acceptable,Automobile,1
20,31.82,42.89,84,636,5,91.53,CDI,Bac,Locataire,Acceptable,Immobilier,1
80,64.4,19.11,57,795,4,20.51,CDI,Licence,Propriétaire,Excellent,Automobile,0
71,45.97,42.74,40,661,8,46.11,CDI,Bac,Propriétaire,Acceptable,Immobilier,1
36,44.47,24.29,79,731,8,46.11,CDI,Licence,Locataire,Bon,Immobilier,1
40,22.38,37.7,19,819,10,81.08,CDI,Bac,Propriétaire,Excellent,Automobile,1
46,17.39,27.95,19,705,7,82.46,CDD,Licence,Locataire,Acceptable,Automobile,0
47,28.87,32.99,38,676,6,75.93,CDD,Doctorat,Locataire,Excellent,Immobilier,1
56,38.25,22.79,57,451,1,36.55,CDI,Licence,Locataire,Bon,Consommation,1
61,73.18,39.57,6,621,7,7.2,CDI,Licence,Propriétaire,Acceptable,Automobile,0
64,83.92,24.13,39,513,2,34.95,CDD,Master,Propriétaire,Mauvais,Consommation,1
42,33.98,25.59,24,364,5,67.98,CDI,Licence,Locataire,Bon,Automobile,1
54,72.35,28.3,29,569,9,70.27,CDI,Bac,Propriétaire,Mauvais,Consommation,1
64,61.14,42.43,9,836,6,96.5,Indépendant,Bac,Propriétaire,Excellent,Automobile,0
25,39.76,34.67,41,399,5,45.36,CDI,Licence,Locataire,Excellent,Immobilier,0
59,15.92,20.71,82,404,4,63.24,CDI,Licence,Locataire,Excellent,Consommation,1
75,78.05,35.16,63,430,3,53.92,CDI,Bac,Propriétaire,Excellent,Consommation,0
33,107.56,33.91,37,688,1,15.06,CDI,Master,Propriétaire,Bon,Professionnel,0
25,45.55,46.9,14,620,8,46.12,Retraité,Bac,Locataire,Mauvais,Immobilier,1
18,32.79,42.86,72,737,6,54.48,CDI,Master,Propriétaire,Excellent,Automobile,1
61,134.75,34.14,25,318,6,95.07,CDD,Master,Propriétaire,Bon,Automobile,1
22,52.13,20.37,79,524,3,36.65,Indépendant,Doctorat,Locataire,Acceptable,Consommation,0
20,45.19,40.08,67,759,4,98.01,CDI,Master,Propriétaire,Bon,Professionnel,0
18,130.71,30.88,63,693,5,54.23,CDI,Bac,Propriétaire,Acceptable,Automobile,1
21,125.31,49.34,27,525,10,24.25,Indépendant,Master,Propriétaire,Bon,Consommation,0
57,75.53,16.14,72,659,1,19.17,Chômeur,Bac,Propriétaire,Excellent,Immobilier,0
52,81.05,8.58,80,729,3,14.17,CDI,Master,Locataire,Acceptable,Immobilier,0
49,44.4,8.15,53,314,3,45.29,CDI,Licence,Locataire,Excellent,Immobilier,1
59,25.57,33.8,13,845,3,2.19,Indépendant,Licence,Locataire,Bon,Immobilier,0
51,92.41,47.27,78,713,6,44.5,CDI,Master,Locataire,Bon,Immobilier,1
60,28.28,5.09,20,654,6,98.84,CDI,Bac,Locataire,Bon,Immobilier,0
42,75.65,37.66,37,756,6,67.01,CDI,Bac,Propriétaire,Acceptable,Automobile,0
27,141.97,34.57,58,830,6,75.98,CDI,Licence,Propriétaire,Bon,Automobile,0
38,143.63,37.95,72,495,1,11.9,CDI,Master,Locataire,Bon,Consommation,1
63,47.31,20.99,9,414,4,47.31,CDD,Licence,Propriétaire,Bon,Automobile,1
56,99.26,41.92,35,716,9,28.62,Indépendant,Licence,Propriétaire,Bon,Automobile,0
44,79.0,7.01,18,651,1,89.41,CDD,Master,Propriétaire,Mauvais,Immobilier,1
44,133.22,38.99,26,374,4,18.13,CDI,Bac,Locataire,Mauvais,Consommation,1
19,51.64,17.02,46,335,5,45.87,CDI,Licence,Propriétaire,Bon,Immobilier,0
58,15.5,26.46,24,541,2,58.8,Indépendant,Master,Locataire,Excellent,Professionnel,1
65,36.95,42.02,53,362,5,51.4,CDI,Licence,Propriétaire,Bon,Automobile,1
30,62.19,17.21,68,808,4,83.02,CDI,Licence,Locataire,Excellent,Immobilier,0
26,57.62,13.33,25,487,3,23.15,CDI,Bac,Propriétaire,Bon,Automobile,0
69,121.83,35.66,69,392,9,37.74,CDI,Bac,Locataire,Excellent,Immobilier,1
53,106.88,29.0,42,304,8,79.21,Chômeur,Bac,Propriétaire,Acceptable,Immobilier,1
39,55.44,28.15,36,737,10,52.81,CDD,Licence,Propriétaire,Excellent,Immobilier,1
59,76.8,16.55,79,465,7,40.21,CDI,Bac,Locataire,Mauvais,Automobile,1
43,27.9,6.57,23,745,6,2.94,Indépendant,Licence,Propriétaire,Excellent,Immobilier,0
75,136.25,23.46,25,324,10,75.34,CDI,Bac,Propriétaire,Acceptable,Consommation,1
71,141.28,9.8,16,807,0,97.22,CDI,Master,Locataire,Mauvais,Consommation,0
29,147.27,45.77,49,397,8,62.03,CDI,Master,Propriétaire,Excellent,Automobile,0
34,132.25,6.86,69,567,8,85.65,CDD,Licence,Locataire,Mauvais,Immobilier,1
31,38.48,24.42,39,692,5,51.69,CDI,Licence,Propriétaire,Bon,Immobilier,1
31,21.24,7.35,70,584,6,23.17,CDI,Doctorat,Propriétaire,Mauvais,Immobilier,1
74,93.25,9.3,60,408,2,1.44,CDI,Licence,Locataire,Mauvais,Consommation,1
51,138.2,34.65,79,326,4,65.34,CDI,Doctorat,Locataire,Excellent,Automobile,1
70,38.94,34.12,6,354,6,49.31,CDD,Bac,Propriétaire,Acceptable,Automobile,1
74,15.95,6.49,43,432,0,78.21,Indépendant,Master,Locataire,Excellent,Immobilier,1
37,123.74,5.05,14,351,0,69.47,Indépendant,Licence,Locataire,Excellent,Immobilier,1
28,25.37,8.55,76,792,4,98.8,CDD,Bac,Locataire,Excellent,Consommation,0
33,70.85,39.33,22,597,8,51.03,Chômeur,Doctorat,Propriétaire,Excellent,Automobile,1
68,106.65,31.31,57,698,6,42.72,CDI,Doctorat,Propriétaire,Bon,Professionnel,0
48,46.97,6.72,23,317,0,28.67,CDI,Licence,Propriétaire,Bon,Professionnel,0
72,26.33,26.96,68,545,4,47.69,CDI,Doctorat,Propriétaire,Acceptable,Consommation,1
23,118.95,37.04,38,802,7,87.29,CDI,Bac,Propriétaire,Bon,Immobilier,1
73,100.07,44.1,9,388,7,4.24,CDI,Licence,Propriétaire,Mauvais,Immobilier,1
36,148.45,47.03,80,502,1,97.79,CDI,Bac,Locataire,Excellent,Immobilier,1
54,61.48,19.73,57,539,6,99.33,CDI,Bac,Locataire,Excellent,Professionnel,0
75,23.34,11.11,14,789,9,59.78,CDD,Master,Propriétaire,Acceptable,Immobilier,0
21,114.14,15.66,69,312,4,33.15,Chômeur,Licence,Locataire,Acceptable,Consommation,1
64,85.43,39.93,35,614,8,22.3,CDI,Bac,Locataire,Acceptable,Professionnel,1
78,43.78,48.72,13,497,2,27.65,CDI,Licence,Propriétaire,Bon,Consommation,0
21,120.53,25.99,10,542,0,5.01,Indépendant,Bac,Propriétaire,Bon,Automobile,1
37,42.51,18.74,81,806,3,47.51,CDI,Licence,Propriétaire,Excellent,Immobilier,0
27,50.19,24.31,68,342,6,5.73,CDI,Bac,Locataire,Bon,Immobilier,1
41,27.49,18.72,6,629,0,71.85,CDI,Master,Propriétaire,Bon,Automobile,0
71,68.92,16.54,20,728,1,37.19,Indépendant,Bac,Propriétaire,Bon,Professionnel,1
52,71.56,31.72,43,461,4,19.94,Indépendant,Licence,Propriétaire,Bon,Professionnel,0
43,84.47,5.71,47,734,8,54.49,CDD,Bac,Locataire,Acceptable,Immobilier,1
54,110.71,16.68,51,532,0,97.38,CDI,Licence,Locataire,Acceptable,Immobilier,1
55,137.32,34.76,58,410,3,69.51,CDI,Bac,Propriétaire,Bon,Automobile,0
38,33.59,6.44,31,531,2,49.17,CDI,Licence,Propriétaire,Bon,Automobile,1
71,22.34,8.74,66,572,4,77.69,Chômeur,Licence,Locataire,Excellent,Immobilier,1
57,17.5,18.2,72,340,4,73.75,CDD,Master,Locataire,Excellent,Automobile,0
56,34.39,44.5,59,765,9,89.17,CDI,Bac,Locataire,Acceptable,Professionnel,1
38,103.82,39.42,27,376,1,20.47,CDD,Master,Autre,Acceptable,Professionnel,0
27,113.21,6.0,31,789,4,85.89,CDI,Bac,Propriétaire,Acceptable,Automobile,0
55,121.18,27.58,65,416,8,30.1,Retraité,Bac,Propriétaire,Excellent,Automobile,0
63,47.9,17.36,44,733,4,94.1,Indépendant,Bac,Locataire,Mauvais,Immobilier,1
21,56.3,34.19,41,318,10,28.11,CDI,Bac,Propriétaire,Excellent,Consommation,1
77,80.22,37.47,26,495,9,92.68,Indépendant,Licence,Propriétaire,Acceptable,Immobilier,1
74,23.53,43.83,46,750,1,96.38,CDD,Doctorat,Propriétaire,Bon,Immobilier,0
62,97.5,26.39,53,724,6,14.55,CDI,Bac,Propriétaire,Excellent,Immobilier,1
37,147.8,49.75,31,693,5,97.45,CDD,Licence,Propriétaire,Bon,Automobile,0
34,63.71,49.1,68,583,6,8.57,CDD,Licence,Autre,Excellent,Consommation,0
72,116.63,44.7,82,333,7,21.86,CDI,Licence,Propriétaire,Bon,Professionnel,1
24,82.5,30.87,41,594,9,44.42,CDD,Licence,Propriétaire,Mauvais,Consommation,1
21,32.25,22.91,29,550,4,99.36,CDD,Master,Propriétaire,Bon,Consommation,1
46,93.6,21.4,26,638,1,48.86,CDI,Bac,Locataire,Bon,Immobilier,1
31,55.48,5.55,23,739,6,55.04,CDI,Master,Locataire,Acceptable,Automobile,0
20,19.64,16.21,20,479,6,69.44,CDD,Bac,Propriétaire,Bon,Consommation,0
41,100.72,37.35,84,527,7,96.83,CDI,Licence,Propriétaire,Bon,Automobile,0
54,130.96,32.16,11,322,6,78.34,Chômeur,Licence,Locataire,Mauvais,Immobilier,1
33,61.54,46.24,48,626,9,22.42,CDI,Licence,Propriétaire,Excellent,Consommation,1
75,67.69,7.25,36,453,6,30.3,CDI,Bac,Autre,Bon,Immobilier,1
72,135.29,11.99,33,445,8,9.76,CDI,Bac,Locataire,Acceptable,Immobilier,1
69,124.84,40.52,13,551,7,64.45,CDD,Bac,Propriétaire,Excellent,Automobile,1
21,111.52,21.13,34,601,1,18.07,CDD,Master,Locataire,Acceptable,Immobilier,1
73,48.59,10.33,26,369,1,25.74,CDI,Bac,Propriétaire,Bon,Automobile,1
79,137.88,49.84,63,842,6,88.81,CDI,Master,Propriétaire,Excellent,Automobile,1
41,35.85,40.43,65,392,9,32.68,Indépendant,Bac,Propriétaire,Bon,Immobilier,1
51,99.61,23.39,55,462,10,56.66,CDI,Master,Locataire,Mauvais,Professionnel,1
47,18.89,42.05,36,380,9,39.76,CDI,Licence,Propriétaire,Acceptable,Consommation,0
35,101.9,35.63,52,362,2,7.4,CDI,Bac,Propriétaire,Excellent,Immobilier,0
36,52.41,40.55,39,735,0,36.29,CDI,Doctorat,Propriétaire,Excellent,Consommation,0
48,75.71,41.68,7,347,8,40.81,CDI,Bac,Locataire,Bon,Automobile,0
77,61.61,8.81,72,744,2,89.57,CDI,Licence,Propriétaire,Bon,Consommation,0
77,38.32,33.03,77,373,0,32.45,CDI,Licence,Propriétaire,Acceptable,Consommation,0
36,98.97,5.31,57,841,5,37.92,Indépendant,Licence,Locataire,Mauvais,Immobilier,0
66,134.07,6.96,12,456,3,78.29,CDI,Doctorat,Locataire,Acceptable,Consommation,1
80,144.48,45.68,81,786,0,75.9,Indépendant,Master,Locataire,Bon,Consommation,1
63,40.97,28.74,24,565,3,79.83,CDD,Master,Propriétaire,Excellent,Immobilier,1
36,111.85,38.12,20,555,7,95.38,CDI,Doctorat,Locataire,Excellent,Immobilier,1
39,104.69,42.73,83,338,10,79.56,CDD,Licence,Propriétaire,Bon,Immobilier,0
41,61.36,47.73,53,354,6,40.76,CDI,Bac,Propriétaire,Bon,Immobilier,0
62,17.58,44.12,19,327,0,82.15,CDI,Master,Locataire,Acceptable,Immobilier,1
29,108.12,26.75,8,417,9,50.87,Chômeur,Licence,Locataire,Bon,Immobilier,0
47,142.64,20.12,55,669,8,27.77,CDD,Bac,Locataire,Excellent,Immobilier,1
75,100.34,11.95,59,508,5,30.29,Chômeur,Licence,Locataire,Bon,Immobilier,1
55,73.76,23.01,11,615,1,22.38,Indépendant,Master,Locataire,Mauvais,Consommation,1
70,85.9,21.49,54,692,2,14.5,CDI,Bac,Propriétaire,Acceptable,Professionnel,0
48,41.95,30.18,28,743,6,18.45,CDI,Master,Locataire,Excellent,Professionnel,0
53,116.32,34.95,83,558,2,6.32,CDI,Licence,Propriétaire,Acceptable,Immobilier,0
36,115.77,49.02,83,497,2,88.85,Indépendant,Bac,Locataire,Bon,Consommation,0
65,34.64,37.78,25,744,4,93.1,Chômeur,Master,Propriétaire,Bon,Professionnel,1
62,133.53,33.97,82,604,2,58.68,CDD,Doctorat,Propriétaire,Bon,Professionnel,1
53,51.34,20.08,65,638,2,84.05,CDI,Bac,Locataire,Bon,Consommation,1
47,147.6,6.55,50,828,10,18.36,CDI,Licence,Propriétaire,Bon,Consommation,0
72,66.69,17.97,66,353,4,90.17,Indépendant,Licence,Locataire,Acceptable,Immobilier,1
66,39.01,39.58,61,411,4,50.64,Chômeur,Master,Locataire,Bon,Immobilier,1
72,62.48,14.24,7,718,8,6.72,CDI,Bac,Propriétaire,Excellent,Automobile,1
50,74.42,37.05,50,604,0,14.13,CDI,Bac,Locataire,Bon,Immobilier,1
35,24.36,31.09,45,737,0,30.9,CDI,Master,Locataire,Acceptable,Professionnel,1
80,93.06,12.73,29,384,10,4.36,CDI,Licence,Locataire,Acceptable,Automobile,1
69,95.68,16.77,34,823,8,30.93,Indépendant,Licence,Locataire,Bon,Professionnel,1
66,114.76,27.33,72,551,4,5.99,CDD,Master,Propriétaire,Excellent,Consommation,0
76,18.94,23.83,73,425,3,23.6,CDD,Master,Propriétaire,Excellent,Automobile,1
45,88.07,40.04,71,704,1,26.57,CDI,Master,Propriétaire,Bon,Immobilier,0
76,22.14,38.05,59,603,8,99.44,CDI,Bac,Propriétaire,Excellent,Immobilier,0
64,109.65,30.86,58,327,5,23.55,CDI,Master,Locataire,Bon,Consommation,0
28,22.52,42.0,84,565,8,23.92,Indépendant,Master,Propriétaire,Acceptable,Consommation,0
74,138.08,30.32,54,351,4,68.68,CDD,Bac,Autre,Bon,Professionnel,1
77,109.78,48.4,37,810,3,85.94,CDI,Licence,Locataire,Acceptable,Immobilier,0
71,83.5,14.78,66,506,6,38.71,CDI,Bac,Propriétaire,Acceptable,Immobilier,0
62,74.6,37.14,47,810,4,87.56,CDI,Master,Propriétaire,Excellent,Immobilier,0
50,32.64,21.65,6,500,7,34.01,CDI,Master,Locataire,Bon,Immobilier,0
34,54.28,17.55,68,583,7,19.7,CDD,Master,Locataire,Excellent,Consommation,1
23,132.31,13.12,40,656,1,32.96,CDD,Bac,Autre,Acceptable,Immobilier,1
21,137.1,29.86,56,346,4,60.94,CDI,Licence,Propriétaire,Excellent,Automobile,1
37,15.1,14.7,76,436,9,36.71,Indépendant,Bac,Propriétaire,Bon,Automobile,1
65,95.21,14.02,50,429,7,67.29,CDD,Master,Locataire,Bon,Immobilier,0
64,112.11,49.57,82,494,2,23.69,CDI,Licence,Propriétaire,Excellent,Automobile,0
44,98.53,41.08,70,663,6,70.1,CDI,Bac,Locataire,Excellent,Automobile,0
32,26.03,38.67,19,731,2,34.74,Indépendant,Bac,Propriétaire,Bon,Immobilier,1
23,44.39,40.73,8,368,5,45.59,CDD,Licence,Locataire,Bon,Consommation,1
64,48.8,48.6,29,757,1,55.77,CDI,Licence,Propriétaire,Acceptable,Immobilier,0
31,127.28,30.8,70,839,5,68.62,CDD,Master,Locataire,Excellent,Automobile,0
77,77.53,14.91,53,634,5,23.87,CDI,Bac,Locataire,Bon,Professionnel,1
28,80.72,43.8,15,825,7,83.59,Indépendant,Licence,Autre,Bon,Consommation,1
56,141.21,38.42,18,315,4,72.18,Chômeur,Bac,Propriétaire,Bon,Automobile,1
26,101.01,23.64,78,755,0,23.41,CDD,Licence,Propriétaire,Bon,Consommation,0
43,136.32,26.31,19,809,7,97.5,Indépendant,Doctorat,Propriétaire,Bon,Consommation,0
33,76.63,23.51,15,508,8,66.48,CDI,Licence,Locataire,Acceptable,Immobilier,1
22,35.17,46.85,45,457,0,45.24,CDD,Bac,Locataire,Bon,Consommation,1
74,140.54,20.46,28,636,4,15.75,Indépendant,Doctorat,Locataire,Excellent,Automobile,0
69,76.93,48.36,60,540,5,53.32,CDD,Bac,Propriétaire,Bon,Consommation,1
78,39.52,45.96,68,357,3,16.48,CDD,Master,Propriétaire,Bon,Immobilier,0
27,55.82,33.37,76,604,10,42.95,Chômeur,Licence,Propriétaire,Bon,Professionnel,1
67,21.86,31.09,47,644,1,40.87,CDI,Bac,Propriétaire,Excellent,Automobile,1
20,78.22,21.65,71,313,4,71.99,CDI,Bac,Locataire,Excellent,Automobile,0
30,130.17,5.83,84,658,3,19.24,CDD,Bac,Propriétaire,Bon,Automobile,1
60,141.03,10.74,78,676,6,82.19,Indépendant,Master,Locataire,Excellent,Immobilier,1
66,140.9,38.94,52,542,5,32.61,Chômeur,Master,Locataire,Bon,Immobilier,0
47,31.91,26.22,57,444,2,44.4,CDD,Licence,Locataire,Acceptable,Immobilier,1
79,66.58,11.74,23,714,8,77.23,Indépendant,Bac,Locataire,Acceptable,Immobilier,1
71,18.81,16.88,84,693,3,62.54,Indépendant,Master,Propriétaire,Bon,Automobile,0
62,130.45,47.65,23,657,10,30.8,CDI,Licence,Locataire,Acceptable,Automobile,0
23,63.43,21.52,29,457,4,38.62,Indépendant,Licence,Propriétaire,Bon,Immobilier,0
34,100.2,45.85,28,317,2,30.58,CDI,Licence,Propriétaire,Mauvais,Automobile,1
76,111.51,18.71,17,646,7,59.48,CDI,Licence,Locataire,Bon,Immobilier,0
62,73.03,29.44,28,357,10,33.26,CDI,Licence,Locataire,Bon,Immobilier,0
68,56.37,5.92,26,454,6,72.57,CDI,Licence,Propriétaire,Excellent,Immobilier,1
70,144.9,28.48,69,786,10,57.98,CDI,Licence,Propriétaire,Bon,Automobile,0
36,145.21,33.66,77,830,10,14.57,CDI,Master,Locataire,Excellent,Immobilier,1
59,54.07,15.54,39,786,6,31.03,CDI,Licence,Propriétaire,Bon,Immobilier,0
52,79.75,31.05,7,450,7,22.14,CDI,Licence,Locataire,Bon,Automobile,0
63,146.33,34.12,74,658,6,39.03,CDD,Bac,Propriétaire,Mauvais,Immobilier,1
43,15.66,35.91,36,667,2,51.6,Indépendant,Master,Propriétaire,Mauvais,Automobile,0
68,70.71,39.94,73,346,2,50.68,Chômeur,Bac,Locataire,Acceptable,Immobilier,1
22,28.56,19.01,75,506,1,75.45,Indépendant,Bac,Locataire,Bon,Consommation,1
46,83.74,30.55,24,749,0,18.92,CDI,Master,Locataire,Acceptable,Consommation,1
54,18.33,49.17,77,782,4,94.65,Indépendant,Bac,Locataire,Acceptable,Professionnel,1
37,69.93,45.42,18,442,3,34.28,CDI,Licence,Propriétaire,Mauvais,Automobile,1
66,44.79,47.87,70,699,10,30.02,CDI,Doctorat,Locataire,Bon,Automobile,0
38,87.0,22.38,11,396,1,68.52,CDD,Licence,Propriétaire,Excellent,Professionnel,0
27,149.46,40.41,76,346,0,80.55,CDD,Bac,Locataire,Excellent,Automobile,1
22,123.07,32.9,32,490,2,37.85,Indépendant,Licence,Propriétaire,Mauvais,Automobile,1
53,129.16,8.72,84,439,5,74.68,CDD,Master,Propriétaire,Excellent,Automobile,1
23,100.76,42.08,57,530,1,88.37,CDI,Licence,Propriétaire,Bon,Automobile,1
43,20.61,35.47,53,639,9,76.68,Chômeur,Master,Locataire,Bon,Immobilier,1
21,42.92,13.95,84,790,6,3.42,CDD,Master,Propriétaire,Excellent,Consommation,0
79,139.88,8.59,73,348,10,82.74,Indépendant,Licence,Locataire,Mauvais,Professionnel,1
56,64.43,42.67,49,752,6,77.45,Indépendant,Master,Propriétaire,Bon,Immobilier,0
56,28.99,8.55,22,615,10,66.93,CDI,Licence,Propriétaire,Excellent,Consommation,0
67,109.82,9.11,43,621,2,76.0,CDI,Licence,Propriétaire,Mauvais,Immobilier,1
52,55.43,24.23,15,386,0,97.94,CDI,Licence,Propriétaire,Bon,Immobilier,0
18,51.3,11.07,59,773,8,43.11,CDI,Bac,Locataire,Acceptable,Consommation,1
41,149.73,46.12,11,581,10,6.72,CDI,Bac,Locataire,Bon,Immobilier,1
74,130.85,26.16,11,373,4,46.09,CDD,Licence,Locataire,Acceptable,Automobile,1
53,70.07,30.61,57,752,1,4.64,Chômeur,Licence,Propriétaire,Excellent,Immobilier,1
23,147.34,46.76,20,346,7,29.43,Chômeur,Licence,Locataire,Bon,Automobile,1
58,102.77,28.86,73,395,9,58.69,Indépendant,Master,Propriétaire,Bon,Automobile,0
71,115.17,20.91,62,330,9,30.96,CDI,Licence,Locataire,Mauvais,Professionnel,1
63,19.25,40.87,61,833,3,68.54,CDI,Master,Propriétaire,Excellent,Consommation,0
77,31.42,24.93,12,316,10,82.2,CDD,Master,Locataire,Bon,Immobilier,1
61,100.47,19.33,56,511,9,42.04,CDI,Licence,Locataire,Acceptable,Automobile,1
77,136.37,37.55,63,534,6,90.01,Indépendant,Licence,Propriétaire,Bon,Professionnel,1
74,99.21,41.07,69,691,4,7.98,Chômeur,Licence,Propriétaire,Bon,Consommation,1
48,33.09,40.63,31,653,2,84.01,CDI,Master,Locataire,Acceptable,Automobile,1
37,30.63,49.0,63,604,9,82.86,Indépendant,Bac,Propriétaire,Excellent,Automobile,1
41,128.97,40.4,36,849,7,32.2,CDI,Licence,Locataire,Excellent,Automobile,0
42,33.81,39.65,71,839,1,29.87,CDD,Bac,Locataire,Mauvais,Automobile,1
53,85.23,43.59,18,808,0,30.51,CDI,Bac,Locataire,Bon,Consommation,0
38,20.01,5.01,23,694,4,81.14,CDI,Licence,Autre,Bon,Immobilier,0
47,25.89,21.31,80,730,10,83.17,Indépendant,Bac,Propriétaire,Acceptable,Professionnel,1
41,105.77,38.19,18,476,3,32.97,Indépendant,Licence,Propriétaire,Excellent,Immobilier,0
61,108.04,31.99,29,705,10,59.26,CDD,Master,Propriétaire,Acceptable,Automobile,0
59,61.1,12.99,62,600,9,13.89,CDD,Doctorat,Locataire,Bon,Immobilier,1
47,44.11,18.67,34,744,6,46.88,CDD,Bac,Locataire,Acceptable,Automobile,0
39,124.85,20.16,61,426,8,99.88,Indépendant,Master,Autre,Bon,Automobile,1
45,44.31,30.55,59,648,5,15.88,Retraité,Master,Locataire,Excellent,Immobilier,1
24,88.17,42.42,10,320,10,94.76,Chômeur,Bac,Locataire,Acceptable,Professionnel,1
52,145.71,46.96,40,719,0,82.43,Indépendant,Licence,Autre,Bon,Automobile,1
72,34.96,38.75,24,451,7,97.22,CDD,Master,Propriétaire,Bon,Automobile,1
45,142.02,42.93,60,459,1,17.96,CDD,Bac,Locataire,Acceptable,Automobile,1
31,39.69,26.15,82,779,3,21.35,CDI,Master,Locataire,Bon,Immobilier,1
73,91.6,22.54,74,742,2,1.69,CDI,Licence,Propriétaire,Bon,Automobile,0
27,65.9,22.67,49,395,5,72.47,Indépendant,Bac,Propriétaire,Excellent,Immobilier,1
33,145.27,32.72,83,651,1,64.41,Indépendant,Licence,Propriétaire,Acceptable,Automobile,0
33,51.93,10.59,43,374,4,17.81,CDD,Licence,Locataire,Excellent,Consommation,1
71,68.95,31.08,67,658,10,79.11,CDI,Bac,Locataire,Mauvais,Immobilier,1
48,147.69,34.93,27,432,8,29.92,CDI,Licence,Propriétaire,Excellent,Automobile,0
59,87.42,24.75,78,699,2,13.5,CDI,Licence,Locataire,Acceptable,Immobilier,0
42,82.86,47.89,45,438,1,42.26,CDI,Licence,Propriétaire,Bon,Immobilier,1
30,49.8,32.37,31,545,1,9.1,CDD,Bac,Locataire,Excellent,Automobile,0
23,109.68,14.9,10,590,8,26.32,Chômeur,Master,Locataire,Bon,Immobilier,0
61,16.94,26.56,59,411,5,37.13,CDI,Licence,Autre,Excellent,Automobile,1
26,21.68,35.39,54,469,1,85.19,CDD,Master,Propriétaire,Excellent,Immobilier,1
62,95.91,19.56,8,539,2,79.25,CDI,Master,Locataire,Excellent,Professionnel,1
53,61.13,8.58,43,636,0,44.28,Retraité,Licence,Propriétaire,Acceptable,Automobile,1
73,143.7,31.25,19,437,1,72.46,Chômeur,Bac,Propriétaire,Excellent,Immobilier,0
60,136.93,47.65,52,535,1,56.86,CDI,Master,Propriétaire,Mauvais,Immobilier,0
37,111.35,26.83,19,302,10,34.08,Retraité,Master,Locataire,Excellent,Immobilier,0
35,125.45,45.77,80,415,1,72.59,CDD,Bac,Autre,Acceptable,Immobilier,1
75,105.09,42.58,78,771,6,68.35,CDI,Master,Locataire,Acceptable,Consommation,1
60,31.95,11.63,43,430,2,61.91,CDD,Bac,Locataire,Mauvais,Consommation,1
74,118.35,36.87,69,782,10,61.8,CDI,Bac,Propriétaire,Excellent,Immobilier,0
38,43.38,24.6,49,700,3,68.3,CDD,Licence,Propriétaire,Acceptable,Automobile,1
21,58.66,16.26,75,500,1,38.45,Chômeur,Bac,Locataire,Excellent,Automobile,1
67,125.6,35.91,70,591,4,86.91,Indépendant,Doctorat,Propriétaire,Bon,Automobile,0
50,87.43,38.42,30,641,8,16.23,CDI,Master,Autre,Acceptable,Immobilier,0
44,131.09,13.1,21,515,8,88.39,CDI,Licence,Locataire,Bon,Professionnel,0
24,43.76,46.15,20,665,6,34.23,CDI,Bac,Propriétaire,Bon,Consommation,1
23,97.05,38.8,8,768,7,12.5,CDI,Licence,Locataire,Excellent,Professionnel,1
80,26.31,47.0,72,717,4,60.0,CDI,Licence,Propriétaire,Excellent,Immobilier,0
32,101.81,19.27,42,326,4,37.6,CDD,Licence,Propriétaire,Excellent,Automobile,0
35,117.94,47.27,60,754,2,81.55,Indépendant,Bac,Locataire,Acceptable,Consommation,0
49,93.97,21.58,43,313,5,43.08,Indépendant,Licence,Locataire,Excellent,Consommation,1
73,50.94,7.43,68,397,0,66.86,CDI,Licence,Autre,Acceptable,Immobilier,0
28,19.23,39.33,6,578,2,30.83,CDI,Master,Propriétaire,Acceptable,Professionnel,1
37,31.13,36.66,76,789,10,20.95,CDI,Master,Locataire,Bon,Professionnel,0
41,99.01,31.91,24,506,1,38.8,CDI,Licence,Propriétaire,Acceptable,Immobilier,0
32,141.15,27.05,57,532,6,60.68,CDI,Licence,Propriétaire,Acceptable,Automobile,0
65,42.88,6.45,35,538,8,65.69,CDI,Bac,Locataire,Bon,Immobilier,0
24,114.23,33.11,60,549,3,57.82,CDD,Bac,Propriétaire,Bon,Consommation,1
38,131.97,23.76,19,605,6,98.81,Chômeur,Master,Locataire,Mauvais,Consommation,1
59,85.32,30.21,18,762,7,69.11,CDD,Licence,Locataire,Mauvais,Immobilier,1
43,105.35,24.32,32,535,9,93.15,Indépendant,Bac,Propriétaire,Acceptable,Immobilier,0
61,125.03,48.47,14,590,1,11.79,CDI,Licence,Propriétaire,Excellent,Immobilier,0
73,50.19,32.18,46,338,6,6.14,Chômeur,Master,Propriétaire,Bon,Immobilier,1
31,55.08,38.72,53,482,2,31.1,CDI,Licence,Locataire,Bon,Immobilier,0
74,15.08,47.14,17,329,7,13.66,CDI,Bac,Propriétaire,Acceptable,Automobile,1
54,145.02,31.62,15,687,5,52.59,CDI,Master,Propriétaire,Acceptable,Consommation,1
75,138.87,5.54,11,442,2,51.9,CDI,Licence,Locataire,Bon,Automobile,0
38,118.22,6.54,39,718,7,57.5,CDD,Licence,Autre,Acceptable,Automobile,0
35,25.68,36.61,57,373,10,74.52,Retraité,Bac,Locataire,Excellent,Immobilier,1
22,75.41,17.56,46,354,2,97.13,Indépendant,Master,Propriétaire,Acceptable,Immobilier,0
20,28.76,31.07,11,323,8,87.83,CDI,Master,Propriétaire,Excellent,Consommation,1
40,17.15,14.1,7,321,10,11.84,CDD,Licence,Locataire,Acceptable,Automobile,1
43,98.18,17.16,20,727,2,33.85,CDD,Bac,Locataire,Excellent,Immobilier,1
